text,label,source
the arbitrator may extend this time limit for an additional 30 days in the interests of justice.,legal,unfair_tos:189
"planned home leave trip i had planned to be going to london for a long weekend between feb 7 and 12 th for some family gatherings. absent any last minute emergencies, i am planning to make the trip. i will be reachable by cell phone and probably email sporadically. david",other,enron:14923
"(6) let any third person (except for a minor for whom you opened the account) play on your account including, but not limited to, using so-called `` power leveling services '', i.e. paying a third person for playing on your account; or",legal,unfair_tos:181
"re: various market data charges to the research group for february 2001 julie: i talked to both maureen and tanya and neither one want this service and have not been using it. maureen told me that she told you a year ago that she did not want telerate (when she was supporting gary hickerson's group on 30). if that is the case, we probably need a refund. let me know if there is anything that can be done about this. the only person in our group that wants telerate is jason sokolov and i put in a request for that yesterday. please cancel everything else. thanks! shirley from: julie pechersky / enron @ enronxgate on 04 / 09 / 2001 12: 33 pm to: shirley crenshaw / hou / ect @ ect cc: subject: re: various market data charges to the research group for february 2001 hi shirley, regarding telerate: i can cancel the service for both maurenn and tanya, but another name commonly used for the telerate application is bridge or bridgestation so you may want to just ask the two of them once more to be sure that they do not use it. just let me know and i will cancel billing jason can get access to it by submitting an e-request for him for telerate. when you go into e-request and it is prompting you for what application to choose, type in the words market data and hit search. telerate will pop up as an option and within that choose the role basic energy. we will take care of it from there. i will also remove hector campos from reuters. was there anyone else being charged for reuters services that are not needed? i will also remove clayton vernon. i do not see anything under the name brad amoine, is this the correct spelling of his name? i will also find out where shalesh's charges should be moved to. thanks for updating us and let me know if there is anything else. julie-----original message-----from: jackson, clifford sent: wednesday, april 04, 2001 1: 44 pm to: crenshaw, shirley cc: pechersky, julie subject: re: various market data charges to the research group for february 2001 hi shirley. i've copied this to julie pechersky, who maintains the market data database, and will be able to make the user changes you request. she'll also be able to tell you how / when telerate can be enabled for mr. sokolov. we get the billing data from her, so once it is correct there, it will be billed correctly. cliff jackson-----original message-----from: crenshaw, shirley sent: wednesday, april 04, 2001 1: 31 pm to: jackson, clifford cc: kaminski, vince subject: various market data charges to the research group for february 2001 clifford: in reviewing our february eis billing summary for co # 0413, cc # 107043, i have several questions. telerate: (february charges: $3, 032, 35) i polled the group and only one person has asked for telerate and he is not shown being charged for it. that is jason sokolov. he would like to have access to telerate. if you could let me know how to get that for him. the largest percent of the telerate charges appear to be for maureen raymond, who says t",other,enron:8953
"i'm sure you guys have seen most of this, but may pick up some storage information, etc. bush administration extends emergency supply orders despite recent indications that the bush administration would take a more hands-off approach to the california crisis, energy secretary spencer abraham late yesterday gave pg & e and southern california edison another two weeks of breathing room by extending emergency orders requiring gas and power suppliers to continue supplying the cash-strapped utilities. the emergency gas order now expires at 3 a. m. (est) feb. 7. in granting the extensions, abraham urged the state to get to work to solve its own problems. he said only california can implement the policies necessary to resolve the short-term and long-term supply challenges. "" our action today is designed to give the governor, the california legislature and other relevant parties the time to take necessary action. i strongly urge the parties to act immediately, "" said abraham. he also said he was keenly aware that other western states have expressed concerns about their own supply situation and the impact the order is having on power prices in their areas. despite the action, pg & e said it still is having trouble getting gas suppliers to comply with the emergency order originally issued jan. 19. "" the gas supply situation is [not good], "" utility spokeswoman staci homrig said yesterday afternoon. "" we are quickly depleting our storage. even under the order, j. aron & co. [a subsidiary of goldman sachs] has not delivered gas. they represent about 9% of our daily needs (1. 5 bcf / d in january). "" oh yeah, we've been in contact with them, "" she said. "" we've been in contact with the doe, too. the other two suppliers who had stopped delivering gas to us last week have made gas available to us under the order. they are sempra energy trading and western gas resources. "" homrig said pg & e expected doe to take legal action against those who didn't resume deliveries. the order applied to 27 gas suppliers, all of which supplied gas to pg & e within the last 30 days. "" there's not a lot i can say, "" said j. aron spokeswoman kate baum. "" j. aron has always complied with the law and we intend to comply with this order. that's my statement. i can neither confirm nor deny anything else. "" meanwhile, other suppliers who were not among those on the doe's list, were staying as far away from california as possible. "" all i know is we're not selling in california any more. a person could get fired around here for doing that, "" said one marketer. "" all we had in california were a few spot deals that expired at the end of december. needless to say we didn't re-up them. "" without the doe's order, pg & e would be back where it was last week, with some suppliers stopping delivery, others planning to stop at the end of their contract terms and most suppliers unwilling to sell additional gas to the utility. pg & e has said it has enough gas in storage to make up for the lost sup",other,enron:28399
your email thank you for your email. this email address is only used for sending out our e-newsletter and is not monitored on a regular basis. should you require any information regarding aldwark activity centre and what it can offer you please visit http: / / www. aldwark. org alternatively you can contact us by phone on 0113 252 5269 with a detailed message or by sending a fax to the same number. kind regards aldwark e-newsletter editor t: 0113 252 5269 w: www. aldwark. org,marketing,enron:27268
"named derivatives exchange of the year named derivatives exchange of the year atlanta, ga (january 23, 2002) -, one of the world's most liquid and fastest growing commodity marketplaces, has been named derivatives exchange of the year for 2002 by risk magazine. the risk awards recognize excellence and innovation in the fast-changing risk management and over-the-counter derivatives businesses. intercontinental was selected for its phenomenal performance in 2001 in light of the difficult year experienced by many trading platforms in the global energy sector. "" the intercontinental organization has experienced a tremendous year, "" said jeff sprecher, ceo of, who was also recently named as one of the top entrepreneurs of 2001 by businessweek magazine. "" to be named derivatives exchange of the year is a testament to the extremely talented group surrounding me at intercontinental, who are successfully advancing a very powerful business model. "" intercontinental experienced tremendous growth and reached numerous milestones in 2001. with the acquisition of international petroleum exchange of london (ipe), europe's leading energy futures and options exchange, ice added a broad range of exchange-traded energy-based futures and options markets to its extensive roster of energy and metals-based over-the-counter (otc) derivatives markets. in august 2001, intercontinental signed an agreement to offer optional clearing services to its otc market participants with the london clearing house (lch). with this service, intercontinental will be uniquely positioned to offer market participants the option to utilize clearing services for global energy and metals transactions. coupled with the july 2001 closing of its acquisition of the ipe, intercontinental will be the world's first exchange organization to offer a full spectrum of risk management products ranging from traditional bi-lateral otc agreements to cleared otc products to exchange-traded futures and options on futures. the past year also saw intercontinental make its move into the european otc gas and power markets with the introduction of markets for uk natural gas-related products in december 2001. to support this expansion, ice entered into agreements with a number of leading firms engaged in the sale and trading of uk natural gas. in addition to expanding its product offerings in 2001, intercontinental experienced rapid and substantial growth. the past year saw intercontinental increase the number of participating firms and users by more than 400%. equally impressive, the number of trades executed on the exchange grew 15 fold over that same period. intercontinental will receive the award at the risk awards presentation dinner on february 28 th in new york. the proceeds of the dinner will go to risk waters group world trade appeal fund. about is one of the world's most liquid and fastest growing electronic commodity marketplace, owned by over 100 of the world's leading energy and metals traders, brokers a",other,enron:29056
"earn a 6 figure income online!-100% automated system! our completely automatic marketing concept can start you on your way to financial independence. this is easy to learn and has attainable income of 100 k this year. our program allows you to work in your own house, even while you're resting since it is fully automated and working for you. this could be your passport to freedom from financial worries. immediate cash flow of 1000 us per sale and frequent referrals. putting in long hours looking for perspective clients is a waste of your time; our system will locate and educate them so you can close the deal. it's your life, why are you wasting it working long hours for someone else. take back your life and learn how our members find time to enjoy life. your financial fitness is in your hands. make the decision to learn how to make 100 k a year starting today. 6 minutes is all it takes to be more informed. how this works is explained during this informational video. 1000? 20, 000? 100, 000? how much would it take to change your life and get you out of financial worries? the decision is yours to make-will it be now or later? learn more by watching our video! please copy and paste the following link into your browser to learn more. go here for web site-- > > profounduseritem. com / gr / here for more information or to un-subscribe or to see our address. the sun struck the polished surface of the traveling machine which was attached to rob's wrist and made the metal glitter like silver. this attracted the eyes of the tallest turk, who stooped down and stealthily unclasped the band of the machine from the boy's outstretched arm then, after a hurried but puzzled examination of the little instrument, he slipped it into the pocket of his jacket",marketing,enron:32324
"re: how are we doing on the contracts? crandall done badeer done swerzbin submitted comments on monday; feedback will be given to him today-some met some not; mike's comments on our feedback due on monday; should be in a position to execute next week. heizenrader is good on numbers and still talking language. final issues relate to language about breaking laws or regulations and all of the accusations that are out there about enron and it's employees breaking laws and regulations. michele cash has talked to sanders and haedicke about this stuff. tim h., michele, amy fitzpatrick (hr generalist in pdx) and i met today. we think that we have arrived at language that will work for everyone. ball is in michele's court to turn another draft around to us. belden-i am good on the numbers. i have have concerns about indemnity against california and west power related lawsuits. i also want to formalize the arrangement that i have with haedicke with respect to enron covering my legal fees associated with the west power investigations. michele is going to take a cut at some language. she also needs to convince me that i am covered by the directors and officers indemnifications which are part of enron's bylaws and delaware law. richter-he's been lame about giving me his comments. i've been lame about riding him on it. i will do that today. wolfe-greg currently is considering offers from calpine, aep, and enron. aep is offering significantly more money. greg needs to decide where he wants to work and who he wants to work with. there is a very real chance that we lose him. however, we've shown his a great bid, so we will just have to get by if he leaves for a lot of money. when i say a lot, he is talking about guaranteed 600 k per year, roughly. motley-has declined our offer. the total numbers looked good, but he doesn't like enron options. if we took his option value and put it into cash or restricted stock he would be done. i mentioned it to john and he didn't want to do that. on the one hand, if that will get him done i think that it's a great outcome. on the other, we showed him some good numbers and i respect the fact that john wants to keep things consistent. tough call. he did mention that if enron's treasury department would let him gamma trade his options withodd lots and no margin requirement that he would take the options. he has a legitimate point that he has no way of assuring that he can achieve the value of the options. it's also very hard to argue with an options trader on this point.-----original message-----from: kitchen, louise sent: thursday, july 26, 2001 11: 23 am to: belden, tim subject: how are we doing on the contracts? keep hearing silence.............................",other,enron:12307
"any notice to be given under the terms of this agreement shall be in writing and addressed to the company at its principal canadian corporate office to the attention of the secretary, and to the executive at the address last reflected on the company’s payroll records, or such other address as either party may hereafter designate in writing to the other. any such notice shall be delivered in person or shall be enclosed in a properly sealed envelope addressed as aforesaid, registered or certified, and deposited (postage and registry or certification fee prepaid) in a post office or branch post office regularly maintained by canada post. any such notice shall be deemed given only when received, but if the executive is no longer employed by the company or a subsidiary, such notice shall be deemed to have been duly given five (5) business days after the date mailed in accordance with the foregoing provisions of this section.",legal,ledgar:193
"yesterday's power outage as you are painfully aware, we had a power outage wednesday morning in the enron building. this outage was caused by localized structural failure of the raised floor in our 34 th floor data center. this resulted in disruption to the power distribution system servicing the phone switch and a number of ena servers. as a cautionary move, enron online was interrupted while the extent of the failure was assessed, resulting in the system being unavailable from 11: 23 to 11: 39. all enron building telephones and voicemail were unavailable for approximately one hour and 20 minutes and certain ena trading systems were unavailable for over two hours. during this time the power was stabilized and systems were restored. immediate steps are being taken to correct this problem. we apologize for this inconvenience. if you have any questions in regard to this outage, please call philippe bibi at x 37698 or bill donovan at x 35459",other,enron:6369
austin: let's build someting new. join the largest online real estate investing platform. learn more crowdstreet,marketing,ads:1430
"apple is not responsible for addressing any claims by you or any third party relating to the service or your possession and/or use of the service, including, but not limited to: (1) product liability claims; (2) any claim that the service fails to conform to any applicable legal or regulatory requirement; and (3) claims arising under consumer protection or similar legislation.",legal,unfair_tos:131
explore disciplined opportunities freddie mac single-family credit risk transfer,marketing,ads:4479
"for some trials, we 'll require you to provide your payment details to start the trial.",legal,unfair_tos:150
"genuine value caring service. every family. every day. mmo established 1970 ladusau-evans funeral home and crematory and crematory of enid phone (580) 233-1400 2800 n. van buren enid, ok 73703",marketing,ads:3162
instant logo maker gaming logos clothing brands sports teams ar animated logos youtuber logos cowouts cand mores placeitbyderwato create now,marketing,ads:4887
"greeting from charles dear molly: happy new year! haven , t talked to you for a while, hope you and your family had a great holiday. i can , t believe we are already in 2001! i remember we had talk last december, and you were basically waiting for the response from vince, have you heard anything back from vince yet? since we are already in january, i really hope we can move forward. if you have any questions, please feel free to call me at 918-409-4308. thank you. sincerely, charles do you yahoo!? yahoo! photos-share your holiday photos online! http: / / photos. yahoo. com /",other,enron:8117
6 kotaku australia podcast with david and ruby the biggest gaming news of the week,marketing,ads:3349
"butler county 2022 free butler county, pa visitor guide request your copy today!",marketing,ads:5131
"the execution, delivery and performance by the borrower of this agreement, and of the other subordinated loan documents to which it is a party (a) do not require any consent or approval of, registration or filing with, or any action by, any governmental body, except those as have been obtained or made and are in full force and effect, (b) will not violate any applicable laws applicable to the borrower or any of its subsidiaries or any judgment, order or ruling of any governmental body, (c) will not violate or result in a default under any indenture, material agreement or other material instrument binding on the borrower or any of its subsidiaries or any of its assets or give rise to a right thereunder to require any payment to be made by the borrower or any of its subsidiaries and (d) will not result in the creation or imposition of any lien on any asset of the borrower or any of its subsidiaries, except liens (if any) created under the subordinated loan documents.",legal,ledgar:291
cotosen-up to 50% off shop now >> —,marketing,ads:1962
"the agent may declare any and all of the obligations to be immediately due and payable; and, in addition to that right, and in addition to exercising all other rights or remedies, the agent may proceed to exercise with respect to the collateral all rights, options and remedies of a secured party upon default as provided for under the uniform commercial code (“ ucc ”).",legal,ledgar:131
"proposal dear customer, be the very first listing in the top search engines immediately. our company will now place any business with a qualified website permanently at the top of the major search engines guaranteed never to move (ex: yahoo!, msn, alta vista, etc.). this promotion includes unlimited traffic and is not going to last long. if you are interested in being guaranteed first position in the top search engines at a promotional fee, please contact us promptly to find out if you qualify via email at search 9 @ speedy. com. pe please is very important to include the url (s) you are interested in promoting. this is not pay per click. examples will be provided. sincerely, the search engine placement specialists if you wish to be removed from this list, please respond to the following email address and type the word  remove  in your subject line: search 6 @ speedy. com. pe",marketing,enron:25854
"re: new rc for sally beck's southern cone risk management group rc 102757 has been set up on co. 0011 for the southern cone risk management group of employees reporting to scott mills within sally beck's global risk management organization. it will roll up under aczstaff. 0308. please transfer the following people from rc 100012 to this new rc effective january 1, 2000: jana morse 458-15-4343 juana fayett 633-03-2671 christine garcia 451-81-1732 sarah j. smith 059-56-6541 if you have any questions, please call me. if you believe anyone else needs to receive this e-mail, please forward to the appropriate people. thanks. lisa cousino x 3-6343",other,enron:22739
"best premaid logos good morning, do you need a professional yet inexpensive logo? we offer high guality premade iogos at an increadibiy iow price. choose a desiqn you like most from our huqe design gallery, and instantly download it in editabie source fiies that are suitabie for your stationery, website, and promo materials. this is a qreat chance for you to create a professional image of your company or website at only a nominal fee. you can even create a new revenue stream for your business by offering our logos to your own clients. we look forward to hearing from you soon. sincerely, wade small our logo gallery please click here to remove from this list",marketing,enron:29245
your viber credit balance will be recharged with the same amount and by the same payment method you initially designated when you registered your account every time your viber account balance goes below the threshold set by viber from time to time.,legal,unfair_tos:128
"http: / / www. shackleton. net hello, i have visited www. shackleton. net and noticed that your website is not listed on some search engines. i am sure that through our service the number of people who visit your website will definitely increase. seekercenter is a unique technology that instantly submits your website to over 500, 000 search engines and directories-- a really low-cost and effective way to advertise your site. for more details please go to seekercenter. net. give your website maximum exposure today! looking forward to hearing from you. best regards, vanessa lintner sales marketing www. seekercenter. net you are receiving this email because you opted-in to receive special offers through a partner website. if you feel that you received this email in error or do not wish to receive additional special offers, please enter your email address here and click the button of remove me:",marketing,enron:25742
"t. j. mcreynolds sally, this resume was sent to me by one of the recruiters we use. i thought you might be interested in him because of his current position at dynegy. susan---------------------- forwarded by susan harrison / hou / ect on 06 / 14 / 2000 03: 26 pm---------------------------"" steve tinsley "" on 06 / 05 / 2000 04: 24: 40 pm to: cc: subject: t. j. mcreynolds susan,? i have known t. j. for several years and his is interested in working for enron.? do you know if there is a position available at his level? should i snd his resume to anyone else at enron?? please advise.? thanks, steve-t. j. mcreynolds @. doc",other,enron:22935
focus your heart on jesus christ with an easter devotional by billy graham get your free resource billy graham evangelistic association always good news. €2023 bgea,marketing,ads:3570
"agenda for transmission roundtable on wednesday, january 24, 2001 sorry everyone, i guess i am having my monday morning today. here are the attachments.---------------------- forwarded by anita dupont / na / enron on 01 / 23 / 2001 09: 52 am---------------------------anita dupont 01 / 23 / 2001 09: 56 am to: robin. kittel @ enron. com, bill. rust @ enron. com, steve. walton @ enron. com, ron. tapscott @ enron. com, jeffrey. wilson. enron. communications @ enron. com, sevil. yaman @ enron. com, vasant. shanbhogue @ enron. com, tom. dutta @ enron. com, walter. coffer @ enron. com, vkamins @ enron. com, lloyd. will @ enron. com, martin. lin @ enron. com, christi. l. nicolay @ enron. com, george. hopley @ enron. com, fred. mitro @ enron. com, debbie. chance @ enron. com, patrick. hansen @ enron. com, steve. olinde @ enron. com, madhup. kumar @ enron. com, robert. kraszewski @ corp. enron. com cc: lance. cunningham @ enron. com, shirley crenshaw / hou / ect @ ect subject: agenda for transmission roundtable on wednesday, january 24, 2001 please review the attached agenda for tomorrow's transmission roundtable and let me know if you have any additions or changes. also, please bring to the meeting a hard copy of the attached december 8 meeting notes. thanks. regards, anita",other,enron:8311
"cokinos / tri-c april elections melissa / darren global contract # 96045720 cokinos / tri-c has elected to price their production for the month of april 2001 as follows: 4, 000 / d, 97% if / hsc all production in excess of 4, 000 / d priced 97% gas daily thank you, michael",other,enron:2908
touchuprx automotive paint chip repair easy diy automotive paint repair. blob-free. guaranteed. learn more,marketing,ads:1572
"re: my order is actually future p \ l based. if it wasn't in enron n. a. i would put calger way higher. ie-if it was pulp and paper and i knew that we wouldn't have the opportunity to trade size, chris would be in the top 3. maybe 1. but in this market we need to have the people who can make over 100 mm every year. just thinking.-----original message-----from: kitchen, louise sent: sat 10 / 13 / 2001 11: 58 am to: lavorato, john cc: subject: re: i didn't get a copy of dave's email but a few comments and i attach a compromise ordering. i added to your file schoolyard. our differences are: me-don miller, joe deffner, chris foster you-zipper, ermis, aucoin i would put them all ahead of bernie however i have no data points apart from p & l on nothing with frank so i can't comment on him.. not huge differences in order, apart from your slant on canadians! the main issue with yours is calger behind benson and zufferli (and even maybe dana), he's a future leader of this organisation. your ordering is very p & l based. are we supposed to cover wes or will causey? i added to your file schoolyard. speak to you later. louise belden arnold presto shively sturm swerzbin calger davis, dana benson milnthorp zufferli herndon motley davies martin grigsby tycholiz richter black luce allen devries wiggs duran storey arora zipper foster ermis or miller gonzales-----original message-----from: lavorato, john sent: saturday, october 13, 2001 9: 56 am to: kitchen, louise subject: i think we have 3 that are on my list and not on yours. we have big differences in order. i'm very concerned about this process. i'll send you dave's email and you might understand why. call me or resend me an email. john",other,enron:13260
price changes for paid subscriptions will take effect at the start of the next subscription period following the date of the price change.,legal,unfair_tos:41
"make your rivals envy lt is really hard to recollect a company: the market is full of sugqestions and the information isoverwhelminq; but a good catchy logo, stylish statlonery and outstandlng webslte wiii make the task much easier. we do not promise that having ordered a iogo your company wili automaticaiiy become a worid ieader: it isquite ciear that without qood products, effective business organization and practicable aim it will be hotat nowadays market; but we do promise that your marketing efforts will become much more effective. here is the list of clear benefits: creativeness: hand-made, original logos, specially done to reflect your distinctive company image. convenience: logo and stationery are provided in all formats; easy-to-use content management system letsyou change your website content and even its structure. promptness: you will see logo drafts within three business days. affordability: your marketing break-through shouldn't make gaps in your budget. 100% satisfaction guaranteed: we provide unlimited amount of changes with no extra fees for you to be surethat you will love the result of this collaboration. have a look at our portfolio _ _ _ _ _ _ _ _ _ _ _ _ _ _ _ _ _ _ _ _ _ _ _ _ _ _ _ _ _ _ _ _ _ _ _ _ _ _ _ _ _ _ _ _ _ _ _ _ _ _ _ _ not interested... _ _ _ _ _ _ _ _ _ _ _ _ _ _ _ _ _ _ _ _ _ _ _ _ _ _ _ _ _ _ _ _ _ _ _ _ _ _ _ _ _ _ _ _ _ _ _ _ _ _ _ _",marketing,enron:10593
"professional advertising dear projecthoneypot @ projecthoneypot. org: email is the best grow tool. we offer marketing with quality services. 1. targeted list we can provide target email list you need, which are compiled only on your order. we will customize your client email list. * we have millions of lists in many categories. 2. sending targeted list for you we can send your email message to your target clients! we will customize your email list and send your ad for you. * we also offer hosting & mailing server. regards! jone marketing team kzl 789 @ 56. com no and bye: bpserver @ hotmail. com",marketing,enron:26264
"represtative needed from the desk of mr adrian harvey chief consulting officer united trusty import and export company pretoria, south africa. ref number: ref: seit / 26510460037 / 02 dear sir / madam, i am mr. adrian harvey, chief consulting officer of united trust import and export company, we are company that deal on mechanical equipment, hardware and minerals, electrical products, medical chemicals, light industrial products and office equipment and other raw materials export into asia, canada / america and europe. we are searching for representatives who can help us establish a medium of getting to our costumers in asia, canada / america and europe as well as making / receiving payments through you to us. please if you are interested in transacting business with us we will be glad. the work of the representative is to pay out cash received from our company to customers we are owing and also to receive cash from customers we have supplied goods wanting to pay our company. in this regards, you will after verification from us, will pay or accept cash on our company ` s behalf. please contact us for more information; note that, as our representative, you will receive 5% of whatever amount you receive / payout for the company and the balance will be paid into an account we will make available to you. please, to facilitate the conclusion of this transaction if accepted, do send me promptly by email the following: (1) your full names, (2) contact address (3) your tel / fax numbers thank you for your time. thanks in advance mr. adrian harvey. chief consulting officer.",marketing,enron:21817
freightwaves insurance & claims management sponsored by reliance partners read articles,marketing,ads:764
"the eyes of texas newsletter... 9. 20. 00 brought to you by the ex-students ' association of the university of texas please feel free to forward this newsletter to a friend. it is free to all ut austin degree holders and members of the ex-student's association. comments? email us at comments @ alumni. utexas. edu please do not reply to this e-mail. if you'd prefer not to receive this e-mail newsletter in the future, click on the link below: university news: 1. new dorm opens 2. ut to increase internet accessibility 3. ut receives scholarship donation from nortel networks 4. ut turns 117 ex-students ' association news 1. membership campaign 2. home football games 3. away game trips and tailgate parties 4. membership benefits and services update 5. ut memory bank and moonlight prowl ut austin challenges national universities to increase internet accessibility: on wednesday, sept. 13, the university of texas at austin will kick-off the university challenge, a month long effort to increase the accessibility of the ut web site to all users, especially people with disabilities. for more about this story visit _ interneto 00912. html. ut announces $300, 000 scholarship donation from nortel networks: the university of texas at austin on monday (sept. 11) announced that it has received a $300, 000 donation from nortel networks. for more information go to _ nortelo 00911. html. celebration of ut austin's 117 th birthday begins friday with texas state flag ceremony and cake on south mall: a giant texas flag will be unfurled from the main building balcony on the south mall in celebration of the 117 th birthday of the university of texas at austin. to view media advisory, visit _ birthdayo 00911. html. _ _ _ _ news from the ex-students ' association: the ex-students ' association launches membership campaign: because the largest university in the country should have the largest alumni association, we launched our "" next level membership campaign, "" an ambitious attempt to double our membership in the coming months. if each of our longhorn faithful would tell just one fellow texas ex about how their membership supports the university, we could meet our goal overnight! sign up for membership now! go to http: / / www. texasexes. org / membership / membership _ options. phtml. if you have a texas exes chapter in your area, hook up with it and help spread the word. go to http: / / www. texasexes. org or call us at (512) 471-8839 to find out how to help us take the ex-students ' association to the next level. members only football pre-game party at alumni center: as a member of the ex-students ' association, you have access to the world's largest tailgate bash at the alumni center before every home football game. doors open 2 hours before kick-off and will stay open 1 hour after the game ends. the texas cheerleaders will be here 2 hours before the game. food and drinks are available for purchase. members are permitted 2 guests, non members are $5 at the door. child",other,enron:23291
"(a) the borrowers jointly and severally agree to pay to the administrative agent for the account of the revolving banks a commitment fee, which shall accrue at the applicable margin on the daily unused amount of the revolving commitments of each revolving bank during the period from and including the date hereof to but excluding the date on which such revolving commitment terminates. accrued commitment fees shall be payable quarterly in arrears on each march 31, june 30, september 30 and december 31 of each year, commencing on the first such date to occur after the date of this agreement, and upon the date of termination of the revolving commitments in their entirety. all commitment fees shall be computed on the basis of a year of 360 days, and shall be payable for the actual number of days elapsed (including the first day but excluding the last day). for purposes of computing commitment fees, a revolving commitment of a bank shall be deemed to be used to the extent of the outstanding revolving loans and lc exposure in respect of such class of such bank (and any swingline exposure of such bank shall be disregarded for such purpose and no portion of the dollar revolving commitments shall be deemed utilized as a result of outstanding swingline loans).",legal,ledgar:166
"california update 9-20-2001 executive summary cpuc terminates direct access pg & e / socal bankruptcy developments direct access despite the information that a cpuc representative responded favorably to a vote-delay request sent by the state's major business interests, and pressure to delay the vote from governor davis, the cpuc effectively terminated direct access in a 3-2 vote. our estimates regarding the votes of commissioners brown, wood, and lynch did play out, as well as the cpuc's failure to pursue retroactivity for da agreements. the cpuc's move to carry forward the da vote is not a complete surprise, as president lynch has historically presided independently from pressure by governor davis. dismayed that the california legislature was unable to offer resolution, lynch and other commissioners felt obligated to provide direction and move the state forward in securing the state's economic base. note that da agreements signed within the last three months may still be held under review by the cpuc, though no official word has yet been issued. the cpuc also passed two measures that were preventing the progress of california's $12. 5 b bond sale. there is still no clear date as to when these bonds will be issued. socal / pg & e bankruptcies mirant and reliant (with mirant leading the push) are reported have approached several entities as potential third parties for a creditors committee to take sce into involuntary bankruptcy. the city of long beach has been approached, but we believe long beach will use its leverage as a potential third party creditor to negotiate an independent deal with socal for payment of debt. orange county, coram, and san gorgonio farms are also suspected to have been asked to sign the petition. contrary to rumor, it is not confirmed that dynegy is considering joining mirant and reliant. however, such a move by dynegy "" would be logical "" and note that dynegy funded, with mirant and reliant, recent polling research examining the public opinion effects of such a move. dynegy is reportedly discussing the possibility. we are attempting to determine socal's response to the pg & e filing, the mirant-reliant effort, and to try to pulse the likelihood and timing of a voluntary bankruptcy petition. per earlier media reports, pg & e just announced it is filing three months early of a reorganization plan with the court. we believe that the utility was motivated, in part, by its desire to scuttle any chance of a state mou with socal in the third special session of the legislature. the reactions of key lawmakers (burton, bowen, hertzberg, keeley), and of course the governor, will be important to watch. the key elements of pg & e's plan include: assumes all responsibility for debt. no state aid requested. the utility will be split into two, with a distribution company remaining under cpuc regulatory authority and the native generation spun off into a new company free of cpuc oversight but regulated by ferc. pg & e commits to provide ",other,enron:12932
"technical training at the houston energy expo!! technical training in conjunction with the houston energy expo 2001!!! march 20-21, 2001 hyatt regency hotel-downtown receive a free pass into the houston energy expo by signing up in march! we are offering: fundamentals of electricity basics of risk management natural gas-wellhead to burnertip there are only 25 spots in each class, so sign up today! go to www. nesanet. org, in educational programs each class is listed with details and a registration form. if you have any questions, please give me a call!! lana moore (713) 856-6525 fax (713) 856-6199",other,enron:28507
"enron files chapter 11 reorganization to all employees: this morning enron took a series of actions designed to stabilize our situation and preserve the value in our businesses:-- we filed voluntary petitions for relief under chapter 11 of the u. s. bankruptcy code. contrary to popular belief, this does not mean we are out of business. what it does mean is that we have entered into a court-supervised process by which we can continue to operate most of our businesses, reorganize our finances, and explore various strategic, operational and financial alternatives, including the sale of non-core assets, in an orderly manner.-- in connection with our filing for chapter 11 reorganization, enron is in active discussions with leading financial institutions for debtor-in-possession (dip) financing and expects to complete these discussions shortly. upon the completion and court approval of these arrangements, the new funding will be available immediately on an interim basis to supplement enron's existing capital and help the company fulfill obligations associated with operating its business, including its employee payroll and payments to vendors for goods and services provided on or after today's filing.-- we filed a lawsuit against dynegy, alleging breach of contract and other causes of action for dynegy's wrongful termination of our proposed merger. we are asking the court for damages of not less than $10 billion.-- we also announced this morning that we are in active discussions with various leading financial institutions about providing financial support to recapitalize and revitalize the company's wholesale energy trading operations under a new ownership structure. as contemplated, this recapitalized entity will be staffed with people from enron's current wholesale energy trading team, and will conduct counterparty transactions through enrononline. these are the first steps in a strategic restructuring process that will allow enron to meet its obligations to its creditors and preserve the value in our core wholesale energy trading business. from an operational standpoint, our energy businesses-including our pipelines, utilities and other energy assets-are conducting safe and normal operations around the world, and will continue to do so. as you know, the second and unavoidable part of our restructuring is to improve our financial position by implementing a comprehensive cost-savings program. this will entail a significant reduction in our work force. this is painful for all of us and our goal is for as many of you as is possible to know where you stand by the end of the day tuesday, though in some cases notification will take longer. for our friends and colleagues who will lose their jobs as part of this process, you will remain on the company payroll for now. in addition, we will submit a severance pay plan to the bankruptcy court for approval. this approval must be received before we can begin paying severance benefits. we will be providing more inf",other,enron:14220
this agreement shall be construed in accordance with and governed by the laws of chile.,legal,ledgar:213
grow your site revenue monumetric get started,marketing,ads:2333
"challenge 422 park point thursday, july 13 | 6:30 p.m. free kids races kids 12 & under register at grandmasmarathon.com m.i.l.e.r",marketing,ads:5883
"the language of the terms will seem legal (basically, because they are) but we still tried to make them as simple as possible for you to read, so that we are sure that you knowingly choose to enjoy our services under these binding terms (which actually constitute a binding agreement between viber media s.a r.l. and yourself).",legal,unfair_tos:185
j.me black friday sale up to 70% off shop now,marketing,ads:250
"commercial support for tokyo joe-i spoke w / fernley dyson, cao for ee and barry's current boss, and he's supportive of barry's transfer to our region to lead the accounting / commercial support efforts for your tokyo office. i also spoke with barry, and he's excited as well. i think it's a done deal. scott / michael-i told barry one of you would contact him tomorrow to discuss the next steps re: a more standard expat package (not the 6 month situation-causey approved a more standard longer term expat arrangement), and plans to move his family to tokyo. the issue we need to work out is transition, and i asked barry to discuss that with you directly, joe, and i told fernley we'd obviously be flexible but we'd like him sooner rather than later. barry indicated the guy that fernley just hired that barry was going to be reporting to is going to start towards the end of april. so i bet they're going to want some overlap there, which puts us into end of may before barry could really move. i think we should be able to accomodate this somewhat longer transition period with heidi's help and with carol from houston if necessary, plus i told barry we'd want him to make at least a couple of trips over to tokyo in the interim so he can start getting involved even before he moves over there. but it will be important for us to understand what specifically you want accounting to accomplish by the end of may so heidi and carol can plan how to support those efforts while not infringing on heidi's responsibilities and demands in sydney. meanwhile, i've asked hr to contact eugenio perez, sally's designee for the temporary risk position, to begin those discussions, and sally said she could address transition issues for him next week-she'll be in london (scott / michael-you should probably give her a call in the london office their monday afternoon). perhaps we can get eugenio over to tokyo earlier than barry. regards, cassandra.",other,enron:22702
"origin (1) origin ho: 00 origin spring water sourced from american springs for your table shop now learn more at drinkoriginwater.com ⓒ2023 blue triton brands, inc.",marketing,ads:4314
"the loan parties agree to promptly take such action, upon the reasonable request of the administrative agent, as is necessary to carry out the intent of this fourth amendment.",legal,ledgar:123
m cotosen 8 buy 3 get 4th 40% off,marketing,ads:1951
"http: / / www. wbm. us hello, i have visited www. wbm. us and noticed that your website is not listed on some search engines. i am sure that through our service the number of people who visit your website will definitely increase. seekercenter is a unique technology that instantly submits your website to over 500, 000 search engines and directories-- a really low-cost and effective way to advertise your site. for more details please go to seekercenter. net. give your website maximum exposure today! looking forward to hearing from you. best regards, vanessa lintner sales marketing www. seekercenter. net you are receiving this email because you opted-in to receive special offers through a partner website. if you feel that you received this email in error or do not wish to receive additional special offers, please enter your email address here and click the button of remove me:",marketing,enron:10698
"new extensions now only $14. 95 important information: the new domain names are finally available to the general public at discount prices. now you can register one of the exciting new. biz or. info domain names, as well as the original. com and. net names for just $14. 95. these brand new domain extensions were recently approved by icann and have the same rights as the original. com and. net domain names. the biggest benefit is of-course that the. biz and. info domain names are currently more available. i. e. it will be much easier to register an attractive and easy-to-remember domain name for the same price. visit: http: / / www. affordable-domains. com today for more info. register your domain name today for just $14. 95 at: http: / / www. affordable-domains. com. registration fees include full access to an easy-to-use control panel to manage your domain name in the future. sincerely, domain administrator affordable domains to remove your email address from further promotional mailings from this company, click here: 38 1201 hvli 9-661 pjwll 5",marketing,enron:9621
"each borrower and each subsidiary has good record and marketable title in fee simple to, or valid leasehold interests in, all real estate necessary or used in the ordinary conduct of its business (other than minor defects in title as could not, individually or in the aggregate, reasonably be expected to have a material adverse effect), and all personal property, including all property reflected in any financial statements delivered to agent or lenders, in each case free of liens except permitted liens. except disclosed on the survey delivered to agent as part of the related real estate documents, no eligible real estate is located in a special flood hazard zone, except as disclosed on schedule 9.1.8. each borrower and each subsidiary has paid and discharged all lawful claims that, if unpaid, could become a lien on its properties, other than permitted liens. all liens of agent in the collateral are duly perfected, first priority liens, subject only to permitted liens that are expressly allowed to have priority over agent’s liens.",legal,ledgar:201
"northeast spring membership mixer february 4, 2002 nesa members: attached is our northeast spring membership mixer to be held at macmenamin's south street seaport-nyc! > > other great upcoming events: feb. 20, 2002-storage ecomonics brown bag mar. 12-13, 2002-nominations thru allocation technical training mar. 18, 2002-charity golf tournament please visit our website www. nesanet. org for more information or you can call us direct (713) 856-6525. thanks! lana moore director or education nesa",other,enron:29093
"look! desparately seeking 100 lazy people.... who wants to make money this is not spam. thanks for posting to our promotional web sites. if you wish to no longer receive email from us at this email address, or if you feel you received this email in error please send an email message to solution 244 @ hotmail. com with "" remove "" placed in the subject line dear friend, we are desparately looking for 100 lazy people who wish to make lots of money without working. we are not looking for people who are self-motivated. we are not looking for people who join every ' get rich quick ' scheme offered on the internet. we are not looking for class presidents, beautiful people, career builders or even college graduates. we don't even want union workers or trade school graduates. we want the laziest people that exist-the guys and gals who expect to make money without lifting a finger. we want the people who stay in bed until noon. we want those of you who think that getting out of bed to go lay on the couch is an effort that is best not thought about. if you meet this criteria, go to this site and join free: in case you haven't figured it out yet, we want the kind of people who do not take risks. if you are the kind of person who will consider doing something that's not a ' sure thing ', then do not respond. this is too easy a way to make money and there's no challenge in it. if you can get to the website, you will be able to see the first home business in history that requires no work. none. by clicking on this link and going to this website, you will be aknowledging the fact that you want to make enough money that you can quit your regular job and sleep all day. we are not looking for a commitment from you and we don't even want your money. as a matter of fact, we don't even want you to hear from us again if the idea of making lots of money without working does not interest you. so if nothing else, remember this-to make money without working for it just "" join free "". simple as that. we look forward to hearing from you. in all seriousness, this is not a "" no work "" program that will make you money without lifting a finger. advertising effectively requires work and plenty of it. oh, for sure, it's not like picking cotton under a broiling sun, but it is work, nonetheless. and we do want peoples ' money only when they see the value of our products, services and upgrades. we look forward to hearing from you. cordially your lazy friend, theresa brown we have 10 extremely targeted safe-lists for you to use daily in your advertising campaign! this is spam-free, worry-free advertising at its best! get your promotion to prosperity & peace sow a seed and god will meet your need! give to your local charitable organization life in the word www. joycemeyer. org success begins in the mind! * * * make it a great day * * *",marketing,enron:9756
enchant nov 26-jan 2 the world's largest christmas light maze at nationals park buy tickets wwww....,marketing,ads:2379
issuing of a warning to you;,legal,unfair_tos:197
"make your computer into selling machine!! cost effective direct e-mail advertisingwith guaranteed results!!!. promote your business locally, nationally, or internationallywe can send your ad or website out to millions of our opt-in list of clients. click here and send us your contact information and best time to reach you. bulk email marketing is extremely effective. when we broadcast your message to our opt in email lists, you are targeting people who have requested to receive marketing information about the internets ' newest and best offers. dollar for dollar, bulk opt-in email marketing is the most cost effective way a company can produce revenues literally overnight. no market is more highly targeted and qualified. our bulk email analysts are experts-they know the importance of targeting your message to the right audience. contact us today to receive your complimentary marketing evaluation. or feel free to give us a call (954) 946-8206",marketing,enron:16369
"employee agrees, upon the company’s advance request, to reasonably cooperate with the company in any investigation, litigation, arbitration or regulatory proceeding regarding events that occurred during employee’s tenure with the company or its affiliate, including making himself or herself reasonably available to consult with company’s counsel, to provide information and to give testimony; it being understood that such cooperation will, if feasible, be scheduled in coordination with employee such that it not unreasonably interfere with employee’s then current business, employment and personal commitments. company will reimburse employee for reasonable out-of-pocket expenses employee incurs in extending such cooperation (including his legal fees and expenses incurred if the company and employee agree in good faith that he needs to retain independent counsel in order to provide such cooperation), so long as employee provides advance written notice (if reasonably feasible under the then prevailing circumstances) of employee’s request for reimbursement and provides satisfactory documentation of the expenses. nothing in this section is intended to, and shall not, restrict or limit the employee from exercising his or her protected rights in section 2 hereof or restrict or limit the employee from providing truthful information in response to a subpoena, other legal process or valid governmental inquiry.",legal,ledgar:63
mckesson delivering medical supplies for the government. learn more,marketing,ads:4374
"matthew patteson, inventor cindy, this is our preliminary review of the documentation sent by mr. patteson. one more person will take a look at it. vince---------------------- forwarded by vince j kaminski / hou / ect on 10 / 25 / 2000 03: 13 pm---------------------------stinson gibner 10 / 25 / 2000 01: 16 pm to: vince j kaminski / hou / ect @ ect cc: zimin lu / hou / ect @ ect, kevin kindall / corp / enron @ enron subject: matthew patteson, inventor vince, after reviewing the documents furnished by mr. patteson, i do not feel that enron should consider engaging in any testing, development, or licensing of his proposed generator for the following reasons: 1. enron is not currently in the business of developing or manufacturing electrical generation equipment and does not plan, as far as i know, to enter this business. the one exception is our ownership in entities developing wind and solar, renewable energy. 2. enron does not have the proper facilities or expertise to test or develop mr. pattesons proposed generator. 3. there could be substantial risk in testing this generator as it would involve boiling of a flammable material under pressure. 4. i do not believe that the proposed generator will produce any significant quantity of electrical power. the generator produces power by induction. that is, electric current is induced by a changing magnetic field. the mechanism powering the changing magnetic field is the movement of magnetic dipoles which are suspended in a boiling medium. as the boiling will produce a somewhat random movement of the liquid, the "" movement "" or change in the magnetic field will be highly random and thus not suitable for producing a steady or reliable electrical current. i have asked martin lin to also review the documents to render an independent opinion of this proposal. respectfully, dr. stinson gibner phd. physics vp research, enron north america p. s. kevin and zimin: if you have any interest in reviewing mr. patteson's proposal, please let me know.",other,enron:7380
blackvue dash cameras all-in-one 4k uhd fidelity and lte connectivity blackvue dr 970 x lte series learn more 4k lte 4k 4g uhd lte,marketing,ads:2981
"rdi project michelle, cecil and david's code was correct but could not match ken's spreadsheet output due to a slight mis-specification in ken's excel spreadsheet. the code was then modified to conform with ken's specification and results very close to that of ken were obtained. as of now ken's modifying his spreadsheet to re-run the results, the original correct code will be restored, and we will see what happens then. anyway this is rather encouraging. best, alex",other,enron:8522
"ea event master schedule attached is the enron americas master schedule of events for 2001. the approval process that was established in ea has enabled my department to easily track event costs and provide overall savings by leveraging the fees for items such as hotel rates, audio / visual, transportation and printing charges. i will update this schedule after each quarter. please let me know if you have any questions or require additional information. thanks. dorie hitchcock event manager enron 1400 smith street suite 3640 a houston, tx 77002 telephone: (713) 853-6978 fax: (713) 646-5800 cell: (713) 594-7093 e-mail: dorie. hitchcock @ enron. com",other,enron:12251
mcclatchy staffing solutions are you recruiting? we have solutions! click here,marketing,ads:6658
"this agreement, the ancillary agreements and the documents, instruments and other agreements specifically referred to herein or therein or delivered pursuant hereto or thereto, including all exhi bits and schedules hereto and thereto, constitute the entire agreement of the parties hereto with respect to the subject matter hereof and supersede all prior agreements, term sheets, letters of interest, correspondence (including e-mail) and undertakings, both written and oral, between seller on the one hand, and buyer on the other hand, with respect to the subject matter hereof.",legal,ledgar:129
start date: 12 / 25 / 01; hourahead hour: 8; start date: 12 / 25 / 01; hourahead hour: 8; no ancillary schedules awarded. no variances detected. log messages: parsing file-- > > o: \ portland \ westdesk \ california scheduling \ iso final schedules \ 2001122508. txt,other,enron:17449
"attempt to decipher, decompile, disassemble, or reverse engineer any of the software used to provide the services or content ;",legal,unfair_tos:118
"re: culture committee next steps i am game for gathering the group. can you give me a list of the names of the individuals? any other words of wisdom-- as i am still a bit confounded by the point of the exercise. do you have time for lunch one day or could you give me a quick ring? best of luck on your upcoming project. it is definitely the best project i have ever worked on! boy or girl? let me know if you find yourself in need of any of the baby gadgetry stored in my attic.-----original message-----from: kitchen, louise sent: wednesday, may 02, 2001 12: 39 pm to: corman, shelley subject: culture committee next steps would you be able to take on the lead of the management group?---------------------- forwarded by louise kitchen / hou / ect on 05 / 02 / 2001 12: 38 pm---------------------------cindy olson @ enron 05 / 02 / 2001 11: 37 am sent by: kathy mcmahon @ enron to: danny mccarty / et & s / enron @ enron, gene humphrey / hou / ect, gregory adams / corp / enron, janet r dietrich / hou / ees @ ees, jean mrha / na / enron, jeff donahue / hou / ect @ enron communications, jeffrey a shankman / hou / ect, louise kitchen / hou / ect @ ect, mark palmer / corp / enron @ enron, michael kopper / hou / ect @ ect, michael terraso / ots / enron @ enron, mitchell taylor / corp / enron, paula rieker / corp / enron, richard lewis / lon / ect @ ect, robert jones / corp / enron, sean long / enron _ development @ enron _ development, shelley corman / et & s / enron, jordan mintz / hou / ect, tim o ' rourke / enron @ enronxgate, kelly kimberly / enron communications @ enron communications, elizabeth tilney / hou / ees @ ees, kirk mcdaniel / hou / ees @ ees cc: ricki winters / et & s / enron, kay chapman / hou / ees @ ees, joyce dorsey / enron communications @ enron communications, bert frazier / hou / ect, lisa costello / na / enron, tammie schoppe / hou / ect @ ect, inez dauterive / hou / ect @ ect, felicia legier / enron _ development @ enron _ development, julie armstrong / corp / enron @ enron, melissa jones / na / enron, cindy derecskey / corp / enron @ enron, laura valencia / corp / enron, jennifer burns / hou / ect, rosario boling / corp / enron, laura glenn / ots / enron @ enron, stacy walker / enron communications @ enron communications, darlene c forsyth / hou / ect, elisa tamez / na / enron, ruth ann brown / hou / ees @ ees, tracie mccormack / lon / ect @ ect, blanca bollom / na / enron @ enron subject: culture committee next steps please see the attached memo. > thanks, and see you on monday, may 14, at 2: 00 in eb 32 c 2. cindy",other,enron:11665
toys from the heart 2021 donate here shepherd's heart 0,marketing,ads:25
sept 8 & 9. nashville superspeedway ppg triple crown of rodding the premier event... for hot rods & trucks! must attend event of the year! click here now for more information!,marketing,ads:3264
"(i) own or have the necessary licenses, rights, consents, and permissions to use and authorise skype to use all copyrights, trade marks, trade secrets, patents and other intellectual property or proprietary rights in and to any and all user submissions in accordance with these terms; and",legal,unfair_tos:141
how to: combat prostate issues [watch now],marketing,ads:2355
start date: 1 / 7 / 02; hourahead hour: 9; start date: 1 / 7 / 02; hourahead hour: 9; no ancillary schedules awarded. no variances detected. log messages: parsing file-- > > o: \ portland \ westdesk \ california scheduling \ iso final schedules \ 2002010709. txt,other,enron:17626
"this option is granted pursuant to the plan, a copy of which the participant acknowledges having received. the provisions of the plan are incorporated into this agreement by this reference. terms used herein with an initial capital letter have the meanings assigned to such terms in the plan unless a different meaning is expressly specified.",legal,ledgar:271
"re: vandy student kristin, the problem with this guy is that we maxed out on the number of interns we can gainfully employ and provide adequate supervision. so, we have to pass on him. vince enron north america corp. from: kristin gandy @ enron 02 / 16 / 2001 07: 54 am to: stinson gibner / hou / ect @ ect, vince j kaminski / hou / ect @ ect cc: subject: vandy student i hear that you have been in contact with this student. do you have any interest in hiring him for a summer position? if not please just let me know and i will call him to let him know. regards, kristin---------------------- forwarded by kristin gandy / na / enron on 02 / 16 / 2001 07: 49 am---------------------------dmitri villevald on 02 / 15 / 2001 04: 00: 51 pm to: "" ' kristin. gandy @ enron. com ' "" cc: subject: dear ms. gandy: thank you for taking time out of your busy schedule to visit the owen graduate school of management at vanderbilt on january 23-24 for on-campus interviews for the summer associate positions at enron. it was a pleasure talking with you, and i hope i conveyed to you how excited i am about the prospect of applying my skills at enron. i realize that enron offers a limited number of positions and greatly respect your choice of summer associates. i would like to ask you if there is any opportunity for me to work at enron during this summer for free. i am confident that my sincere interest in derivatives will allow me to greatly contribute to enron during this summer. i am particularly interested in enron research group. (i had a phone interview with mr. gibner on january 31 st, and i sent him email yesterday asking for the opportunity to work for free during this summer). i am looking forward to hearing from you. if i can provide more information or answer additional questions, please feel free to contact me either by telephone (615-496-1132) or via e-mail (dmitri. villevald @ owen 2002. vanderbilt. edu). also, i am always ready to fly to houston for additional interviews. again, thank you for your time and consideration. sincerely, dmitri villevald owen mba 2002",other,enron:8535
"http: / / www. kirkbridebuildings. com hello, i have visited www. kirkbridebuildings. com and noticed that your website is not listed on some search engines. i am sure that through our service the number of people who visit your website will definitely increase. seekercenter is a unique technology that instantly submits your website to over 500, 000 search engines and directories-- a really low-cost and effective way to advertise your site. for more details please go to seekercenter. net. give your website maximum exposure today! looking forward to hearing from you. best regards, vanessa lintner sales marketing www. seekercenter. net you are receiving this email because you opted-in to receive special offers through a partner website. if you feel that you received this email in error or do not wish to receive additional special offers, please enter your email address here and click the button of remove me:",marketing,enron:10699
"40%-70% off software and video games! new year special january 15 th through march 15 th 2005 free shipping on software and video game items 50% off on most items at already great prices mysoftwaremall. com the store to shop for latest and coolest products over 4000 items including software, computer accessories, videogames, videogame accessories, digital cameras and personal electronics for everyone in the family. great prices great selection great service use coupon code: jcl 1505 when ordering this message is sent to you in c. ompliance with the f. ederal c. an-s. pam bill and the electronic commerce (ec d. irective) r. egulations of 2004. this is a c. ommercial e. mail which includes an u. nsubscribe method for r. emove processing as m. andated by law. footer also includes the sender's information ebroadcasting 265 s. federal hwy. # 128 deerfield beach, florida 33441 to be excluded from future mailings, please reply to this email with "" rem "" in the subject line.",marketing,enron:21202
"the parties agree (a) to furnish upon request to each other such further information, (b) to execute and deliver to each other such other documents, and (c) to do such other acts and things, all as the other party may reasonably request for the purpose of carrying out the intent of this agreement and the documents referred to in this agreement.",legal,ledgar:49
"forrester research louise, my name is molly vaughan and i work along side your forrester account manager david kobierowski to cover the relationship between forrester and enron. i was hoping for an opportunity to have a 10-15 minute conversation with you to find out more about your specific role and business challenges that you may be facing. based on that conversation, i will be in a better position to direct you to some of the research we have that addresses those specific topics. let me know when a good time for me to call would be. link to forrester's homepage-- > http: / / www. forrester. com / home / 0, 3257, 1, ff. html i look forward to working with you, best regards, molly vaughan molly vaughan | forrester research, inc. | 400 technology sq. | cambridge, ma 02139 | direct: 617. 613. 6532 | email: mvaughan @ forrester. com corporate web site: www. forrester. com",other,enron:13422
"the execution and delivery by such commitment party of this agreement and the other transaction agreements to which it is a party, the compliance by such commitment party with the provisions hereof and thereof and the consummation of the transactions contemplated herein and therein will not (a) result in any violation of the provisions of the organization or governing documents of such commitment party, or (b) result in any violation of any law or order applicable to such commitment party or any of its properties.",legal,ledgar:294
ut physicians a part of uthealth live your best life! schedule your well-woman exam make an appointment,marketing,ads:957
"fw: i am # 470 i have felt a renewed heart for god, a fresh spirit. i have been in the word lately and doug and i have to committed to prayer time together each morning. it has brought a more positive attitude, much joy, and thankfulness on my part. and, yes, satan has already tried to steal that joy. but he will not prevail, i will not let him. so in those times when i feel that any bit of joy is seeping away, i begin to pray. i found this prayer to be refreshing and worded well. please read it, it may just jumpstart your day and you'll be filled with joy. have a great day! amber please take a moment to relax your mind and humble your heart to focus on christ. allow god, to be the only person on your mind while you read this prayer. if we can take the time to read long jokes, stories, etc., we should give the same respect to this prayer. friends that pray together, stay together. let's pray... father god, i thank you for this day. i thank you for my being able to see and to hear this morning. i'm blessed because you are a forgiving god and an understanding god. you have done so much for me and you keep on blessing me. forgive me this day for everything i have done, said or thought that was not pleasing to you. i ask now for your forgiveness. please keep me safe from all danger and harm. help me to start this day with a new attitude and plenty of gratitude. let me make the best of each and every day to clear my mind so that i can hear from you. please broaden my mind that i can accept all things. let me not whine and whimper over things i have no control over. let me continue to see sin through god's eyes and acknowledge it as evil. and when i sin, let me repent, and confess with my mouth my wrongdoing, and receive the forgiveness of god. and when this world closes in on me, let me remember jesus ' example-to slip away and find a quiet place to pray. it's the best response when i'm pushed beyond my limits. i know that when i can't pray, you listen to my heart. continue to use me to do your will.? continue to bless me that i may be a blessing to others. keep me strong that i may help the weak. keep me uplifted that i may have words of encouragement for others. i pray for those that are lost and can't find their way. i pray for those that are misjudged and misunderstood. i pray for those who don't know you intimately. i pray for those that will delete this without sharing it with others. i pray for those that don't believe. but i thank you that i believe. i believe that god changes people and god changes things. i pray for all my sisters and brothers. for each and every family member in their households. i pray for peace, love and joy in their homes that they are out of debt and all their needs are met. i pray that every eye that reads this knows there is no problem, circumstance, or situation greater than god. every battle is in your hands for you to fight. i pray that these words be received into the hearts of every eye that sees them and every m",other,enron:3450
fowhand furniture we have it all coastal living,marketing,ads:102
"except as permitted herein, seller shall not sell, assign, transfer or otherwise dispose of, or grant any option with respect to, or pledge, hypothecate or grant a security interest in or lien on or otherwise encumber (except pursuant to the program documents), any of the purchased assets or any interest therein, provided that this section 6.04 shall not prevent any transfer of purchased assets in accordance with the program documents.",legal,ledgar:205
"we recommend that you read the cancellation, (pre) payment and no-show policy of the accommodation provider carefully prior to making your reservation and remember to make further payments on time as may be required for the relevant reservation.",legal,unfair_tos:158
"rice or its affiliates maintain policies of fire and casualty, liability and other forms of property and liability insurance related to the midstream assets and the business in such amounts, with such deductibles, and against such risks and losses as are, in their judgment, reasonable for the business and the midstream assets. all such policies are in full force and effect, all premiums due and payable thereon have been paid, and no notice of cancellation or termination has been received with respect to any such policy that has not been replaced on substantially similar terms prior to the date of such cancellation.",legal,ledgar:39
"enrononline: briton who took trading online louise, did you know that you had two children????-dan-----original message-----from: djcustomclips @ djinteractive. com [mailto: djcustomclips @ djinteractive. com] sent: friday, december 07, 2001 8: 40 am to: 303435 @ mailman. enron. com subject: enrononline: briton who took trading online business briton who took trading online rupert steiner 12 / 02 / 2001 sunday times-london final 1 5 (copyright times newspapers ltd, 2001) enron's fastest-rising star was a british mother-of-two. anonymous in the uk, louise kitchen, the 32-year-old former powergen manager, made her name with the audacious manner in which she set up the power company's online trading arm, writes rupert steiner. it paid off and her story is used as a case study in management schools throughout america. in just seven months, kitchen, president and chief operating officer of enrononline, enabled the web-based trading of natural gas in north america after developing the idea and progressing it to days before launch without seeking board approval. she joined the company in london in the spring of 1994 and was responsible for building its natural gas trading business in europe. a self-confessed loudmouth, she established a reputation for being larger than life. she is certainly no shrinking violet-her colleagues describe her as blunt, pushy and inspiring. her career took off one april morning in 1999. she was in a taxi on her way to heathrow airport, bound for a large gas-processing plant in teesside. john sherriff, managing director of enron europe, and greg whalley, enron's chief gas trader in houston, called and asked if she would prepare some research on trading gas contracts online. she spotted the opportunity and set out to do more than just review enron's options for online trading. she enlisted the support of enron's sceptical top traders and scoured the company for software developers and other experts. her volunteers worked nights and weekends while carrying on with their regular jobs. kitchen did not attempt to get corporate approval or seek permission to change the way the company traded, she simply presented the project as a fait accompli a few weeks before it went live. it was a huge risk but one which was credited with the remaking of the company. by mid-summer 2000 it had revolutionised the energy-trading business, notching up more than $1 billion in average daily trading transactions and lifting enron's sales by 75% in the second quarter. it raised enron's market value by billions of dollars. she has been promoted seven times in five years and is listed in fortune league table of the world's most powerful women. her future now looks uncertain. folder name: enrononline relevance score on scale of 100: 83 to review or revise your folder, visit http: / / www. djinteractive. com or contact dow jones customer service by e-mail at custom. news @ bis. dowjones. com or by phone at 800-369-7466. (outside the u. s. and canada, call ",other,enron:14302
nagasaki prefecture nagasaki is vibrant after hours. discover the best nocturnal activities and lively eateries for unforgettable memories when exploring the prefecture at night. 満福 _紫橋橫下 2 runo 理艇 5 a 和遊 ~,marketing,ads:3886
lerner&roweⓡ injury attorneys always available 24/7 kevin rosema arizona parter some work may be performed by or releed to cl,marketing,ads:743
"mid year 2000 feedback will be deleted on 17 november please read below about the mid-year 2000 records that will be deleted on 11 / 17 / 00. thanks, hgm enron north america corp. from: gina corteselli @ enron 10 / 24 / 2000 04: 04 pm to: ray bennett / hou / ees @ ees, dave schafer / ots / enron @ enron, david oxley / hou / ect @ ect, gary p smith / ots / enron @ enron, drew c lynch / hou / ect @ ect, janie bonnard / enron _ development @ enron _ development, robert jones / corp / enron @ enron, sarah a davis / hou / ect @ ect, miguel padron / enron _ development @ enron _ development, scott gilchrist / enron _ development @ enron _ development, ranendra sengupta / enron _ development @ enron _ development, gerry chatham / corp / enron @ enron, kimberly rizzi / hou / ect @ ect, brian schaffer / corp / enron @ enron, bob sparger / corp / enron @ enron, michelle cash / hou / ect @ ect, marla barnard / enron communications @ enron communications, willie williams / enron _ development @ enron _ development, mary joyce / hr / corp / enron @ enron, cindy skinner / hou / ect @ ect, andrea yowman / corp / enron @ enron, laura schwartz / corp / enron @ enron, sharon butcher / corp / enron @ enron, kriste sullivan / corp / enron @ enron, brad coleman / hou / ect @ ect, ryan seleznov / corp / enron @ enron, suzanne brown / hou / ect @ ect, elizabeth tilney / hou / ees @ ees, teresa bosien / hr / corp / enron @ enron, gina corteselli / corp / enron @ enron, nigel sellens / lon / ect @ ect, ann vaughn / hr / corp / enron @ enron, elyse kalmans / corp / enron @ enron, sheila knudsen / corp / enron @ enron, sheila walton / hou / ect @ ect, gerry gibson / corp / enron @ enron, cindy olson / corp / enron @ enron cc: subject: mid year 2000 feedback will be deleted on 17 november all; as i mentioned this morning at cindy's hr leadership meeting, we plan to delete the mid-year 2000 feedback from our system on 17 november 2000. would you kindly communicate this to your clients, to ensure that any outstanding final evaluations for mid-year 2000 are completed before that date. supervisors who may need to obtain consolidated feedback on their employees or to obtain final evaluation forms may call the houston pep help desk on (713) 853-4777 (option 4) or via e-mail to pep help desk employee vincent cassata (vincent. cassata @ enron. com). if you have any questions or concerns, please don't hesitate to contact me on x 53377. thanks, gina",other,enron:23443
"easy ink online purchase-- save big online. customers can enjoy more flexible rates on brand name ink products as they shop online. get significant discount on quality ink products. need more assistance? contact our professional support for timely assistance. do you want to get quality ink at low prices? then this is your way. select top brands including apple, brother, canon, compaq, hp, lexmark, nec and more others online. the site offers a wide selection of inks at lower prices. vikings who showed up with no stomach for the rigors of the playoffs and only a little more boston in 2000, resumed contact with his sons, moved back to florida early last year to start preferred a bird in the 401 (k) hand to two in the pension bush, especially given the recentdecocted 8 euchroite 3 catalpa",marketing,enron:21444
✰✰✰✰✰ great value 00000 great value for the price every piece looks wonderful. william g. lightbox laboratory grown diamonds shop now,marketing,ads:5040
personalized primary care 'bon secours visit bonsecours.com/primarycare,marketing,ads:424
"if the transactions contemplated herein are not consummated, or following the occurrence of a termination date, if applicable, nothing herein shall be construed as a waiver by any party of any or all of such party’s rights, other than as provided in section 17, and the parties expressly reserve any and all of their respective rights. the parties acknowledge that this agreement, the plan, and all negotiations relating hereto are part of a proposed settlement of matters that could otherwise be the subject of litigation. pursuant to rule 408 of the federal rules of evidence, any applicable state rules of evidence, and any other applicable law, foreign or domestic, the plan term sheet, this agreement, the plan, any related documents, and all negotiations relating thereto shall not be admissible into evidence in any proceeding, or used by any party for any reason whatsoever, including in any proceeding, other than a proceeding to enforce its terms.",legal,ledgar:65
all rights not expressly granted to you under these terms shall be retained by truecaller.,legal,unfair_tos:167
"one click. millions of customers. opt in e-mail advertising millions of customersone click away promote your business or websitewith opt inemail advertising. we can send your ad or website out to millions of our opt-in list of clients, and get you greatresults literally overnight! the best email advertising service on the internet-real converting, responsive email advertising. effective advertising for any business large or small * the most cost effective advertising on the internet * gets instant traffic to your website * potential sales or leads for any business our opt in email advertising serviceprovides businesses individuals the most inexpensive, and most effective way to reach millions of people over the internet. we will also provide assistance in setting up your ad, for maximum effect! this weeks specialsend your ad to 100, 000 people-only $189 call for discount pricing for larger orders to place an order, or for more info please call (562) 365-8100 to be removed from further mailings, please reply to this message with remove in the subject. your email address will be removed within 24 hours.",marketing,enron:25703
"this agreement will be governed by the laws of the state of colorado, excluding any conflict of laws rule or principle that might refer the governance or the construction of this agreement to another jurisdiction. the parties hereby irrevocably submit to the sole and exclusive jurisdiction of and venue in the state or federal courts in denver, colorado, for the purposes of any suit, action, or other proceeding arising out of or relating to this agreement and each party waives any right to change venue.",legal,ledgar:195
"windows xp pro $49. 95 ms 2003 opt-in email special offer unsubscribe me search software top 10 new titles on sale now! 1 office pro 20032 adobe photoshop 9. 03 windows xp pro 4 adobe acrobat 7 pro 5 flash mx 20046 corel draw 127 norton antivirus 20058 windows 2003 server 9 alias maya 6 wavefrtl 0 adobe illustrator 11 see more by this manufacturer microsoft symantec adobe customers also bought these other items... microsoft office professional edition * 2003 * microsoftchoose: view other titles list price: $499. 00 price: $69. 99 you save: $429. 01 (86%) availability: available for instant download! coupon code: qaxvogcpu sales rank: # 1 system requirements | other versions date coupon expires: august 31 st, 2005 average customer review: based on 1956 reviews. write a review. adobe photoshop cs 2 v 9. 0 adobechoose: view other titles list price: $599. 00 price: $69. 99 you save: $529. 01 (90%) availability: available for instant download! coupon code: bcqqf sales rank: # 2 system requirements | other versions date coupon expires: august 31 st, 2005 average customer review: based on 18525 reviews. write a review. microsoft windows xp professional or longhorn edition microsoftchoose: view other titles list price: $279. 00 price: $49. 99 you save: $229. 01 (85%) availability: available for instant download! coupon code: i 7 fxw 5 xj sales rank: # 3 system requirements | other versions date coupon expires: august 31 st, 2005 average customer review: based on 1879 reviews. write a review. adobe acrobat professional v 7. 0 adobechoose: view other titles list price: $499. 00 price: $69. 99 you save: $429. 01 (85%) availability: available for instant download! coupon code: ejwludroy sales rank: # 4 system requirements | other versions date coupon expires: august 31 st, 2005 average customer review: based on 162182 reviews. write a review.",marketing,enron:10799
"re: a request dr. lu, i would be grateful if i could talk with you some time about the typical terms one sees in swing, take or pay, virtual storage, etc. options. this is related to some research some colleagues and i are doing applying recent innovations in monte carlo valuation of options with early exercise. we would like to illustrate our techniques on some examples which look realistic. when would be convenient for you? i look forward to talking with you. duane seppi-- on wednesday, march 14, 2001, 8: 44 am-0600 vince. j. kaminski @ enron. com wrote: > > duane, > > i shall be traveling for the rest of the week but my colleague > dr. zimin lu will call you to talk about different > structures. > > vince > > > > > > ds 64 @ cyrus. andrew. cmu. edu on 03 / 13 / 2001 09: 54: 24 am > > to: "" vince j kaminski "" > cc: > subject: re: a request > > > vince, > > sorry that i missed your call yesterday. i have a meeting from 2-3 today > (tuesday), but otherwise any time in the afternoon works for me. let me > know what is convenient for you. thanks for your help. > > duane > > * * * * * * * * > duane seppi > > graduate school of industrial administration > carnegie mellon university > pittsburgh pa 15213-3890 > > tel. (412) 268-2298 > fax (412) 268-8896 > > email ds 64 + @ andrew. cmu. edu > > > > > * * * * * * * * duane seppi graduate school of industrial administration carnegie mellon university pittsburgh pa 15213-3890 tel. (412) 268-2298 fax (412) 268-8896 email ds 64 + @ andrew. cmu. edu",other,enron:8718
"comply with all laws, rules, regulations and orders of any governmental authority applicable to it or its property, except where the failure to do so, individually or in the aggregate, would not reasonably be expected to result in a material adverse effect; provided, that this section 6.06 shall not apply to environmental laws, which are the subject of section 6.09, or to laws related to taxes, which are the subject of section 6.03.",legal,ledgar:75
"attempt to probe, scan, or test the vulnerability of any niantic system or network or breach any security or authentication measures ;",legal,unfair_tos:74
"allocations it is now official!!! effective august 1, 2000, research is part of ena. can you review the attached file and let me know if we need to update the allocation? also, can you tell me which commercial teams in ena does research support? if you have any questions, please call me at 5-7094. thanx.---------------------- forwarded by becky pham / hou / ect on 08 / 17 / 2000 03: 18 pm---------------------------vince j kaminski 04 / 26 / 2000 01: 12 pm to: becky pham / hou / ect @ ect cc: vince j kaminski / hou / ect @ ect subject: allocations becky, please, take a look at the allocations sheet. vince",other,enron:6830
geco optics up to 65% off! geco geco optics clearance offer! whilst stocks last! on selected lines only. www.ruag.co.uk,marketing,ads:784
"if you choose to interact with the third parties made available through our service, such party 's terms will govern their relationship with you.",legal,unfair_tos:179
"schedule 5.10 correctly sets forth, as of the second restatement closing date, each subsidiary of the credit parties, its respective jurisdiction of organization and the percentage ownership (direct and indirect) of such credit party in each class of capital stock or other equity interests of each of its subsidiaries and also identifies the direct owner thereof.",legal,ledgar:8
lng meeting bjorn: the lng meeting will be held tomorrow the 17 th of may at 11: 00 pm houston time. the phone number for the conference room is: 713 / 853-3135 thanks! shirley,other,enron:6108
help share the gospel of jesus christ throughout the world donate now cbn,marketing,ads:575
justfashion now wear your beauty find your favorite look multiple sizes and colors shop now,marketing,ads:1036
"speed, simplify, extend with nudura insulated concrete forms nudura learn more ▸",marketing,ads:564
"el paso schedule for 7 / 1 and 7 / 2-extremely problematic this sheet is as complete as possible, and i am worried about it due to the following circumstances; 1. the dispatch sheet that comes to real time was 25 mw flat on sunday and llh on monday more than all the preschedules that were tagged today. 2. the four corners values on that dispatch sheet changed between 5: 15 and 5: 42, from 10 mw long to flat. i tried to resolve the four corners schedules with psco, who told me they did not have a purchase from epe in july. i tried calling numerous people at their office and cell phone numbers and got forwarded to enron each time. lisa had a buy resale with pnm at four corners, but that booked out and did not seem to match the 10 long that i saw in the dispatch sheet. i spoke with pete, who assured me that the sale to psco was good for the summer. 3. i still was unable to resolve the 25 mw difference between the tags and schedules that we knew, and what the dispatch sheet said we should have for preschedule. no epe representative was available to tell me what they were expecting for the schedules, and i was referred by a dispatch person to call on saturday and speak to carlos when he came in at 4 pm. i was very uncomfortable doing this, and so in my desperation called roger at home, who after some discussion with steve at his home confirmed that the extrat 25 flat sunday and llh monday was a deal that is supposed to begin on july 3. i trust his assesment, and have removed the extra schedule from the sheet. between all of the preschedulers today at enron, we have spent over 6 hours dealing with the epe schedules today. the sheet is as complete as i possibly can find justification for. cara semperger west power scheduling 503 / 464-3814",other,enron:16753
"the effective date of this assignment agreement (the “effective date”) shall be the later of the date specified in item 5 of schedule 1 or two business days (or such shorter period agreed to by the agent) after a notice of assignment substantially in the form of exhibit “i” attached hereto has been delivered to the agent. such notice of assignment must include any consents required to be delivered to the agent by section 13.3(a) of the credit agreement. in no event will the effective date occur if the payments required to be made by the assignee to the assignor on the effective date under section 4 hereof are not made on the proposed effective date. the assignor will notify the assignee of the proposed effective date no later than the business day prior to the proposed effective date. as of the effective date, (i) the assignee shall have the rights and obligations of a lender under the loan documents with respect to the rights and obligations assigned to the assignee hereunder and (ii) the assignor shall relinquish its rights and be released from its corresponding obligations under the loan documents with respect to the rights and obligations assigned to the assignee hereunder.",legal,ledgar:31
"start your own home based business now st w jws lacevjh learn how to earn at least $100, 000 online this year... with just one click! home based business-system does it! earn $1000 / sale on "" auto-pilot! "" automated system to make money online! automated system does 98% of the work for you!...... no more long hours on the phone prospecting! join a company that is serious about your success. do you want time and freedom? start making huge money! watch our 6 minute video! take action today! click here to watch the video! the preceding advertisement was sent you by virtue of your participation in the special product offerings of our e-mail networking services or our partners. to unsubscribe from receiving further emails from our e-mail networking services special product offerings please click here.",marketing,enron:20379
"fw: reps / warranties as we discussed this is the proposed solution... i may need you to speak to someone at umbrella.. call lance if you have a question-----original message-----from: schuler, lance (legal) sent: wednesday, december 19, 2001 1: 23 pm to: muller, mark s.; detmering, tim cc: golden, jeff; daniels, eddy; koehler, anne c.; cook, mary subject: reps / warranties as we have discussed, we are not in a position to commit to convey all properties, assets, rights, etc. that are used in enron's current business of trading physical and financial natural gas and electricity and associated risk management products. as the document is currently drafted, all items go, unless specifically excluded. the danger to the estate is that, because the catch-all phrase is so broad, we know now that many items will not be identified, and then cannot be recovered. the sellers will continue their business, subject to the negotiated noncompete; however, most everything could be deemed to be "" used "" in the business. the requested reps / warranties apply not just to the assets they are to receive, but to the business stated above. so they are, for example, demanding that we identify and list every employment and consulting agreement pursuant to which someone is performing services in the operation of the business, and each contract with a term of one year or more that has been made in connection with the business, unless relating solely to identified excluded assets. these constructs would pick up literally thousands of other contracts-even confidentiality agreements for example. we propose the following solution: 1. we have prepared a schedule of specific assets that should be transferred to netco. 2. we would give a sufficiency rep to assure the buyer that the listed assets are all the material assets necessary for netco to operate a business similar to the business referenced above. we have communicated to the potential buyer that netco would need to attain certain assets, and these would be identified in writing in the rep. for example, certain third-party licenses, and some hardware items. 3. the rep would have to be tailored to exclude certain items such as office space. 4. we would give negotiated reps on the specified assets, and in limited, appropriate circumstances on the business. other than the asset list, we would not list all of any specified requirement, but only necessary exceptions to the reps, as negotiated. 5. we would give a broad "" further assurance "" covenant to provide, without further cost to netco but subject to any required consents, anything that is later identified as being appropriate for their conducting the business. 6. we view this as an mbo type transaction involving the sale of assets, whereby the people going to netco know the underlying business best, and can identify specifically the assets that should go, both for the contract to begin with, but also in a very short period of time post-closing (by using the further assuran",other,enron:14421
frame or link to any of the materials or information available on the service;,legal,unfair_tos:123
"schedule will be reinstated on real time at mid-c the following schedules were cut during preschedule and will be reinstated on real time: upstream: puget, deal number # 708582 downstream: pwx, deal number # 677686 old tag # pwx tag # 10 fw new tag # 10 gk hours and mw cut: 25 for he 23-24 upstream: puget, deal number # 694679 downstream: pwx, deal number # 680236 old tag # pwx tag # 10 fw new tag # pwx tag # gl hours and mw cut 10 for he 24 lisa",other,enron:16956
a party submitting a counter notification should consult a lawyer or see 17 u.s.c. § 512 to confirm the party 's obligations to provide a valid counter notification under the copyright act.,legal,unfair_tos:4
"we reserve the right, at our discretion, to change, modify, add or remove portions of the terms, community rules, feature terms, and privacy policy at any time by posting the amended terms, community rules, feature terms, or privacy policy on our sites or within the service (such as through in-game notices).",legal,unfair_tos:163
"merchanting metals update several related issues have resulted in an increase in the level of operating risk for the merchanting metals business. complexities surrounding the operation of the off balance sheet facility ("" obsf "") which commenced two weeks before the year end. the uncertainty generated by the revocation of aa's signoff for the facility late in the year end audit. the discovery of a number of ' bugs ' within the as 400 merchanting code, arising from the release of obsf designed functionality, which compounded the operational burden of supporting the obsf. the requirement to amend the operational process and obsf it code as a result of the current renegotiation of the obsf with barclays (and aa). the senior it developer for merchanting has resigned and been sent on gardening leave. the corporate requirement to lower working capital usage for the merchanting business irrespective of the above parochial business issues. various mitigating actions have been and will be taken to provide focus, gain comfort over control levels and to provide assurance to senior management as to the accuracy of the ql dpr and business balance sheet. the implementation for sap for the merchanting business has been delayed and effectively decoupled from the higher risk (higher benefit) brokerage implementation-benefit is to provide sole focus on obsf for it merchanting developers. the ar / ap sap data quality reviews for both businesses are continuing so as to provide a detailed analysis as at end ql. middle office have instigated a new daily working capital report process tracking cash settlement / funding data to working capital components for all metals businesses. an enhanced position signoff process will be implemented prior to end ql covering gross tonnage, spread positions and summarised analyses for brand and locations. the necessary report functionality should be available within the as 400, however contingencies have been initiated to build tactical vba / excel reports outside of the as 400 but using as 400 data downloads. user requests for additional as 400 functionality and reports have been aggressively prioritised and a code freeze will commence prior to the end of ql following the delivery of three reports determined as minimum requirements for the support of obsf. a resubstantiation of the full ql dpr will be completed by the risk control staff reconciling the full trial balances between ql open and ql close a full internal balance sheet review will be completed within the ql audit timetable which incorporates a full circularisation of inventory balances, and matching to source documentation within enron inspection of certain of the above inventory balances, by third party inspectors, where there is an expectation that circularisation replies will not be received on a timely basis substantive checks back to source contract documentation for the forward priced and unpriced positions report (spot checking the key position report signed off by ",other,enron:23898
"re: contract 27714 addendum michelle, this language is fine. please forward the addendum at your convenience. best regards david-----original message-----from: michelle. lokay @ enron. com [mailto: michelle. lokay @ enron. com] sent: wednesday, october 03, 2001 04: 25 pm to: smith, david l. subject: re: contract 27714 addendum david, here is legal's spin on the amendment... can you guys work with this? do you know the upstream contract number? thanks. for the term of this amendment, transwestern agrees to provide a credit to the shipper for quantities that could not be scheduled hereunder due to an event of force majeure, as reasonably determined by transwestern, on contract no. _ _ _ (upstream contract) rendering the supplies unavailable. the amount of the credit will be calculated by multiplying the quantities made unavailable by the discounted rate.-----original message-----from: dlsmith @ pplweb. com [mailto: dlsmith @ pplweb. com] sent: friday, september 28, 2001 2: 35 pm to: lokay, michelle cc: 610; jacammarano @ pplweb. com subject: contract 27714 addendum michelle, here is a quick paragraph that i think addresses the force majuere issue. joe is out this afternoon and may inject his thoughts so let's touch base on monday. have a good weekend, i hope the dentist was kind! best regards david 7. for the term of this amendment, transwestern agrees to provide a credit to the shipper for quantities made unavailable due to an event of force majuere declared solely by transwestern. the amount of the credit will be calculated by multiplying the quantities made unavailable by the discounted rate. this e-mail is the property of enron corp. and / or its relevant affiliate and may contain confidential and privileged material for the sole use of the intended recipient (s). any review, use, distribution or disclosure by others is strictly prohibited. if you are not the intended recipient (or authorized to receive for the recipient), please contact the sender or reply to enron corp. at enron. messaging. administration @ enron. com and delete all copies of the message. this e-mail (and any attachments hereto) are not intended to be an offer (or an acceptance) and do not create or evidence a binding and enforceable contract between enron corp. (or any of its affiliates) and the intended recipient or any other party, and may not be relied on by anyone as the basis of a contract by estoppel or otherwise. thank you.",other,enron:28872
"subscriber may not (a) select or use as a 9gag, inc url a name of another person with the intent to impersonate that person; or (b) use as a 9gag, inc url a name subject to any rights of a person other than subscriber without appropriate authorization.",legal,unfair_tos:160
"seller and purchaser may deliver executed signature pages to this agreement by pdf file to the other party, which pdf file shall be deemed to be an original executed signature page; provided, however, that such party shall deliver an original signature page to the other party promptly thereafter. this agreement may be executed in any number of counterparts, each of which shall be deemed an original and all of which counterparts together shall constitute one agreement with the same effect as if the parties had signed the same signature page.",legal,ledgar:227
"calpine daily gas nomination > ricky a. archer fuel supply 700 louisiana, suite 2700 houston, texas 77002 713-830-8659 direct 713-830-8722 fax-calpine daily gas nomination 1. doc",other,enron:2713
"under armour reserves the right to modify these terms by (i) posting revised terms on and/or through the services, and/or (ii) providing advance notice to you of material changes to the terms, generally via email where practicable, and otherwise through the services (such as through a notification on the home page of the under armour websites or in our applications).",legal,unfair_tos:79
86 first things video the creed a film by tim kelleher now available on dvd and mp4 digital download,marketing,ads:4384
"points are not your personal property, and you may not obtain any cash or money in exchange for them.",legal,unfair_tos:35
"enter to fill the win the fill the go-bag contest go-bag a chance to walk away with this exciting go-bag equipment package worth nearly $3,400! police enter now!",marketing,ads:179
"the incremental revolving credit lender hereby authorizes the borrower, each other loan party and the administrative agent to enter into the amendment no. 1 to closing date intercreditor agreement and amendment no. 1 to second lien security agreement, in each case in the form as attached hereto as annex i and annex ii.",legal,ledgar:146
"re: billing question thank you for your message. the credit card i want to use is currently stored in your system. when i want to update the billing information with this card number, i am getting the answer: credit card already in use. the card is in good standing and there is absolutely no problem with this card and there was never any problem. i don't understand why your system failed. i think that this is your problem, not mine. discover last 4 digits: 0057. expiration: 05 / 02 sincerely, w. kaminski p. s. i have just called discover and was told the account is in pefect shape (as expected). as i have said, you must have a bug in your system.",other,enron:5273
"fw: customer list this one includes more financial counterparties non-eol-----original message-----from: winfree, o ' neal d. sent: wednesday, december 19, 2001 11: 13 am to: martin, thomas a. subject: customer list tom, attached are eol customers between july 1, 2001 and nov. 30, 2001, broken out by physical and financial... the only physical customers i remember non eol are imperial sugar and texas energy... i'm also checking this list against other non-eol deals eric or joe might have done, but for now take a look at this... o",other,enron:3644
"notwithstanding anything contained in this agreement or the plan, the company may not take any actions hereunder, and no award shall be granted or shares shall be issued, that would violate the securities act of 1933, as amended (the “act”), the securities exchange act of 1934, as amended, the code, or any other securities or tax or other applicable law or regulation. notwithstanding anything to the contrary contained herein, the shares issuable upon vesting shall not be issued unless such offering of shares is registered under the act, or, if such offering is not so registered, the company has determined that such offering would be exempt from the registration requirements of the act and any applicable state securities laws.",legal,ledgar:286
"a single independent and impartial arbitrator with his or her primary place of business in san francisco county, california will be appointed pursuant to the rules, as modified herein.",legal,unfair_tos:105
carlisle ford nationals june 2-4 carlisle pa fairgrounds world's largest all-ford show & swap meet spectator tickets buy now and save! learn more,marketing,ads:4229
"eol average deal count as of 07-19-00 just wanted to make sure you have these. sheri---------------------- forwarded by sheri thomas / hou / ect on 07 / 20 / 2000 04: 49 pm---------------------------from: matt motsinger 07 / 20 / 2000 04: 44 pm to: louise kitchen / hou / ect @ ect, david forster / corp / enron @ enron, kimberly hillis / hou / ect @ ect, jeffrey a shankman / hou / ect @ ect cc: sheri thomas / hou / ect @ ect, torrey moorer / hou / ect @ ect, jennifer deboisblanc denny / hou / ect @ ect, peter berzins / na / enron @ enron subject: eol average deal count as of 07-19-00 the following files contain a graphical view of the average deal count per month by commodity for eol and otc transactions since the launch of enrononline. this information is for comparitive analysis only. do not update links. average deal counts for all commodities na gas breakout by region (non-averaged, including volume and notional value) if you have any questions regarding this breakout, please contact one of the following: torrey moorer x 3-6218 matt motsinger x 3-5221 peter berzins x 5-7594 matt enrononline",other,enron:23095
"please note that the date for the lst meeting is january 16 shirley, please put it on my calendar. vince---------------------- forwarded by vince j kaminski / hou / ect on 01 / 12 / 2001 02: 54 pm---------------------------jennifer burns 01 / 12 / 2001 12: 46 pm to: phillip k allen / hou / ect @ ect, john arnold / hou / ect @ ect, michael w bradley / hou / ect @ ect, jennifer fraser / hou / ect @ ect, mike grigsby / hou / ect @ ect, adam gross / hou / ect @ ect, rogers herndon / hou / ect @ ect, john j lavorato / corp / enron @ enron, kevin mcgowan / corp / enron @ enron, vince j kaminski / hou / ect @ ect, john l nowlan / hou / ect @ ect, kevin m presto / hou / ect @ ect, fletcher j sturm / hou / ect @ ect, hunter s shively / hou / ect @ ect, bill white / na / enron @ enron cc: jeffrey a shankman / hou / ect @ ect, gary hickerson / hou / ect @ ect subject: please note that the date for the lst meeting is january 16 as mentioned during the fourth quarter, gary and i would like to begin regular meetings of our trader's roundtable. the ideas generated from this group should be longer term trading opportunities for enron covering the markets we manage. in addition, this forum will provide for cross commodity education, insight into many areas of enron's businesses, and promote aggressive ideas. each week, we'll summarize commodity trading activity, and provide an open forum for discussion. your input is valuable, and we've limited this group to our most experienced traders, and would appreciate regular participation. our first meeting will be tuesday, january 16 at 4: 00 pm in eb 3321.",other,enron:8203
"if you are located in a country embargoed by the united states, or are on the u.s. treasury department 's list of specially designated nationals you will not engage in commercial activities on facebook (such as advertising or payments) or operate a platform application or website.",legal,unfair_tos:69
historic turkey trot 5k run/walk & fun walk-nov. 27 register today historic bethlehem museums & sites,marketing,ads:53
"during the restricted period, each stockholder shall notify the company in writing of any disposition or acquisition of equity securities by such stockholder or any specified entity within two (2) business days after such disposition or acquisition. the filing by a stockholder or a specified entity of a form 4 disclosing such disposition or acquisition within such two (2) business day period shall be deemed to satisfy such stockholder’s notice obligation under this section 4.02.",legal,ledgar:148
"our company decide to offer you absolutely unexampled model of alain silberstein wristwatches. excellent discount for our clients. tour our company website, i offer prime discounts and many of trade names available, e. g. audemars piguet, zenith and harry winston.",marketing,enron:21505
"cavitron ultrasonic scaling removes 50% more active biofilm than hand scaling alone* ""when equal strokes applied in an in-vitro study. abstract which has been reviewed and presented at iadr learn more dentsply sirona",marketing,ads:5731
"all interest for each payment period shall be payable in arrears commencing october 1, 2017 and on the first business day of each month thereafter until the principal together with all interest and other charges payable with respect to the loan shall be fully paid. all computations of interest for base rate advances shall be made on the basis of a year of 365 or 366 days, as the case may be, and actual days elapsed. all other computations of fees and interest shall be made on the basis of a 360-day year and actual days elapsed (which results in more fees or interest, as applicable, being paid than if computed on the basis of a 365-day year). interest shall accrue on each loan for the day on which the loan is made, and shall not accrue on a loan, or any portion thereof, for the day on which the loan or such portion is paid, provided that any loan that is repaid on the same day on which it is made shall, subject to section 2.3.11, bear interest for one day. interest hereunder shall be due and payable in accordance with the terms hereof before and after judgment, and before and after the commencement of any proceeding, under any debtor relief law.",legal,ledgar:21
"all federal, state and local income, excise, property and other tax returns required to be filed with respect to seller’s operations and those of its subsidiaries in any jurisdiction have been filed on or before the due date thereof (plus any applicable extensions); all such returns are true and correct; all taxes, assessments, fees and other governmental charges upon seller, and seller’s subsidiaries and upon their respective properties, income or franchises, that are, or should be shown on such tax returns to be, due and payable have been paid, including all federal insurance contributions act (fica) payments and withholding taxes, if appropriate, other than those that are being contested in good faith by appropriate proceedings, diligently pursued and as to which seller has established adequate reserves determined in accordance with gaap, consistently applied. the amounts reserved, as a liability for income and other taxes payable, in the financial statements described in section 11(h) are sufficient for payment of all unpaid federal, state and local income, excise, property and other taxes, whether or not disputed, of seller and its subsidiaries, accrued for or applicable to the period and on the dates of such financial statements and all years and periods prior thereto and for which seller and seller’s subsidiaries may be liable in their own right or as transferee of the assets of, or as successor to, any other person.",legal,ledgar:54
"interest on advances shall be payable in arrears on the first (1 st) day of each month with respect to domestic rate loans and, with respect to libor rate loans, at the end of each interest period, provided that all accrued and unpaid interest shall be due and payable at the end of the term. interest charges shall be computed on the actual principal amount of advances outstanding during the month at a rate per annum equal to (i) with respect to revolving advances, the revolving interest rate and (ii) with respect to swing loans, the revolving interest rate for domestic rate loans. except as expressly provided otherwise in this agreement, any obligations other than the advances that are not paid when due shall accrue interest at the revolving interest rate for domestic rate loans, subject to the provision of the final sentence of this section 3.1 regarding the default rate. whenever, subsequent to the date of this agreement, the alternate base rate is increased or decreased, the revolving interest rate shall be similarly changed without notice or demand of any kind by an amount equal to the amount of such change in the alternate base rate during the time such change or changes remain in effect. the libor rate shall be adjusted with respect to libor rate loans without notice or demand of any kind on the effective date of any change in the reserve percentage as of such effective date. upon and after the occurrence of an event of default, and during the continuation thereof, at the option of administrative agent or at the direction of required lenders (or, in the case of any event of default under section 10.7, immediately and automatically upon the occurrence of any such event of default without the requirement of any affirmative action by any party), the obligations shall bear interest at the revolving interest rate for domestic rate loans plus two percent (2%) per annum (the “default rate”).",legal,ledgar:281
"get a free bottle of wine & tasting kit all of this can be yours for only $12. 99 * 2 bottles of premium wine 2 elegant wine glasses capitano waiter's corkscrew marble bottle stopper delicious gourmet wine crackers member discounts on additional wine selections our cellar profile newsletter total retail value of this special offer-$42. 95 a special offer for the discriminating wine drinker. indulge your love of adventure. discovery. and fine wine from the comfort of your home with our convenient program. receive two expertly selected premium wines for the price of one-only $12. 99 *-50% off the regular price-delivered to your door with our wine starter kit as a free gift. starter kit includes, 2 elegant wine glasses, a capitano waiter's corkscrew, gourmet wine crackers and more! you'll have your choice of two reds, two whites or one of each. one month you may have the pleasure of experiencing a wonderfully full-bodied cabernet sauvignon from california and a delicious chardonnay from australia. another month, you may get an exquisite chianti from italy and a fabulous sauvignon blanc from france. you'll savor a broad range of some of the world's most fascinating wine-right in your own home. your satisfaction is 100% guaranteed. if you are not completely satisfied with the classic selections program, you can cancel at any time. there is no minimum to buy and no obligation for further purchases or deliveries. so, uncork your own wine adventure and explore the world's finest vineyards with classic selections! you are receiving this mailing because you are a member of sendgreatoffers. com and subscribed as: jm @ netnoteinc. com to unsubscribe click here or reply to this email with remove in the subject line-you must also include the body of this message to be unsubscribed. any correspondence about the products / services should be directed to the company in the ad.% em% jm @ netnoteinc. com% / em%",marketing,enron:24963
mossberg mc2c compact 14+1/16+1 capacity mc2sc micro-compact 11+1/14+1 capacity mc2® pistols learn more optic-ready. carry-ready.,marketing,ads:2970
take a tour of the thermwood cut center,marketing,ads:409
"our magazine promotion knowledge is power! so get yours at a savings up to 78% on the top informative business magazines any 3 magazine $50 details small price to pay for the business edge all 6 magazine $99 details an enormous selection of magazines to choose from... always a deal... in addition to our daily specials come check us out at www. wwwmagazine. com. click here to close this window note: this is not a spam email. this email was sent to you because your email was entered in on a website requesting to be a registered subscriber. if you would would like to be removed from our list, abuse @ global 2000. comclick here to cancel your account and you will * never * receive another email from us!",marketing,enron:24340
"re: as per discussion yes that is correct. julie: -)-----original message-----from: kitchen, louise sent: wednesday, july 18, 2001 2: 48 pm to: gomez, julie a. subject: as per discussion hr has the information that your contract doesn't finish until the lst october-is that right?",other,enron:12268
"by finding and connecting with your friends and other athletes in our community, you may receive electronic communications, including messages from them (depending on your preferences, you may receive notification of these messages via email, in the website/application, and/or as a push notification).",legal,unfair_tos:134
"bakery on maple 105 maple st., bristol. 860-261-7464 for a list of our daily menu items & custom cake flavors go to facebook@bakeryonmaple monday, thursday-sunday-7am-3pm fire, ems & 10% off bristol hospital employees",marketing,ads:561
dvuv wood powder coating powder coated mdf components request sample 20 minutes start to finish,marketing,ads:2845
re: cp & l can we verified this gas flowed? if it did it should have been billed on his term deal if there was one in place. if the gas flowed and we did not invoice for it on term let me know and i will put it in. janet h wallis 03 / 22 / 2001 04: 53 pm to: gary w lamphier / hou / ect @ ect cc: katherine herrera / corp / enron @ enron subject: cp & l bob says he was not billed for a purchase he made from you at 5 k $5. 16 on feb 21 st. will you check this out and get with bob a and katherine herrera. jw,other,enron:2856
"announcement a few weeks ago i sent out an e-mail announcing sean crandall's departure from enron. upon further consideration, sean has decided to stay with us. please join me in welcoming him back from his european vacation.",other,enron:16781
"the fair saleable value of borrower’s assets exceeds and will, immediately following the funding of the loan, exceed borrower’s total liabilities, including subordinated, unliquidated, disputed and contingent liabilities. the fair saleable value of borrower’s assets are and will, immediately following the funding of the loan, be greater than borrower’s probable liabilities, including the maximum amount of its contingent liabilities on its debts as such debts become absolute and matured. borrower’s assets do not and, immediately following the funding of the loan will not, constitute unreasonably small capital to carry out its business as conducted or as proposed to be conducted. borrower does not intend to, and does not believe that it will, incur debts and liabilities (including contingent liabilities and other commitments) beyond its ability to pay such debts as they mature (taking into account the timing and amounts of cash to be received by borrower and the amounts to be payable on or in respect of obligations of borrower).",legal,ledgar:19
"an untapped market = an easy sale as the exclusive marketers of john alden products, north star marketing (nsm) is committed to helping you be successful. every time you call your local nsm office, you'll speak with an experienced health insurance professional. thousands of agents already rely on nsm for assistance with prospecting, quoting, issuing policies, marketing ideas and follow-up support. and, since john alden is also a leader in the individual medical insurance market, north star can further help you meet your clients ' needs. link to the north star marketing directory to contact an office near you. complete all the information below and an nsm rep in your state will contact you directly. name: company e-mail: phone: city: state: insurance products are underwritten and issued by john alden life insurance company, and administered by fortis insurance company, both fortis health member companies, milwaukee, wi. short term medical is presented by north star marketing, www. nstarmarketing. com we don't want anybody to receive our mailing who does not wish to receive them. this is a professional communication sent to insurance professionals. to be removed from this mailing list, do not reply to this message. instead, go here: http: / / www. insurancemail. net legal notice",marketing,enron:24202
j.me 3rd anniversary $50% 20% off code jing20 a,marketing,ads:1390
"allegheny energy inc [formerly allegheny power system inc]-s-3 louise, just spoke to mike morell. seems to be a little more relaxed today. as is attached below, they have filed the s-3 for their equity offering. good news! will let you know when i hear from delainey. thanks, don---------------------- forwarded by don miller / hou / ect on 03 / 09 / 2001 04: 12 pm---------------------------from: stuart zisman on 03 / 09 / 2001 04: 03 pm to: don miller / hou / ect @ ect cc: subject: allegheny energy inc [formerly allegheny power system inc]-s-3 looks like allegheny may have filed their s-3. we might know whether we have a deal on wednesday. stuart-----forwarded by stuart zisman / hou / ect on 03 / 09 / 2001 04: 02 pm-----sec info 03 / 09 / 2001 03: 08 pm to: stuart. zisman @ enron. com cc: subject: allegheny energy inc [formerly allegheny power system inc]-s-3 allegheny energy inc [formerly allegheny power system inc] filed on friday, 3 / 9 / 1, a 3-document, 19-page "" s-3 ""-- registration statement for securities offered pursuant to a transaction-- form s-3-- filed as of friday, 3 / 9 / 1 filing: s-3-- filer: allegheny energy inc [formerly allegheny power system inc]-- an sec filing notification service of http: / / www. secinfo. com sec info is the most-sophisticated edgar database service on the web, with over one billion links within the sec filings. click here to turn off notifications to this e-mail address:",other,enron:11127
i told jean that she could pay bilbury 50 k and nonthing else. i told her that i completely disagree with any payment so view it as a payment to her or for her to be happy. this upset her. she wanted to give him 25 k later and i vetoed that. is that how you spell vetoed. john,other,enron:11842
start date: 2 / 2 / 02; hourahead hour: 9; start date: 2 / 2 / 02; hourahead hour: 9; no ancillary schedules awarded. no variances detected. log messages: parsing file-- > > o: \ portland \ westdesk \ california scheduling \ iso final schedules \ 2002020209. txt,other,enron:17988
the failure of the company to exercise or enforce any right or provision of this agreement shall not constitute a waiver of such right or provision.,legal,unfair_tos:46
"enrononline executive summary for november 08, 2001 following please find the daily enrononline executive summary. note: the executive summary transaction counts have been reduced to reflect the removal of sleeve trade activity.",other,enron:13868
"in the event any party brings an action to enforce or determine any rights under this agreement or the transactions, the parties agree that the court referred to in section 11.1 shall, only upon a clear demonstration that one party is the non-prevailing party in such action, order the non-prevailing party to pay the reasonable out-of-pocket attorneys’ fees and expenses incurred by the prevailing party and promptly after the entry of a final and nonappealable order of such court to such effect, the non-prevailing party shall pay to the prevailing party all such costs and expenses; provided that, in any such action, if a party seeking monetary recovery is awarded some, but less than the full amount, of the recovery sought, the party receiving such award shall be deemed the prevailing party if such award represents 50% or more of the amount originally sought, and the other party shall be deemed the prevailing party if the amount awarded represents less than 50% of the amount originally sought; and provided, further, that in either such case of partial recovery, the amount of the prevailing party’s attorneys’ fees and expenses reimbursed pursuant to this section 11.3 shall be limited to a percentage of such fees and expenses equal to (i) the percentage recovered of the amount originally sought, if the prevailing party was the recipient of the award, or (ii) the percentage of the amount originally sought that was not recovered, if the prevailing party was the other party.",legal,ledgar:162
"your $7500. 00 platinum card is guaranteed * see website for terms and conditions if you wish to opt out of this offer click hereusa platinum c / o impulse marketing group 1100 hammond drive ne suite 410 a-202 atlanta, georgia 30328 please refer all questions, opinions or additional feedback to: service dept 9420 reseda blvd # 133 northridge, ca 91324",marketing,enron:20387
newchic mens fashion show now>,marketing,ads:1050
"enron de mexico analysts louise, regarding our 2 external analysts in the monterrey office, which are now "" outside contractors "", and according to our previous conversation, i am sending you the numbers you asked for: gabriela cantu and alejandra reyes, both have a bachelors degree in economics from the tec in monterrey (equivalent to the us mit), with post-graduate degree in finance. both work for us and help us elaborating the newsletters, doing nat gas market research, and helping us quote derivatives to customers, and elaborate natural gas and fuel oil presentations. we did not hired them directly. we contracted an hr company, to which we pay a monthly charge in exchange for technical services performed by their personnel. in principle, this scheme helped us find the right people since we could ask for a change in personel if we desired. it also gave us other benefits like not having a head count increase at that time. we also have a signed confidentiality agreement with both of them. today, we pay the hr company the following, per person, in us dollar equivalent per month: services invoice: $1, 660. 00 15% vat tax of the invoice: $250. 00 total payment: $1, 910. 00 however, net income to each analyst per month is around $780.-usd per month. gabirela cantu has been helping us since january 2000, and alejandra reyes since december 2000. it is not a great expense, and they are of great help to our team. best regards.",other,enron:12030
"misc software: sale! hello, we offer all the software you can imagine! best prices on the net! examples: $50 norton internet security pro 2004 $60 adobe photoshop 7. 0 $60 ahead nero 6. 3 powerpack $80 ms windows 2000 professional $60 adobe photoshop 7. 0 you can find any software you need! our sites are: best regards, dusti not interested: http: / / just-software. info / soft / chair. php",marketing,enron:29417
"final offer wed, 29 sep 2004 19: 16: 00 + 0200 client identification #: 813-02 dear client: after viewing your credit-rating and current situation, we have decided to give you help with your credit-card finance problem. our company is willing to reduce your principal by 57. 76% a month, but we need you to clarify some information below. we hope you accept our offer. tonia pollard; account manager trades / finance department central office not satisfied with our offer? http: / / www. easysharesoftware. com",marketing,enron:15223
"i will be in dallas meeting with tufco the same afternoon. i told them before they scheduled this meeting that i would not be able to attend. just a reminder for you. thanks.---------------------- forwarded by stacey neuweiler / hou / ect on 07 / 07 / 2000 01: 56 pm---------------------------from: esther buckley 07 / 07 / 2000 01: 54 pm to: gary a hanks / hou / ect @ ect, earl tisdale / hou / ect @ ect, daren j farmer / hou / ect @ ect, stacey neuweiler / hou / ect @ ect, danny conner / na / enron @ enron, lauri a allen / hou / ect @ ect, edward d gottlob / hou / ect @ ect, elsa villarreal / hou / ect @ ect cc: laura harder / corp / enron @ enron subject: james mckay has requested a meeting to review the texas desk / gas control morning report. please mark you calendars to attend this meeting on wednesday, july 12, 2000 from 3: 00 pm-4: 00 pm. the meeting will be held in eb 49 c 4. if you have any questions, please feel free to call me at 36289. thanks, esther buckley",other,enron:1145
"el paso outage el paso was to begin meter maintenance sunday at its itwwinrk interconnect (apache county, az) that will last through tuesday. the point will be shut in during this time with zero volumes scheduled.",other,enron:27844
sew engl looking for new england revolution tickets? you'llscore at ticketmaster revolution the official ticketing partner of the new england revolution. t buy tickets,marketing,ads:5742
"except as otherwise modified or amended herein, the parties hereby ratify and confirm that the terms and conditions of the original warrant and purchase agreement remain in full force and effect. in the event of any conflict between the provisions of this agreement and the original warrant or the purchase agreement, the provisions of this agreement will control. this agreement, the original warrant and the purchase agreement represent the entire understanding and agreement between the parties hereto with respect to the subject matter hereof.",legal,ledgar:41
"all notices, requests, demands, and other communications under this agreement shall be in writing and shall be deemed to have been duly given if: (i) delivered by hand and receipted for by the party to whom the notice or other communication shall have been directed; or (ii) mailed by certified or registered mail with postage prepaid, on the third business day after the date on which it is so mailed if to the corporation, to the principal office address of the corporation, or if to indemnitee, to the address of indemnitee last on file with the corporation, or to any other address that may have been furnished to indemnitee by the corporation or to the corporation by indemnitee, as the case may be.",legal,ledgar:74
"california update 5 / 15 / 01 executive summary? new extraordinary session opened today? forbearance period extended for socal? qfs placing liens on socal, moving them closer to bankruptcy? mou is dead. nation's plan b, an alternative to the mou, will become a bill tomorrow and is gaining interest from both sides of the house. socal and davis has yet to give their support. new extraordinary session yesterday, the senate and assembly passed resolutions to close the extraordinary session. all bills from the lst session be introduced into the 2 nd session as they were last amended, with the same bill number. forbearance period extended regarding the forbearance extended to socal by banker creditors, the parent company's credit has been extended until 30 june. the utility's forbearance is until 15 september. qfs placing liens on socal's assets the qfs are placing liens against socal's assets (property or freezing its bank assets). as a result, socal is moving ever closer to bankruptcy, maybe as early as later next week. these actions on behalf of the qfs are added incentives for the legislature to move quickly on an alternative to the mou. alternative plan to the mou the mou for socal is essentially deal. there are a number of alternative plans being proposed. the legislature held meetings last night on democratic assemblyman nation's plan b alternative to the mou. this plan is gaining momentum. according to sources, republican assembly leader cox has signed off for people to work on the plan implying republican interest. senator burton's office also reported work on the same plan b. governor davis ' office is aware of the plan but has yet to comment. there is also no word at this time as to whether the republican senate leadership is in support of nation's plan b. key details of the nation plan include a $1. 2 billion option for the state to purchase socal's transmission assets. this money would be given to socal by the state regardless of whether the option was exercised, a detail likely to be unpopular with voters. the remainder of the undercollect, stated as $3. 5 billion or an amount determined by puc review, would be paid through securitization of the undercollect by socal. moreover, the utility would sell the state additional power at a cost beyond the 10 years already agreed upon in the memorandum-of-understanding and additional power from other company sources. sources report that the nation plan also currently calls for generators to take a 30% haircut. the nation plan b will likely be introduced as a bill tomorrow and will likely go through start the legislative process by early next week. the next scheduled floor session is thursday; we should be able to tell how fast the legislature intends to move the bill. there is no indication whether socal edison would agree to the nation plan. sources believe it is likely that socal would object to at least some of the plan's provisions (for example, a puc audit of socal's debt amount to determine ",other,enron:11764
"each of the borrower and its subsidiaries has timely filed or caused to be filed all tax returns and reports required to have been filed and has paid or caused to be paid all taxes required to have been paid by it, except in each case (a) taxes that are being contested in good faith by appropriate proceedings and for which the borrower or such subsidiary, as applicable, has set aside on its books adequate reserves or (b) to the extent that the failure to do so could not reasonably be expected to result in a material adverse effect.",legal,ledgar:114
"if the aggregate revolving credit commitments or the term loan facility are increased or an incremental term facility is provided in accordance with this section 2.18, administrative agent and borrower agent shall determine the effective date (the “ increase effective date ”) and the final allocation of such increase or incremental term facility. administrative agent shall promptly notify borrower agent and the revolving lenders or term lenders, as applicable, of the final allocation of such increase or incremental term facility and the increase effective date.",legal,ledgar:2
"4 color printing special request additional information now! click here click here for a printable version of our order form (pdf format) phone: (626) 338-8090 fax: (626) 338-8102 e-mail: ramsey @ goldengraphix. com request additional information now! click here click here for a printable version of our order form (pdf format) golden graphix & printing 5110 azusa canyon rd. irwindale, ca 91706 this e-mail message is an advertisement and / or solicitation.",marketing,enron:25897
shine automate toilet cleaning shine,marketing,ads:1352
this is all google wants you to see. freespoke a different kind of search engine.,marketing,ads:3498
thanks to our very cool mom! winsupply of el paso 0704 congrats to winsupply's coolest mom contest winner veronica esparza.,marketing,ads:6302
"each of the borrower and its subsidiaries has timely filed all material reports, documents and other materials required to be filed by it under all applicable requirements of law with any governmental authority and insurance regulatory authority, as the case may be, has retained all material records and documents required to be retained by it under all applicable requirements of law, and is otherwise in compliance with all applicable requirements of law in respect of the conduct of its business and the ownership and operation of its properties, except for such requirements of law the failure to comply with which, individually or in the aggregate, is not reasonably likely to have a material adverse effect.",legal,ledgar:143
"new credit union hours new hours for the credit union beginning monday, march 18, startrust federal credit union's * new hours will be monday-friday, 8: 30 am-4: 30 pm, including teller services and financial services. remember that quicklink internet account access, anytime loans, our web portal, and our other electronic services are available to you 24 x 7! * formerly enron federal credit union",other,enron:29178
"the aggregate number of shares or other securities and types of all authorized, issued and outstanding classes of capital stock, options and other securities of the company and of the subsidiary (whether or not presently convertible into or exercisable or exchangeable for shares of capital stock of the company or the subsidiary, as applicable, and without giving effect to any restrictions or limitations on conversion, exercise or exchange thereof) are set forth on schedule 3.1(f). all outstanding shares of capital stock of the company and of the subsidiary are duly authorized, validly issued, fully paid and nonassessable and have been issued in compliance in all material respects with all applicable securities laws, and none of such outstanding shares was issued in violation of any preemptive rights or similar rights to subscribe for or purchase any capital stock of the company or the subsidiary. except as set forth on schedule 3.1(f) and as a result of the purchase and sale of the purchased securities, there are no outstanding options, warrants, scrip rights to subscribe to, calls or commitments of any character whatsoever relating to, or securities, rights or obligations convertible into or exercisable or exchangeable for, or giving any person any right to subscribe for or acquire any shares or the capital stock of the subsidiary, or contracts, commitments, understandings or arrangements by which the company or the subsidiary is bound to issue shares or other equity securities.",legal,ledgar:164
"enron's new weather system, courtesy the research dept. v last night, i tested our new system for real-time surveillance and messaging of the weather, and it delivers the data to desktops throughout the building more than 6 1 / 2 minutes before the national weather service updates their webpages. our current technology was web-scraping these pages via ftp, then parsing into a database. the impact of these 6 1 / 2 minutes for the hourly power traders is enormous-the weather stations upload their data around 53 minutes after the hour, and we can now receive them within 2 minutes later. we can now re-estimate our nonlinear stack model before the top of the hour, when hourly power trading begins. otherwise, we would not have model results until around 15 minutes after the hour. notably, hourly power trading is, for all intents and purposes, concluded by then (they trade for 10-15 minutes and manage the scheduling for the next 30 or so miutes). so, effectively, we may now be one * hour * ahead of where we were just a few days ago, in terms of information. people are very excited up here, from the cto on down-thanks for letting it happen. c",other,enron:7328
"great rates for bad credit 33161186544333222 gchant account todpproved in 24 hours bredit / no croblem visa * mastercard * american express * discover * electronic check click here to visit our website. in just one minute you can complete the request form for your merchant account. lower your merchant rates today we offer the lowest rates in the industry! start making money! online, on the phone, in your store, in your shop, from your office or home right away! click here to visit our website. in just one minute you can complete the request form to receive a free statement analysis. don't wait another day! increase your sales by as much as 1000% get your addmoval on wte. 33161186544333222",marketing,enron:24073
"except as otherwise provided herein, all fees, costs and expenses incurred in connection with this agreement and the transactions contemplated hereby, including accounting and legal fees shall be paid by the party incurring such expenses.",legal,ledgar:255
"re: testiing component var naveen, as we discussed yesterday, i would like to see the results of components var testing. i got some from sunil today for agg-gas. in addition if you can send me component var results for ng-price for some date, as well as ng positions, forward price curve, forward volatility curve for ng-price-prc for that same date, i can verify the numbers. thank you, tanya.",other,enron:6338
infl the colts schedule is here. schedule score tickets at ticketmaster. t buy tickets t/ buy or sell tickets at the official marketplace of the nfl. 23,marketing,ads:5199
"the company will comply with all applicable withholding tax laws, and will be entitled to take any action necessary to effectuate such compliance. the company may withhold a portion of the common stock to which the director or beneficiary otherwise would be entitled equivalent in value to the taxes required to be withheld, determined based upon the fair market value of the common stock. for purposes of withholding, fair market value shall be equal to the closing price of the common stock on the vesting date, or, if the vesting date is not a business day, the next business day immediately following the vesting date.",legal,ledgar:151
lilicl th ter jance like frosty weine shine like rudolph santa e like love 2021 black friday from $3.99 jesus,marketing,ads:1370
"urgent ed has requested that we compile a list this morning of all parties / points which we owe gas to, in the event that we need to find a home for excess volumes today. please email me a list of any meters / contracts that you are aware of. i am compiling an interim list based upon the rtu variance report for march, however, i don't want to rely on this list as you may be engaged in balancing at meters with variances. thank you, mary",other,enron:2791
nhlshop.com af fanatics experience x< shop now,marketing,ads:3774
delainey and i started initial discussions reguarding ees and the customers and products they plan to market. these were initial discussions. dave is writing something up to send to me. before i agree on anything i will talk to all of you. some of the meeting that are happening may be a little premature. john,other,enron:11843
"93.3 wfls today's new country turn on today's new country luke combs, carly pearce, jason aldean, lainey wilson. and more!",marketing,ads:5440
"re: just a thought i had the same thought after we submitted our list. will include her next year. thx. kd-----original message-----from: kitchen, louise sent: wednesday, september 12, 2001 11: 11 am to: palmer, mark a. (pr); denne, karen subject: just a thought on the whole promoting our senior woman (things like fortune) we really need to include paula-she is one of the most senior women we have.",other,enron:12801
"the new taber's cyclopedic medical dictionary-20 th edition! new product announcement from handheldmed. com!!! available now for smartphones, pdas and desktop pcs! supports all palm, windowsmobile, symbian and other smartphone os's as well as windows for the pc. the new taber's cyclopedic medical dictionary-20 th edition! (handheldmed mobipocket) with image file add-on pack! only from handheldmed! for more than 65 years, taber's has provided students and practitioners with the definitions and information they need to provide superior care for their patients: 56, 000 definitions with 2, 400 brand new to the 20 th edition almost 50% more than our nearest competitor more than 6, 000 revised terms 700 superior illustrations with more than 500 in full color 100 more patient care sections new! cautions statements added to almost 350 terms bold and in a second color new and revised appendices, including nutrition, complementary medicine, and appendix 13, which explains the roles of the health professions health care team members new! improved placement of multi-word entries (for example, chronic obstructive pulmonary disease and irritable bowel syndrome are now listed in natural word order) new! almost 30, 000 pronunciations of new and current terms more colorful interior design new! easier to understand definitions new! publisher: f. a. davis click here for more information download trial $buy check out the new handheldmed website! www. handheldmed. com some of the new features you will find include: 1. enhanced customer education 2. improved site navigation 3. seamless download, installation, and registration on windows pc and mac os 4. re-engineered on-line support structure 5. shopping cart secured by verisign. and remember... e-book conversion to mobipocket as of january 1, 2006, handheldmed will migrate to the mobipocket reader platform exclusively. unfortunately due to some licensing constraints, we will not be able to convert all of our existing titles from the ez reader platform. watch for more information on which of these titles this will affect. groups institutions for group or institutional volume discount pricing or any questions about the new features and functionality of these new handheldmed editions: please contact susan jones: susanj @ handheldmed. com every possible effort is made to send only to those on our subscriber list. if you received this message in error, please accept our apologies and select the following link immediately unsubscribe if that link fails, send an email to unsubscribe @ handheldcorp. com",marketing,enron:22404
"fw: good job-----original message-----from: belden, tim sent: monday, june 25, 2001 9: 08 am to: wolfe, greg subject: re: good job it's great to see when the team works together and gets things done. messages like this make me feel good about my job and this group.-----original message-----from: wolfe, greg sent: monday, june 18, 2001 1: 56 pm to: belden, tim subject: fw: good job-----original message-----from: gang, lisa sent: monday, june 18, 2001 10: 09 am to: wolfe, greg cc: portland shift; williams iii, bill subject: good job i wanted to commend the real time group for their efforts. for the past 6 month, i've noticed a dramatic difference in the accuracy of deal entry in enpower. accordingly, by the end of the day when i have to route, it has made my job that much easier. in the past it would take hours to figure out what deals were entered incorrectly. now it is very rare that our position manager is off and this makes everyone's lives better! keep up the great work guys!!!! lisa",other,enron:16741
the michael j. fox foundation for parkinson's research honor the legacy of a loved one donate,marketing,ads:6533
"if you do not cancel the trial service (s) by the end of the trial period, we may charge you for the service (s).",legal,unfair_tos:110
"you will be eligible to participate in all other newell employee benefit plans available to other senior executives in accordance with the terms of such plans. these benefits include but are not limited to: wellness and disease management programs, work-life support program, dependent day care flexible spending, short- and long-term disability, critical illness, legal support program, adoption assistance, tuition assistance, newellflex, emergency evacuation and medical assistance while traveling abroad for business, long-term care insurance, employee discount programs, commuter transit flexible spending, identity theft protection, and more.",legal,ledgar:105
by accessing or using the service you represent and warrant that your activities are lawful in every jurisdiction where you access or use the service.,legal,unfair_tos:21
"february buyback deals just in case you want to have around............---------------------- forwarded by kenneth seaman / hou / ect on 02 / 07 / 2000 10: 16 am---------------------------kenneth seaman 02 / 07 / 2000 10: 17 am to: julie meyers / hou / ect @ ect, robert e lloyd / hou / ect @ ect cc: subject: february buyback deals attached is my list for feb. please let me know if you see anything out of the ordinary. ken",other,enron:261
schedule crawler: hourahead failure start date: 1 / 24 / 02; hourahead hour: 3; hourahead schedule download failed. manual intervention required.,other,enron:17870
amd® epyc™ 9004 series systems boost performance and get support for pcie® gen5 & 12 ddr5 channels with thinkmate customize yours!,marketing,ads:6140
"all of the provisions of this amendment shall be effective as of the date hereof. except as specifically provided for in this amendment, the terms of the amended agreement remain in full force and effect. in the event of any conflict or inconsistency between the terms of this amendment and the amended agreement, the terms of this amendment shall prevail and govern.",legal,ledgar:170
"potential accommodation hi, brent i have a potential house for you to see if you are interested. it is very large and is in a beautiful location right near hampstead heath. the current occupiers are moving out most likely at the beginning of april and enron holds the lease until the end of june. the commute is approx 35 mins to the office. it is in an incredible area and is very spacious with a large garden so i would recommend seeing it. cost is ol 400 p / w plus i would need to arrange furniture which would not be a problem. are you interested and if so, can you see it on tuesday afternoon? if so, what time would be best? sorry i can't offer it to you, sally, but we won't have it long enough unless the landlord would allow us to extend which is a possiblity. regards tara",other,enron:22700
why do people get hacked? watch now cegress dr jessica barker cygenta,marketing,ads:613
"unless otherwise indicated in this agreement or any other credit document, each term set forth below, when used in this agreement or any other credit document, shall have the respective meaning given to that term below or in the provision of this agreement or other document, instrument or agreement referenced below.",legal,ledgar:160
"congratulations congrats on your promotion to md. i appreciate the work you group is doing for et & s, and i know the promotion is well deserved. bill cordes",other,enron:5311
"fw: mexico questions fyi-----original message-----from: hodges, georganne sent: tuesday, august 21, 2001 9: 24 pm to: colwell, wes cc: helton, susan subject: mexico questions memo to jaime williams to come shortly here are some other answers: * no corporate jet usage by alatorre in 2001 (that was all we checked). * the three expense reports that you have on alatorre are all that have been paid post max * susan is checking to see if there is one floating around waiting to be paid * susan is closing petty cash bank account-she will let us know when complete",other,enron:12549
"sponsored by bell free texting for aeroplan members message friends, family and colleagues, over wi-fi, while flying. sponsored by bell. air canada learn more",marketing,ads:5843
"this agreement is personal to executive and shall not be assigned by him without the prior written consent of the bank. this agreement will inure to the benefit of and be binding upon the bank, its affiliates, successors and assigns, including, without limitation, any person, partnership, company, corporation or other entity that may acquire substantially all of the bank’s assets or business or with or into which the bank may be liquidated, consolidated, merged or otherwise combined. this agreement will inure to the benefit of and be binding upon executive, his heirs, estate, legatees and legal representatives. any payment due to executive hereunder shall be paid to his surviving spouse, or if executive is not survived by a spouse, to his estate after his death.",legal,ledgar:222
"vince, i hope you are well. until today, i did not know there was another kaminski at enron. perhaps you know him already but i found him in the enron address book his first name is jim. i am enrolled in the above mandatory program and i have nominated you in the peer / colleague category, to provide feedback on me. i do not know the nature of the questions you would be required to respond to but sometime soon you would receive an e-mail asking you for your input. i know your plate is full and life is already hectic but i thought i could nominate you for your input. i should be grateful if you would take some time off your very hectic schedule and provide the feedback on me. very many thanks, tony enron broadband services 713-853-3939",other,enron:8179
2022 類 leader of the i year [85] 翹首遠志 啟迪領航,marketing,ads:6565
stake earn staking rewards + defi yields 6m $pstake rewards for early lps learn more,marketing,ads:258
"purchaser is a limited liability company duly organized, validly existing and in good standing under the laws of delaware, and has the limited liability company organizational power and authority to own, lease and operate its properties and to carry on its business as being conducted on the date hereof.",legal,ledgar:34
"enron in action 8. 21. 00 this is the last week of the "" who wants to help millions? "" united way 2000 campaign. we are close to the goal, but need your help to reach the top! if you have not made your contribution, please click here http: / / unitedway. enron. com chairman's award nominate your hero today! the chairman's award is an employee-driven program, developed to recognize employees who are outstanding examples of enron's core values. if you know someone who deserves to be honored for their practices of respect, integrity, communication and excellence, click here http: / / home. enron. com /. nominations are open now through october 1. singles soiree join the houston symphony at sambuca, located at 909 texas avenue, for a preview party and find out more about the 2000-2001 classical encounters for singles season. the free event will take place on august 23 rd from 6-8 p. m. space is limited and reservations are required. call 713-238-1477 for reservations and more information and to reserve your place! operation sellout rice owls vs. houston cougars! discounted tickets for the september 2 football game are now available for enron employees through the signature shop on-line. the game will be held at rice stadium at 7: 00 p. m. tickets will remain on sale through 3: 00 p. m. on august 24 for $13 per ticket and can be purchased in sets of two or four. to purchase your tickets, click here. for any questions, contact greg grissom at 713-345-8741. radio music a free night of comedy! enron employees have been invited to enjoy a free performance on any thursday theatre at 8: 30 p. m. or saturday at 10: 30 p. m. during the month of september. seating is limited and reservations are required. when you call, give your name, the number of people in your party and the date you wish to attend. just mention that you are with enron and your entire party is admitted free! for reservations, call 713-522-7722. wild @ work join jeffrey glassberg, ph. d., president of the north american butterfly association for lunch, this thursday, brown bag august 24 at 11: 30 in 3 acl 7 cl. dr. glassberg will discuss butterfly watching, which is on its way toward becoming a more popular activity than bird watching. he will also inform us of activities at the naba butterfly park, a spectacular native plant garden on 100 acres fronting the rio grande river in southernmost texas. please rsvp to teresa nava, 713-646-7668. united way sign up now! mark your calendar for a day of volunteer activity at depelchin children's center day of caring and ripley house on september 15 to support united way and make the world a better place. for more information, click here http: / / home. enron. com / cr. to sign up, contact jessica nunez at 713-853-1918. energize houston the energize houston golf tournament benefiting the texas children's hospital bone marrow transplant unit golf tournament through his grace foundation is scheduled for monday, october 9 th. you can help by volunteering ",other,enron:27918
"txu fuels / sds nomination for april 2001 attached is the april 2001 nomination for our takes under the gas sales and purchase contract between txu fuel company (previously tufco) and sds. please advise should you have any questions concerning the attached. thanks, ccs (see attached file: sdsnom. xls)-sdsnom. xls",other,enron:2839
(3) using tools that hack or otherwise alter the world of warcraft client or server software.,legal,unfair_tos:178
"if you spot any objectionable content, please let us know.",legal,unfair_tos:5
don't miss out g.loomis american legacy fishing company. click. cast. catch. shop now,marketing,ads:6591
"no consents or approvals of, or waivers by, or filings or registrations with, any governmental authority are required to be made or obtained by fbms or any of its subsidiaries in connection with the execution, delivery or performance by fbms of this agreement or to consummate the transactions contemplated by this agreement, including the bank merger, except for (i) the regulatory approvals, (ii) the filing with the sec of the proxy statement and the filing and declaration of effectiveness of the form s-4, (iii) the filing of the articles of merger contemplated by section 1.05(a) and the filing of documents with the fdic, the occ, applicable state banking agencies, and the secretary of state of alabama to cause the bank merger to become effective, (iv) such other filings and reports as required pursuant to the exchange act and the rules and regulations promulgated thereunder, or applicable stock exchange requirements, (v) any consents, authorizations, approvals, filings or exemptions in connection with compliance with the rules and regulations of any applicable sro and the rules of the nasdaq and (vi) such filings and approvals as are required to be made or obtained under the securities or “blue sky” laws of various states in connection with the issuance of the shares of fbms common stock pursuant to this agreement and approval of listing of such fbms common stock on the nasdaq. subject to the receipt of the approvals referred to in the preceding sentence, the execution, delivery and performance of this agreement and the consummation of the transactions contemplated hereby by fbms do not and will not, (1) constitute a breach or violation of, or a default under, the articles of incorporation and bylaws of fbms, (2) violate any statute, code, ordinance, rule, regulation, judgment, order, writ, decree or injunction applicable to fbms or any of its subsidiaries, or any of their respective properties or assets, (3) violate, result in a breach of any provision of or the loss of any benefit under, constitute a default (or an event which, with notice or lapse of time, or both, would constitute a default) under, result in the termination of or a right of termination or cancellation under, accelerate the performance required by, or result in the creation of any lien upon any of the respective properties or assets of fbms or any of its subsidiaries under, any of the terms, conditions or provisions of any note, bond, mortgage, indenture, deed of trust, license, lease, contract, agreement or other instrument or obligation to which fbms or any of its subsidiaries is a party, or by which they or any of their respective properties or assets may be bound. as of the date hereof, fbms is not aware of any reason (i) why the regulatory approvals and other necessary consents and approvals will not be received in order to permit consummation of the merger and bank merger on a timely basis, and (ii) why any burdensome condition would be imposed.",legal,ledgar:44
specialises tuffstuff actroport get an obligation free quote specialised 4x4 insurance product www.tuffstuff.co.za,marketing,ads:6600
"complimentary cell phone bait-excelled @ em. ca november 28, 2004 you have been selected to receive a free * nokia 6016 and accessories! click here to get yours now. this offer comes to you from one of the nation's fastest growing sprint pcs dealers. respond within one week, and you will receive a state-of-the-art nokia 6016 phone with 500 minutes sprint nationwide pcs network, for free *. you new digital wireless phone may also come equipped with the following free * features: voice activated dialing, no roaming or long distance charges, voice mail, three way calling, aol instant messenger and caller id. all at no charge to you! do not miss out on this offer! click here now! your calling plan, for which you be billed monthly by the service provider of your choice, may include 500 sprint nationwide pcs minutes with unlimited night and weekend minutes. it's a lot to accept-but we urge you to do so within 7 days. on that day the offer may be withdrawn and your free * cell phone package reassigned. click here for the best wireless phone deal now! offer approved by, r. joseph smith director of inventory management * phone free after instant rebate. this offer is fulfilled by inphonic inc., an authorized dealer for sprint. offer subject to credit approval or deposit, and is available to customers activating a new line of service on a two-year contract with sprint. not all us markets are served by sprint. if you are not in a sprint area you will receive another great offer from another major wireless company. other restrictions apply, see full offer for details. offer may vary. if you no longer wish to receive offers which are fulfilled from inphonic, inc. visit here or write to inphonic, inc. attn: customer relations-compliance 9301 peppercorn place, largo, md 20774 "" + + + + + the preceding advertisement was sent from fillmypocketsfull. com to bait-excelled at em. ca. if you would like to stop receiving advertisements from fillmypocketsfull. com in the future, please + + + + +",marketing,enron:15482
"`` content '' includes the text, software, scripts, graphics, photos, sounds, music, videos, audiovisual combinations, interactive features and other materials you may view on, access through or contribute to the service.",legal,unfair_tos:190
bitdefender get the special discount! buy now av bitdefender. total security mond mas,marketing,ads:2144
"except as otherwise prohibited or authorized by law, employee agrees that he will not publicize or disclose the terms of this agreement to the public generally except that employee may disclose the terms of this agreement to his spouse, attorneys and/or tax advisors, provided they agree to equally be bound by this confidentiality provision. company and employee agree that it shall not be a breach of this agreement if disclosure of any information covered by this paragraph has been compelled through the issuance of compulsory legal process, provided, however, that in such case, employee agrees to give company reasonable notice of the order or subpoena in question and an opportunity to challenge the disclosure of any such information before the appropriate court or agency. all costs and fees shall be borne by the party seeking to challenge the disclosure of the terms of the agreement. employee agrees to give such notice to company, in writing, to the vp, hr at the address provided in paragraph 5(c) above. it shall not be a breach of this paragraph to disclose the terms of this agreement in a suit to enforce the terms of this agreement or defend a claim that this agreement has been breached. employee acknowledges, understands, and agrees that this confidentiality provision is a material term of this agreement. nothing herein shall restrict the company’s ability to disclose the terms of this agreement in order to comply with applicable law, including its securities filings.",legal,ledgar:138
there shall be no fee for the services of escrow agent.,legal,ledgar:206
"be a smart shopper and capture more deals on quality inks. if you want to shop for ink toners and cartridges, please check our discount store that offers a wide selection of deals and specials on brand name ink products. customers can select online discount store for quality inks for apple, nec, lexmark, compaq, brother, epson and more others. all orders are shipped by usps priority service. for domestic orders, it normally takes 2 to 3 days for shipping. press here for your ink needs. if you need assistance, please contact our support team and they will try their best to help. belichick had nothing but praise for his makeshift secondary.. played very well. theres nothing magical. they rushed them. they jammed them. they tackled the season ended for the colts right where it started. theylost the opener in foxboro 2724 when vanderjagt missed a 48 yard field goal attempt in the final",marketing,enron:32016
"all maintenance fees, annuities, and the like due on the assigned metabolix patent rights have been timely paid through the date of the applicable patent assignment agreement.",legal,ledgar:159
the timing of your order is determined by taking into account the number of orders and the circumstances being faced by the partner restaurant at that time.,legal,unfair_tos:58
i've been assigned the ' advertising ' book-i'll talk you through it. basically buying and selling ad space. bottom line-i need a body to run the book-it's seperate from braodband-but some of the people are the same-jim will run it. what can you do for me? please...... b.,other,enron:22890
"the licensee 's use of the service may also be subject to other local, state, national or international laws.",legal,unfair_tos:152
"seller agrees to indemnify and hold the buyer harmless from any liability, loss, cost, claim, and/or demand that any broker or finder may have in connection with this transaction as a result of actions taken by the seller.",legal,ledgar:179
"vince, here is a rough schedule as we had discussed. we can work the details once i get there. thanks again for all your efforts. look forward to my stint in houston. regards, sandeep.",other,enron:7164
connecting to the internet via a corporate or other private network which masks your location may cause charges to be different from those displayed for your actual location.,legal,unfair_tos:198
"year end 2000 performance feedback note: you will receive this message each time you are selected as a reviewer. you have been selected to participate in the year end 2000 performance management process by providing meaningful feedback on specific employee (s). your feedback plays an important role in the process, and your participation is critical to the success of enron's performance management goals. to complete requests for feedback, access pep at http: / / pep. corp. enron. com and select perform review under performance review services. you may begin providing feedback immediately and are requested to have all feedback forms completed by friday, november 17, 2000. if you have any questions regarding pep or your responsibility in the process, please contact the pep help desk at: houston: 1. 713. 853. 4777, option 4 london: 44. 207. 783. 4040, option 4 email: perfmgmt @ enron. com thank you for your participation in this important process. the following is a cumulative list of employee feedback requests with a status of "" open. "" once you have submitted or declined an employee's request for feedback, their name will no longer appear on this list. review group: enron feedback due date: nov 17, 2000 employee name supervisor name date selected-----------------------------------------brown, elizabeth y richard a dietz oct 26, 2000 donoho, lindy h steven m harris nov 02, 2000 hyatt, jess k steven m harris oct 30, 2000 scott, susan c drew j fossum nov 03, 2000",other,enron:28153
"pnm capacity: rehearing request today the commission issued a tolling order on our request for rehearing in the pnm capacity docket. as you recall, we asked for rehearing of the commission's requirement that tw's acquisition of capacity be limited to the summer months. the tolling order is simply ferc's way of buying time to consider our request. in the absence of commission action within 30 days of our rehearing request, our request would have been deemed denied... so we're doing well so far. there is no deadline for the commission to act on our request. i'll watch to see whether it appears on the commission's agenda.",other,enron:28157
lilicl th built in the fifties original unrestored some parts still in working order don't worry tandv shots old enough to know better,marketing,ads:1475
"subscriber may not post or transmit, or cause to be posted or transmitted, any communication or solicitation designed or intended to obtain password, account, or private information from any 9gag, inc user.",legal,unfair_tos:33
"fw: mckinsey partner specializing in agriculture hi vasant, as per our lunch conversation on yesterday, i mentioned that a friend of mine is a partner at mckinsey and he specializes in agriculture. attached is an email from him regarding meeting you and others here at enron. how do you wish to proceed? thanks, iris-----original message-----from: @ enron sent: wednesday, march 07, 2001 2: 17 am to: mack, iris subject: re: iris mack at enron hey iris, great to hear from you and welcome back stateside! i would be delighted to meet with you and your colleagues. bernard margot tyler 03 / 06 / 2001 to: bernard 02: 41 pm loyd / chi / northamerica / mckinsey cc: subject: re: iris mack at enron-----forwarded by margot tyler / chi / northamerica / mckinsey on 03 / 06 / 2001 02: 41 pm-----to: margot _ tyler @ mckinsey. com 03 / 06 / 2001 cc: 02: 27 pm subject: re: message for bernard hi again, i had lunch today with some of the guys in my group who work on agriculture-related deals and on weather derivatives. i mentioned to them about bernard's working at mckinsey and specializing in the agriculture area. we thought it might be worthwhile if we all had a chat and / or met to discuss possible collaborative efforts. will you please forward this email on to bernard to see if this might be of interest to him? thanks, iris | this message may contain confidential and / or privileged | | information. if you are not the addressee or authorized to | | receive this for the addressee, you must not use, copy, | | disclose or take any action based on this message or any | | information herein. if you have received this message in | | error, please advise the sender immediately by reply e-mail | | and delete this message. thank you for your cooperation. |",other,enron:8646
we are constantly changing and improving our services.,legal,unfair_tos:176
"risk article fyi.---------------------- forwarded by vasant shanbhogue / hou / ect on 01 / 23 / 2001 09: 06 am---------------------------ben parsons 01 / 23 / 2001 08: 51 am to: nigel price / lon / ect @ ect, george albanis / lon / ect @ ect, markus fiala / lon / ect @ ect, jean-sebastien fontaine / corp / enron @ enron, katherine siig / eu / enron @ enron, amitava dhar / corp / enron @ enron, vasant shanbhogue / hou / ect @ ect, ilan hershkovitz / lon / ect @ ect, greg hedger / lon / ect @ ect, david a wall / risk mgmt / lon / ect @ ect, simon brooks / lon / ect @ ect cc: bryan seyfried / lon / ect @ ect, steven leppard / lon / ect @ ect subject: risk article everyone should read the attached risk article about calculating def probs from cds quotes. amazingly it is in pretty close agreement with our own methodology for both cds valuation and reverse engineering def probs. the only extension in the reverse engineering is that instead of linearly interpolating cds quotes, they propose minimising an error measure based on ' smoothness ' of def prob curve and difference between model and market prices. what is also amazing is the fact that this article has been published in risk, given that it is essentially the same as my credit pricing paper, plus one excellent idea. given extra time, resources and brainpower, there is no reason why we shouldn't have similar work published ourselves. ben (thanks steve for pointing this article out)---------------------- forwarded by ben parsons / lon / ect on 23 / 01 / 2001 14: 40---------------------------london fax system 2 23 / 01 / 2001 14: 09 to: ben parsons / lon / ect @ ect cc: subject: new fax received (likely sender: + 44 20 7783 8076). you have received a new fax from + 44 20 7783 8076 the image contains 3 page (s).",other,enron:8314
"california litigation team-weekly conference call a conference bridgeline has been set up for the california litigation team weekly conference call. the call will be held every thursday from 2: 00 to 3: 00 p. m. central time beginning thursday, april 19. domestic dial in number: 1-800-713-8600 international dial in number: 1-801-983-4017 passcode: 56871 host: mark haedicke conference room: eb 38 c 2 janette elbertson enron north america corp. legal department-eb 3326 telephone: (713) 853-7906 fax: (713) 646-2600 janette. elbertson @ enron. com",other,enron:11487
"re: ref: letter dated july 20, 2001 ms. kitchen, thank you for your response and the wise words to read more hbs studies! i appreciate your honest answers and sound advice. i am extremely interested in enron broadband for opportunities this fall. do you know of anyone there i could talk to about roles for mba's, opportunities, the culture, and what roles mba's play? thanks again for your time and i look forward to talking with you more. sincerely, chad storlie 7 / 31 5: 14 p > > > chad, answers to questions (clearly not enron answers but my own personal views) 1. the areas you are looking at are not directly commercial and this should be something you consider. essentially you may wish to consider a consultancy company which is much more akin to your interests which are not our core competencies. you need to decide whether you wish to pursue a commercial career or not-decide what your risk profile is, a consultant role is low reward, low risk and commercial player has a high / risk reward profile. 2. driven, enthusiastic, hard working, highly analytical, personable and motivated. 3. not having an mba personally, i find this one simple to answer. too much occupation with trying to apply theory to practice / not seeing the wood for the trees (english expression). 4. get some practical experience. 5. more case studies (harvard business). good luck. this e-mail is the property of enron corp. and / or its relevant affiliate and may contain confidential and privileged material for the sole use of the intended recipient (s). any review, use, distribution or disclosure by others is strictly prohibited. if you are not the intended recipient (or authorized to receive for the recipient), please contact the sender or reply to enron corp. at enron. messaging. administration @ enron. com and delete all copies of the message. this e-mail (and any attachments hereto) are not intended to be an offer (or an acceptance) and do not create or evidence a binding and enforceable contract between enron corp. (or any of its affiliates) and the intended recipient or any other party, and may not be relied on by anyone as the basis of a contract by estoppel or otherwise. thank you.",other,enron:12374
please forward any comments or complaints about the service to techsupport@viber.com.,legal,unfair_tos:170
any amendment to or waiver of our terms requires our express consent.,legal,unfair_tos:38
"each lender agrees to indemnify each agent and each of its affiliates, and each of their respective directors, officers, employees, agents and advisors (to the extent not reimbursed by the borrower), ratably according to their respective aggregate exposure percentages in effect on the date on which indemnification is sought under this section (or, if indemnification is sought after the date upon which the commitments shall have terminated and the loans shall have been paid in full, ratably in accordance with such aggregate exposure percentages immediately prior to such date), from and against any and all liabilities, obligations, losses, damages, penalties, actions, judgments, suits, costs, expenses and disbursements (including fees, expenses and disbursements of financial and legal advisors) of any kind or nature whatsoever that may be imposed on, incurred by, or asserted against, any agent or any of its affiliates, directors, officers, employees, agents and advisors in any way relating to or arising out of this agreement or the other loan documents or any action taken or omitted by such agent under this agreement or the other loan documents; provided, however, that no lender shall be liable for any portion of such liabilities, obligations, losses, damages, penalties, actions, judgments, suits, costs, expenses or disbursements resulting from the administrative agent’s or such affiliate’s gross negligence or willful misconduct. without limiting the foregoing, each lender agrees to reimburse each agent promptly upon demand for its ratable share of any out-of-pocket expenses (including fees, expenses and disbursements of financial and legal advisors) incurred by such agent in connection with the preparation, execution, delivery, administration, modification, amendment or enforcement (whether through negotiations, legal proceedings or otherwise) of, or legal advice in respect of its rights or responsibilities under, this agreement or the other loan documents, to the extent that such agent is not reimbursed for such expenses.",legal,ledgar:133
"sell advertising space on your website did you know that selling advertising on your website is a great way to earn extra revenues with absolutely no extra effort? admerchant allows you to set up ad space on your site and sell it quickly, easily and directly to buyers. you will have the immediate benefit of earning significant revenues. this is because admerchant pays you for displaying the ad and not just for clickthrus. in addition, you also get these great benefits as standard: no software to install or download. just paste a couple of lines of html on your web pages. you have total control by deciding what ads to allow on your site. you decide how much to charge for your ad space. payments are made to you automatically regardless of the amount. it is free to join and you remain in total control of your ad space. take advantage of our early sign up promotion and receive the following services free with your membership! a premium entry of your site in admerchant's directory. a free search engine optimisation (seo) assesment of your site. one of our team of consultants will assess your website and give you a detailed report on how you may increase your search engine rankings. all you have to do is visit the directory and get your site listed today. with warmest regards, george stevens customer manager, www. admerchant. co. uk george. stevens @ admerchant. co. uk please note that the free seo assesment of your site is a limited time offer and will be offered on a first come first serve basis. your are subscribed as glovechangeful @ mailb. fakeoutdoorsman. com.. please click here to unsubscribe. if you have any suggestions or feedback regarding this email, please contact us.",marketing,enron:10274
trade counts-nov 19 best gas day in a while: trade date na gas na power total trade cnt 11 / 19 / 2001 3653 1051 5586 11 / 18 / 2001 57 15 72 11 / 17 / 2001 24 28 52 11 / 16 / 2001 2627 909 4792 11 / 15 / 2001 2853 1095 5155 11 / 14 / 2001 2585 867 5246 11 / 13 / 2001 2323 933 4809 11 / 12 / 2001 2627 833 4780 11 / 11 / 2001 28 10 39 11 / 10 / 2001 13 17 30 11 / 9 / 2001 1836 784 3659 11 / 8 / 2001 2386 941 4393 11 / 7 / 2001 3564 1582 6141 11 / 6 / 2001 3805 1569 6283 11 / 5 / 2001 4016 1599 6518 11 / 4 / 2001 26 10 37 11 / 3 / 2001 27 32 59 11 / 2 / 2001 3786 1205 5853 11 / 1 / 2001 4003 1498 6575 regional breakouts:,other,enron:14010
start date: 12 / 14 / 01; hourahead hour: 7; start date: 12 / 14 / 01; hourahead hour: 7; no ancillary schedules awarded. no variances detected. log messages: parsing file-- > > o: \ portland \ westdesk \ california scheduling \ iso final schedules \ 2001121407. txt,other,enron:17300
"re: june 00 production-o ' connor & hewitt ltd.---------------------- forwarded by david baumbach / hou / ect on 08 / 16 / 2000 02: 45 pm---------------------------delma salazar @ enron 08 / 16 / 2000 02: 30 pm to: david baumbach / hou / ect @ ect cc: subject: re: june 00 production-o ' connor & hewitt ltd. dave: thanks for your help, but i found it-- in unify, it's t-c oil. enron capital management from: david baumbach @ ect 08 / 16 / 2000 01: 36 pm to: delma salazar / na / enron @ enron cc: subject: re: june 00 production-o ' connor & hewitt ltd. according to daren farmer, this is the name. unify should have something for them. if i find out anything different i'll let you know. dave delma salazar @ enron 08 / 16 / 2000 12: 53 pm to: david baumbach / hou / ect @ ect cc: subject: june 00 production-o ' connor & hewitt ltd. dave: this was flashed as o ' connor & hewitt ltd (233, 343 mmbtu, $1, 010, 836. 57), but i don't see anything coming through in unify-- do you know if maybe they have another name? thanks!",other,enron:1404
"each party hereby represents and warrants as of the effective date to the other party that (a) the person executing this agreement is authorized to execute this agreement; (b) this agreement is legal and valid and the obligations binding upon such party are enforceable by their terms; and (c) the execution, delivery and performance of this agreement does not conflict with any agreement, instrument or understanding, oral or written, to which such party may be bound, nor violate any law or regulation of any court, governmental body or administrative or other agency having jurisdiction over it.",legal,ledgar:218
ashley update the look of your updated space shop now →,marketing,ads:4082
ready to enjoy date night safely? get up. get out. get vaccinated. find a vaccination site near you click here,marketing,ads:1534
trust our local experts as your partner community new digital 65,marketing,ads:1861
"this amendment may be signed in counterparts, each of which shall be deemed an original and all of which, taken together, shall be deemed one and the same document.",legal,ledgar:214
"hpl nomination for january 15 thru 17, 2000 (see attached file: hplol 15. xls)-hplol 15. xls",other,enron:141
relax in your retreat shop bedroom →→ ashley,marketing,ads:4124
"medco espeak & brown bag session this message is intended for all u. s. employees eligible for enron's domestic medical plans. if you receive this notification in error, please disregard.",other,enron:28016
"tropical cyclones dear all, yesterday, i mentioned to vince the inhouse modelling capabilities and the impact weather and the weather forecast can have on some of enron's operations and risk management positions. for this reason i have attached three files, two of those show to tropical cyclones off the coasts of australia, i. e. rachel and drena. tropical cyclones pose a significant risk, and an early warning system can be part of a better risk strategy. please, note that the modelling system has been further improved since the simulation was done. also, we can focus on another large problem and associated risk. dust storms can pose a significant risk to a number of industries, and the prediction of such events has been very difficult, if not impossible. for this reason a gis database has been developed and coupled to the nwp model, which allows prediction of such events in realtime. for the depicted event an estimated 6 million tonnes of top soil was lost, and with it $$. maybe we can set up a conference call to discuss * the above mentioned points * further improvments in forecasting based on the high resolution forecasts * weather and climate on a global perspective for enron * how to further improve the forecast for enron regards, christian ps: i tried to sent of this e-mail last night, but their appears to be a limit of 10 mb, so i will send off the individual files....",other,enron:6554
u pick em 7 t college basketball pick the perfect bracket win $1 million sign up today,marketing,ads:2852
"this agreement sets forth the entire understanding of the parties and supersedes all prior agreements or understandings, whether written or oral, with respect to the subject matter hereof, and that the company has not made any promise or offered any other agreement, except those expressed in this agreement, to induce employee to enter into this agreement. the parties agree to bear their own costs and attorneys’ fees incurred in relation to employee’s employment with the company, the termination of such employment, and/or the preparation and execution of this agreement.",legal,ledgar:198
"netco power marketing west power is starting to prepare for marketing / contracting for netco-basically coming up with the following: target lists:-national dealer-duke, williams, etc.-strong regional-pacificorp, bpa, etc.-customer-city of santa clara contract debate:-wish list of modifications by customer-copy existing agreements or come up with clean new template? customer message:-what do we tell them now?-what do we tell them when we are up and running? questions: do you want me to start looking after the east? if so, should i call duran? presto? if i am in houston next week i can meet with the team. thought: the most important counterparties are the big dealer / marketers that will want to have a physical gas, physical power and isda agreement. do we want me to help coordinate any of this across other groups? sager and i are thinking through this on power-i'm not sure where gas is. regards, chris calger 503-464-3735",other,enron:14356
"3 locations free: orlando, las vegas, ft laud. congratulations on receiving this special e-mail invitation!!! these invitations were only being sent out... to a very select group of individuals like yourself... who were confirmed and qualified to receive this spectacular offer!!! please click on the link below to register and receive your complimentary three night stay in your choice of three (3) of these nine (9) fun filled locations!!!-magical orlando-las vegas... city of lights-palm beach, fl.... florida's best kept secret-fabulous ft, lauderdale-atlantic city... city of excitement-new smyrna beach, fl.... secluded from it all-daytona beach, fl... the worlds most famous beach-key west, fl... the southern most point in the u. s.-miami south beach. the city that never sleeps so log onto: http: / / www. famtriptravel. com / 3 mv _ cntr. html... for your complimentary vacations for two!!! keep in mind... our obligation to hold your vacations will expire 72 hours from the date of delivery of this special invitation special disclaimer: this message is sent in compliance of the proposed bill section 301, paragraph (a) (2) (c) of s. 1618. by providing a valid remove me feature it can not be considered spam. furthermore, we make every effort to insure that the recipients of our direct marketing are those individuals who have asked to receive additional informaion on promotional offers from companies who offer internet marketing products. again we apologize if this message has reached you in error. screening of addresses has been done to the best of our technical ability. we honor all removal requests. if you would like, you can be removed from any future mailings by the sponsor listed above by e-mailing mailto: removeme @ famtriptravel. com with the subject remove me in the subject line. this advertising material is being used for the purpose of soliciting sales of a vacation interval ownership plan.",marketing,enron:24233
open weekly tuesday-saturday 8am to 5pm green valley bookfair shop now,marketing,ads:1064
"on track or off, we've got you covered hagerty insurance quote now",marketing,ads:4801
"if you open a brand account, you represent and warrant that you are authorized to grant all permissions and licences provided in the agreements and to bind the brand to the agreements.",legal,unfair_tos:71
paid political advertising thank you governor lombardo for vetoing ab250 and protecting patients not insurers! healthy nevada healthynevadans.com paid for by healthy nevada,marketing,ads:6379
el paso order on complaint attached is a summary of the el paso order issued today on amoco / burlington and kn marketing complaints confirming the unjust manner of allocation and directing el paso to revise its method according to a ferc-created formula.,other,enron:28104
secret lab discover a new way to get organized www.secretlab.co,marketing,ads:1751
"internal guest id and passowrd darren, you have been set up for an id and password for internal website access, at www. enrononline. com. your id and password is as follows: id: eol 76371 password: welcome! please not that the id and password will need to be in all upper case. please feel free to contact me if you have any question or problems getting into the system. thanks tara x 34523",other,enron:117
"5.5 no access to emergency services: neither the products nor the software are intended to support or carry emergency calls to any type of hospitals, law enforcement agencies, medical care unit or any other kind of services that connect a user to emergency services personnel or public safety answering points (`` emergency services '').",legal,unfair_tos:76
fiverr. find a freelancer that fits your needs find a freelancer,marketing,ads:6091
"judgment upon the award so rendered may be entered in a court having jurisdiction or application may be made to such court for judicial acceptance of any award and an order of enforcement, as the case may be.",legal,unfair_tos:182
"no credit party will create, incur, assume or suffer to exist any lien on any of its assets, except for permitted liens.",legal,ledgar:184
"for gallegos's shop customers! dear customer! we updated our programs list, and now we offer you more new software items visit our full catalog and check new software titles here: with best regards, product manager emory arnold",marketing,enron:29498
"=? ansi _ x 3. 4-1968? q? use _ of _ corporate _ american _ expre? = in light of recent events, effective immediately, all usage of the corporate american express card is restricted to transactions (approved by your management) for business travel at airline, hotel, car rental and restaurant establishments. transactions attempted at other establishments will be denied at the point of sale. effective friday, december 7 th, all charge privileges on all corporate american express corporate cards will be suspended indefinitely. there will be no charge activity allowed on any card after close of business on friday, december 7, 2001. enron and each cardholder maintain joint liability on all authorized business related charges on the corporate american express card. each individual cardholder maintains sole liability for non-business related charges. it is highly recommended that all outstanding and approved business expenses incurred on the american express corporate card be submitted through xms for reimbursement as soon as incurred. we are continuously working on solutions to facilitate business travel processes. if you have an immediate need or solution, please let us know. for assistance, please contact: tracy ramsey, director global travel services (713) 646-8311, tracy. ramsey @ enron. com enron travel management (713) 345-6252, enron travel @ enron. com.",other,enron:14172
"why pay for ppv? how are you, we're proud to be able to offer you this 2005 ppv digital cable filter at a wonderful price. it's here! the 54 mhz digital cable filter has the latest pass through technology video bypass chip. at this time, its the only digital cable filter on the market today that you can get with the new lockup buster technology! will work on: motorola scientific atlanata general instruments pioneer and hundeds more.. check us out. http: / / 1 clickchannel. info bye, ms mccarthy pink banana orange watermellon that computer programmer isn't enjoying swimming behind the post office right at this time. that computer programmer isn't enjoying swimming behind the post office right at this time. brown mango blue grape but this is where you come in: between now and november, you, the american people, you can reject the tired, old, hateful, negative politics of the past. and instead you can embrace the politics of hope, the politics of what's possible because this is america, where everything is possible.. haven't the journalists liked surfing?.",marketing,enron:32716
"you may redeem no more than 550,000 points per calendar year in the program.",legal,unfair_tos:172
the changes will be effective when published.,legal,unfair_tos:148
tsm official pc & monitor of tsm ftx f sd the world's first 16' qhd gaming laptop gear up now legion 7 with intel® core™ i9 lenovo,marketing,ads:1085
"more cash for the business you already write-immediately get your bonus! call mo marketing today! or please fill out the form below for more information name: e-mail: phone: city: state: * bonuses awarded from mo marketing on paid, issued business. for agent use only. offer subject to change without notice. offer starts 7 / 15 / 02. offer ends 12 / 31 / 02. offer good in all states except: wi, in, de. not available with all carriers. we don't want anyone to receive our mailings who does not wish to receive them. this is a professional communication sent to insurance professionals. to be removed from this mailing list, do not reply to this message. instead, go here: http: / / www. insuranceiq. com / optout legal notice",marketing,enron:24791
congratulations! congratulations to all on your recent promotions! great job! jeff harbert clickpaper. com,other,enron:23792
"leon county press the chest saturday, june 3, from 10 a.m. -12 p.m. all ages event donald l. tucker civic center mergency legn county plund ba medical revics ares learn more",marketing,ads:4003
"re: revised cover memo i know-- clueless wonder lost it in cyberspace-- it has been resent. are you and marcus dropping by tomorrow?-----original message-----from: kitchen, louise sent: mon 12 / 31 / 2001 9: 20 am to: cash, michelle; lavorato, john cc: schuler, lance (legal); oxley, david; mary. jean. potenzone @ weil. com subject: re: revised cover memo no attachment-----original message-----from: cash, michelle sent: monday, december 31, 2001 9: 11 am to: lavorato, john; kitchen, louise cc: schuler, lance (legal); oxley, david; mary. jean. potenzone @ weil. com subject: revised cover memo john and louise, i have taken john's draft and added a few thoughts, including the issue of what happens if there is not a new agreement with counterparty (the enron agreement remains in effect), the possibility that the new entity may not hire everyone, and the concept that they transfer to the new entity upon closing. let me know your thoughts. michelle",other,enron:14491
"leon county- press the chest السلسلة free cpr training for the community all ages event saturday, june 3 10 a.m. -12 p.m. donald l. tucker civic center click here to register leon",marketing,ads:4004
"and //fairstead redefining affordable housing 25,000 residents www. www i 90+ communities 18 states learn more",marketing,ads:1092
"instonilne. com dear sir / madam: we are a professional online tester & meter transaction platform located in beijing, china. some of our members may show interests in your test equipment if you register and promote your products on my website (for free)? so would you do that or will you e-mail me your catalog? best regards vincent sobo network technology corporation. room 605, no. 106 zhichunlu, haidian district, 100086, beijing, china tel: 86-10-82638593-822 fax: 86-10-82638561 website: www. instonline. com / e-mail: vincent @ instonline. com",marketing,enron:15932
"this agreement and the obligations of the members hereunder shall be construed and enforced in accordance with the laws of the state of delaware, excluding any conflicts of law rule or principle which might refer such construction to the laws of another state or country. each member submits to the jurisdiction of the state and federal courts of the state of new york.",legal,ledgar:240
"reach out to a friend about their mental health. learn more ""want to go for a walk?"" seize the awkward ad foundation suicide prevention jed",marketing,ads:4067
9.3 viber credit currently can be used only for viber out calls.,legal,unfair_tos:42
"no waiver, forbearance or failure by either party of its right to enforce any provision of this agreement shall constitute a waiver or estoppel of such party’s right to enforce such provision in the future.",legal,ledgar:289
"louise as you requested, here is the link for the audio broadcast of the maine commission deliberations for 1: 30 ept this afternoon. it uses the real audio plug-in. regards john",other,enron:12906
"tech services i spoke with wayne mays-he spoke with coleman and virgo and confirmed my understanding: wayne's rc has the following people: portland: bill williams-development mark mullen-development larry soderquist-transmission stan gray-transmission don hamond-transmission jodi blackburn-contracts patty deas-admin houston: walter koffer-transmission most of walter koffer's work is for the east, but wayne pays for him because:-the other transmission people are part of wayne's world;-west occassionally borrows people from virgo-(1 person for two weeks, 2 people 2 hours a day for 3 months, etc.) and uses approximately one person-year. this totals 9 people for the west-one less than a moth ago (kraszewski already left the company). no one else should be charged to the west. the west should not be used for arguing the existence of other technical people in the east. my budget will show 8 people for tech services which means that i intend to reduce by one more-likely to occur in ql. regards, chris calger 503-464-3735",other,enron:13241
"see codes 3 easy steps: 1: click ""see codes"" 2: download shopping extension 3: apply coupon codes! capital one shopping",marketing,ads:5606
heating & air plumbing electrical air quality free air conditioner with purchase of furnace *for a limited time only 45- 45th anniversary preseason sale book now rlemea wir,marketing,ads:2854
"skype may, without prior notice, assign these terms or any rights or obligations contained in them to any third party.",legal,unfair_tos:193
"each credit party has the corporate or other organizational power and authority to execute, deliver and carry out the terms and provisions of the credit documents to which it is a party and has taken all necessary corporate or other organizational action to authorize the execution, delivery and performance of the credit documents to which it is a party. each credit party has duly executed and delivered each credit document to which it is a party and each such credit document constitutes the legal, valid and binding obligation of such credit party enforceable in accordance with its terms, except as the enforceability thereof may be limited by bankruptcy, insolvency or similar laws affecting creditors’ rights generally and subject to general principles of equity.",legal,ledgar:115
"year end 2000 performance feedback note: you will receive this message each time you are selected as a reviewer. you have been selected to participate in the year end 2000 performance management process by providing meaningful feedback on specific employee (s). your feedback plays an important role in the process, and your participation is critical to the success of enron's performance management goals. to complete requests for feedback, access pep at http: / / pep. corp. enron. com and select perform review under performance review services. you may begin providing feedback immediately and are requested to have all feedback forms completed by friday, november 17, 2000. if you have any questions regarding pep or your responsibility in the process, please contact the pep help desk at: houston: 1. 713. 853. 4777, option 4 london: 44. 207. 783. 4040, option 4 email: perfmgmt @ enron. com thank you for your participation in this important process. the following is a cumulative list of employee feedback requests with a status of "" open. "" once you have submitted or declined an employee's request for feedback, their name will no longer appear on this list. review group: enron feedback due date: nov 17, 2000 employee name supervisor name date selected-----------------------------------------crenshaw, shirley j wincenty j kaminski oct 26, 2000 tamarchenko, tanya v vasant shanbhogue oct 26, 2000 villarreal, norma e sheila h walton oct 26, 2000 walton, sheila h david oxley oct 27, 2000 yaman, sevil vasant shanbhogue oct 27, 2000",other,enron:7446
start date: 12 / 25 / 01; hourahead hour: 5; start date: 12 / 25 / 01; hourahead hour: 5; no ancillary schedules awarded. no variances detected. log messages: parsing file-- > > o: \ portland \ westdesk \ california scheduling \ iso final schedules \ 2001122505. txt,other,enron:17450
"always seek the advice of your physician or other qualified health care provider with any questions you may have regarding a medical condition, diet, fitness, or wellness program.",legal,unfair_tos:169
dolan law free consultation click for details dolanlawfirm.com,marketing,ads:241
vid merican eva urina mls shop now atti mlsstore canyo ss minerals austi 3 thomas,marketing,ads:6876
"fw: mark boland-deal examples and accomplishments here's the list of deals and accomplishments for mark... molly-----original message-----from: vasut, tony sent: tuesday, march 13, 2001 9: 59 am to: magee, molly subject: fw: mark boland-deal examples and accomplishments-----original message-----from: port, david sent: monday, march 12, 2001 10: 47 am to: vasut, tony subject: fw: mark boland-deal examples and accomplishments-----original message-----from: mark. boland @ seb. se @ enron sent: monday, march 12, 2001 8: 05 am to: port, david subject: fw: mark boland-deal examples and accomplishments >-----original message-----> from: boland, mark > sent: tuesday, january 23, 2001 15: 26 > to: ' david. port @ enron. com ' > subject: mark boland > > david, > > i'll attach below a short outline which i have recently put together to > summarize what i've been up to. > also, i've attached a couple of termsheets (we had very few in english) to > give you a sample of my > production. more is available if need be. i've put together around 200 > various deals in the last 3 years. > i believe you already have my resume from mark, but i'll be glad to send > another copy. > > i'll be tracking you down on the phone in the near future. > regards, > mark > > > > > > > outline: > 1) structuring > a) provided coordination of all parts and entities in closing > structured bond deals. i. e.: coordination of > swap. option, bond issuer, back offices, documentation, middle > office, sales, traders (swap desk and > multiple counterparties), research, credit limits, legal, etc. > b) did all of the above in a) in a profitable and successful manner, > while evolving the product > and processes at seb. this was accomplished both individually and as > part of a team. > 2) idea generation > a) constantly provided group with new ideas to consider, every week. > provided written > and / or verbal explanation and additional information and coaching > b) have brought forth new ideas which we have used and made profits > from > 3) option trading > a) represent my department and seb to world's leading investment > banks and derivatives > traders on some of the most complex financial transactions carried > out in today's market > b) successfully trade the product while maintaining huge profits, > and not making errors > which cost the bank money > c) providing clients with a superior investment product > d) creating enormous profits from arbitrage trading on my own > abilities, > 4) systems > a) constructed valuation model for use by back, middle office, and > risk control, and ultimately > clients receive the results of this, received positive feedback from > users > b) part of team to negotiate and choose new equity derivatives > systems > 5) training other members of the structured department > a) product knowledge > b) market knowledge > c) system use > d) all aspects of structuring to stockholm and international sales > team > e) have successfully played role of "" information boo",other,enron:8705
"price caps---------------------- forwarded by vladimir gorny / hou / ect on 11 / 01 / 2000 03: 39 pm---------------------------from: tim belden 10 / 27 / 2000 05: 40 pm to: john j lavorato / corp / enron, dave delainey, mike swerzbin / hou / ect @ ect, robert badeer / hou / ect @ ect, sean crandall / pdx / ect @ ect, tim belden / hou / ect @ ect, jeff richter / hou / ect @ ect, diana scholtes / hou / ect @ ect, tom alonso / pdx / ect @ ect, mark fischer / pdx / ect @ ect, john m forney / hou / ect @ ect, paul choi / sf / ect @ ect, john malowney / hou / ect @ ect, holli krebs / hou / ect @ ect, greg wolfe / hou / ect @ ect, chris h foster / hou / ect @ ect, stewart rosman / hou / ect @ ect, kim ward / hou / ect @ ect, debra davidson / pdx / ect @ ect, tim belden / hou / ect @ ect, lester rawson / pdx / ect @ ect, john zufferli / cal / ect @ ect, james d steffes / na / enron @ enron, mary hain / hou / ect @ ect, christopher f calger / pdx / ect @ ect, dave parquet, phillip k allen / hou / ect @ ect, vladimir gorny / hou / ect @ ect, monica lande / pdx / ect @ ect, elliot mainzer / pdx / ect @ ect, tim heizenrader / pdx / ect @ ect, cooper richey, stephen swain / pdx / ect @ ect, susan j mara / sfo / ees @ ees, steven j kean / na / enron @ enron, mark palmer / corp / enron @ enron cc: debra davidson / pdx / ect @ ect subject: price caps the following summarizes recent price cap events in california. i think that i have most of it right. if there is anything wrong or missing please let me know. please don't share the attached spreadsheet with anyone outside of enron. regards, tim new cap specifics on 10 / 26 / 2000 the iso board passed a motion by a vote of 13-10 to implement a new price cap methodology. the new methodology will become effective 11 / 3 / 2000 or as soon thereafter as can be implemented. caiso staff has indicated that it will be difficult to achieve that start date. they have not yet indicated what an achievable date might be. the new price cap methodology will remain in place until: comprehensive market changes have been implemented and the market has proven to be workably competitive under a variety of load conditions. either ferc or the iso board orders its removal. cap prices will be based on the average nymex l 3 d settlement average and the following heat rate table: load level heat rate 4. 00 gas example cap 40 gw $250 / mwh $250 / mwh caps will be rounded up to the nearest $5 / mwh increment. demand bids and demand responsiveness programs are exempt from these caps. the iso will post the price caps for each load level at least 48 hours prior to the beginning of each calendar month. based on the iso's two day-ahead system load forecast, the iso will post hourly caps at least 24 hours prior to the hour of delivery. ferc context ferc has delegated cap authority to the caiso until 11 / 15 / 2000. the iso has asserted that they don't need ferc authority since it is a bid cap rather than a sales cap. ferc regulates sales, not purch",other,enron:7476
agree that we may start to supply your purchased virtual items immediately after you have clicked that button; and,legal,unfair_tos:59
"enron sponsored cell phone users attention and action required by real time employees that have an enron sponsored cell phone. real time employees should be receiving a rebate check in the mail very soon. the rebate is for the service set-up we have established for you through at & t wireless. please forward these rebate checks over to bill williams iii or myself. if you have any questions you can come see me or e-mail. thank you, jill",other,enron:16663
"dissolution of production offshore louise, i hope that everything is well with you. much has happened during the past two weeks and i will try to be as brief as possible.? based on conversations and internal decisions that have occurred, tom byargeon and myself have decided to dissolve production offshore by the end of second quarter. i have spoken with john regarding this commercial structural change and have also renegotiated the 2001 upstream products expected margin to $30 mm. (the expected budget from production offshore was $20 mm out of the $50 mm for upstream products.)? i have attached a document that tom has drafted outlining the remaining project responsibilities, market representation, and personnel redeployment. the following individuals within production offshore have yet to be redeployed: 1. tom byargeon-he has been offered an opportunity to work with randy maffett, vice president-wholesale origination, egm. tom also will be meeting with dave duran tomorrow morning to discuss opportunities that exist within generation investments or northeast power origination. in addition, i want him to consider leading the ecommerce / producer one effort for upstream products. i desperately need a dedicated senior commercial person with contract negotiations expertise that can also see the financing opportunities that exist for producer segment (i. e., wellhead connects, metering and monitoring equipment, etc.) through a producer one transaction. however, tom has surmised that higher commercial visibility will be achieved by working on the financing of large asset deals within egm or perhaps, in duran's group. i have assured him that the commercialization of the back and mid office is just as important if not more important to enron's upper management. plus, i feel the closing of these outsourcing transactions will be more numerous by the end of the year than the other origination opportunities offered. i know that he greatly respects your opinion. if you could contact him (x 30650) or drop him an email with your commercial perspective, i am sure that the correspondence would be greatly appreciated. 2. kevin miller-mostly likely will focus on marketing and closing producer ecommerce transactions. in addition, kevin has a very strong crude and processing background. this experience would complement the producer one effort as well support the processing needs of the wellhead desk. he could have career opportunities with egm, but overall, is very enthusiastic about ena's producer ecommerce commercial platform. 3. kenn loch-has a very technical background suited for deepwater projects. since the responsibility for mariner is within ecr, allan keel may be interested in his background. also, since the responsibility for the megs / pluto deal should be transferred to ecr, kenn would be an appropriate resource for that transaction as well. 4. lisa druzbik-is very familiar with the accounting details behind megs / pluto. has opportunities are within ecr a",other,enron:11841
"pastoria backup water contract, mike wood and cole frates louise, this e: mail relates to the fact that the two azurix people helped us out on getting the water deal done although the azurix agreement will be terminated and azurix will not receive any income associated with the ultimate water agreement that was put in place. originally they were looking at some success fees and origination totalling up to $3. 1 mm, but because the purchase price adjustment due to the water agreement cost ena $5 mm, they are appropriately getting nothing. regards, chris---------------------- forwarded by christopher f calger / pdx / ect on 03 / 20 / 2001 11: 25 am---------------------------from: david parquet on 03 / 20 / 2001 10: 40 am to: john garrison @ enron _ development, amanda k martin @ enron _ development cc: jeff skilling / corp / enron @ enron, john j lavorato / enron @ enronxgate, christopher f calger / pdx / ect @ ect, "" mike wood \ (e-mail \) "", "" cole frates \ (e-mail \) "" subject: pastoria backup water contract, mike wood and cole frates last friday ena executed an agreement to sell the pastoria power plant project to calpine, which we should close in the very near future. i am writing this memo to personally indicate that we could not have done that, especially when we did, without the assistance of mike wood and cole frates. there has been conversation around ena that: ""... had azurix gotten the backup water deal done last year as per their contract, we would have been able to close with calpine then. "" that may be true. but we all have had deals that have not gone the way we planned, good effort notwithstanding. after working with mike and cole on this deal, i can personally attest to the extreme difficulty they had in dealing with their counterparty for that backup contract. i want to give special credit to mike and cole for their professional and tenacious behavior these last couple of months. notwithstanding the turmoil at azurix and calpine's stated desire to terminate their contract as a condition of closing (and keep just the backup contract), mike and cole kept their eye on the ball. and that ball was: "" what is best for enron. "" they continued to provide detailed, expert insight to the issues. they continued to interface with the counterparty. they attended every meeting. they were there until we got the backup water deal done. i am proud to have worked with them. all of the members of my team on this deal have exactly the same thing to say about these two guys.",other,enron:11227
"fw: rto week-- summary of standards and practices panel fyi. tj and claudette-- please forward to your groups. thanks.-----original message-----from: rodriquez, andy sent: thursday, october 18, 2001 4: 46 pm standardizing markets, business, and other practices panelists for this discussion were: sarah barpoulis, pg william p. boswell, gisb; bill burkes (substituting for david j. christiano), city utilities of springfield, missouri; david n. cook, nerc general counsel; michael kormos pjm interconnection; leroy koppendrayer, minnesota public utilities commission; and marty mennes, florida power however, the commissioners were very active as well, asking perhaps as much as 70% of all questions. there was a general consensus that standards were needed; much discussion focused simply on how much and by who. the commission seemed very interested in leaning what they needed to do to move the industry forward and how far they needed to go. panelists urged the need to mover forward as quickly as possible, but both they and ferc seemed to recognize that some of the issues regarding standardized market design and such needed to be addressed before rtos could really begin to move forward. there was discussion on identifying which industry group (nerc or gisb) would take the reins in the future. on an interesting tangential note, there was noticeable conflict between nerc and gisb, with veiled insults between the two organizations somewhat common during the discussions. ferc deliverables a great deal of the discussions focused on identifying what the industry needed from the commission. staffers probed all panelists to find what they felt was critical. the first major topic was "" how many rtos? what is their scope? "" all panelists seemed to agree that this question needed to be answered immediately by ferc, in strong definitive language. n o one offered any specific language, but seemed to be urging ferc to issue a formal statement. the next topic was, "" what will be standard market design? "" panelists varied on this, but most felt strong guidance from ferc is urgent. some urged for one mandatory design for north america, one supported a set of rigid standard designs, one supported a single design with requests for exceptions (followed by an in-depth review process), and one seemed to prefer the current situation. the commission in general seemed to be very interested in understanding what the industry needed to move forward. they continually visited this topic throughout their discussions, asking questions like, "" do we need to issue a mega-order that addresses all these issues? "" and, "" how much detail do you need us to provide? "" general feel from the panelsists seemed to be they wanted strong leadership in this areas. kormos and burkes went so far as to say ferc should "" mandate as much as they felt comfortable-and then go a little further. "" others seemed to be a little worried about this idea, but in general did not oppose the concept, citing only gener",other,enron:13402
start date: 2 / 5 / 02; hourahead hour: 14; start date: 2 / 5 / 02; hourahead hour: 14; no ancillary schedules awarded. no variances detected. log messages: parsing file-- > > o: \ portland \ westdesk \ california scheduling \ iso final schedules \ 2002020514. txt!!! general sql error. couldn't update; currently locked by user ' admin ' on machine ' nahou-trdts 4 '. table---- energy import / export schedule---- * * * final schedule not found for preferred schedule. details: trans _ type: final sc _ id: ectstnw mkt _ type: 2 trans _ date: 2 / 5 / 02 tie _ point: malin _ 5 _ rndmtn interchg _ id: enrj _ ciso _ 3000 engy _ type: firm,other,enron:18026
"would you like to earn extra money working from home? guide to home employment how is this possible? customer testimonies! q a! registration form! weekly income for stuffing envelopes at home, $690, $1, 400 or $2, 070 every week. $2, 760 possible after 90 days... your old life your new life hello, my name is thomas martin, hiring director for this new envelope stuffing and securing-program. if you would like to earn a weekly income of $1, 400 or more, please read this carefully! help wanted for summer 2005 home workers needed, immediately! dear prospective home worker, thank you for your time and interest in our program. would you stuff 80 envelopes for $1, 400 weekly? $17. 50 for each envelope you secure with our brochures! if the answer is yes, than our company has the right opportunity for you. you can join the (highest paid team) of envelope stuffing program today. simple pleasant work you can do at home help solve your money problems. eliminate worries about not having enough money to pay bills and to do the things that you would really like to do. if you are looking for an easy extra income to relieve financial pressures, you owe it to yourself to investigate our offer. we are looking for honest hard working people who are looking for a simple way to earn extra income form their home. here is your chance to earn extra money working at home by becoming an active participant in our successful mailing program. your payment is guaranteed in advance for the envelopes you stuff. your job is to sercure, stuff, and mail the envelopes to our company. there is no limit. you stuff as many as you wish. you'll never be asked to handle or mail any pornographic or objectionable materials. this is a great way to pay off credit cards, get money for a vacation, buy a new car, purchase a new home, or develop your second income for whatever reason you may have. you may work from the comfort of your own home, save on gas and babysitters, choose your own hours, and set your own pace. the possibilities are unlimited. get friends and family to help. we will help you reap huge profits. our company is anxious to use your services in stuffing our envelopes. we wll further show you how to expand your operation and boost your new income as high as you wish to go. how is this possible? click here to continue how is this possible? customer testimonies! q a! registration form! tj knowledge. com p. o. box 664 beloit, wi 53511 this e-mail message is an advertisement and / or solicitation.",marketing,enron:25395
2022 march 10-12 new orleans the future is in your hands,marketing,ads:492
"el paso merchant deal 637225 i have not heard back from mike olsen on this. can you extend this deal for me?---------------------- forwarded by megan parker / corp / enron on 07 / 20 / 2001 08: 38 am---------------------------from: megan parker 07 / 03 / 2001 11: 28 am to: michael olsen / na / enron cc: subject: el paso merchant deal 637225 mike: i need to have deal 637225 extended to include april and may 2001. the allocations we received from el paso show that hplc sold gas to them at meter 6884 for both months. let me know if you have any questions. thanks, megan x 5-7480",other,enron:3396
"this waiver may be executed in one or more counterparts, each of which shall be deemed an original, but all of which together shall constitute one and the same instrument. counterparts may be delivered via facsimile, electronic mail or other transmission method and any counterpart so delivered shall be deemed to have been duly and validly delivered and be valid and effective for all purposes.",legal,ledgar:183
"►freehand finally, a whiteboard as intelligent as your team. by invision stephanie prod-164 plan presentation for thursday trina get started",marketing,ads:3446
"fw: gas trading move november 9 can you please approve the following memo?-----original message-----from: shepperd, tammy r. sent: wednesday, november 07, 2001 10: 09 am to: schoppe, tammie; brooks, loretta subject: gas trading move november 9 john has asked for a communication to go out to the gas team about the move this weekend. ina rangel has been communicating with the gas team already on most of these items. here is a draft, please have john or louise "" bless this "" before sending out. if you already have a distribution list that includes power, it probably won't hurt for everyone to receive. as you are all aware, the ena gas organization will be relocating to enron center south this weekend. the new facility will be available to you at 5: 00 am on monday november 12. weather traders will be expected earlier and arrival time has been coordinated separately with the it support team. we would like for all traders to be at their new desks at least one hour earlier than usual to ensure that all applications are operating correctly prior to the start of business. there will be members of the it, telephony, and churn team on hand upon your arrival to assist with any problems you may encounter. they will be wearing brightly colored vests to be easily recognizable. thanks in advance for helping make this a smooth transition to an exciting new work environment. john and louise",other,enron:13819
please ensure that you have given us a correct email address as this is how we will communicate with you about your order.,legal,unfair_tos:192
it is your responsibility to check these terms of use periodically for changes.,legal,unfair_tos:23
"rx make it happen! get pc program at the best price. sit down now! this is your chance of getting great deals on quality program discs for office operation, programming, server maintenance, pc diagnostics, office administration, finance and graphic design & processing. fact: online shopping helps to save on leading computer programs. press here to enter there is no need to pay high price on computer program discs anymore. at discount store, customers can always find the best price on leading computer program. choose discount store that provides timely assistance to customers.-----original message-----from: sharri @ wug. com [mailto: alec @ em. com] sent: friday, march 7, 2004 0: 00 pm to: millard; adelaide @ wnhy. com; hsiu; spring; vanna subject: quality discs are ready for sale now. are you ready? maybe the list for the benefit is up to 500 people, including city council members and neighborhood a boy, as a young man, as a marine, as a baby. the suggested donation will be $20, to go to subdued music, and there will be 1, 000 copies of one of alex's letters, which, the night before byry. byry 8 yq. yq 3 xghw. xghw",marketing,enron:21439
"new york times report _ ms plus new computer software deals: special offer # 1: windows xp professional + microsoft office xp professional = only $80 special offer # 2: adobe-photoshop 7, premiere 7, illustrator 10 = only $120 special offer # 1: macromedia dreamwaver mx 2004 + flash mx 2004 = only $100 also: windows 2003 server windows 2000 workstation windows 2000 server windows 2000 advanced server windows 2000 datacenter windows nt 4. 0 windows millenium windows 98 second edition windows 95 office xp professional office 2000 office 97 ms plus ms sql server 2000 enterprise edition ms visual studio. net architect edition ms encarta encyclopedia delux 2004 ms project 2003 professional ms money 2004 ms streets and trips 2004 ms works 7 ms picture it premium 9 ms exchange 2003 enterprise server adobe photoshop adobe pagemaker adobe illustrator adobe acrobat 6 professional adobe premiere macromedia dreamweaver mx 2004 macromedia flash mx 2004 macromedia fireworks mx 2004 macromedia freehand mx 11 corel draw graphics suite 12 corel draw graphics suite 11 corel photo painter 8 corel word perfect office 2002 norton system works 2003 borland delphi 7 enterprise edition quark xpress 6 passport multilanguage our store index here enos sinisterarcing evade chansoncraggy bumble barkascetic levitate dolomitegirdle tate checksummedafraid procrastinate dellpolaroid",marketing,enron:30635
safety adt days save up to 30%* event limited time offer get quote d *raq 1-ma min pro monitoring w/ self setup or pro install w/ 36-mo agm't early tarm & inatal fees). excludes discounted equipment bundles. video service req for 30% discount. taxes addt'l. full tarms visit adt.com/legal.,marketing,ads:6796
"this agreement shall inure to the benefit of, and be binding on, the successors and assigns of each of the parties, including, but not limited to, the executive’s heirs, the executive’s guardian in the event of the executive’s disability, the personal representatives of the executive’s estate and any successor to all or substantially all of the business and/or assets of the company. this agreement, and the executive’s rights and obligations hereunder, may not be assigned by the executive; any purported assignment by the executive in violation hereof shall be null and void. the company may assign this agreement and its rights hereunder, but in the event of assignment, the assignee shall expressly assume all obligations of the company hereunder and the company shall remain fully liable for the performance of all of such obligations in the manner prescribed in this agreement. except as otherwise provided herein, nothing in this agreement shall confer upon any person or entity not a party to this agreement, or the legal representatives of such person or entity, any rights or remedies of any nature or kind whatsoever under or by reason of this agreement.",legal,ledgar:132
+crossbreed holsters bke introducing the all new hybrid st2 >shop now,marketing,ads:1208
"5.6.2 in enabled countries, you should configure the limited emergency calling functionality by setting your default location for emergency calling in the call settings page of your desktop internet communications software (if you are using a 4.1 version for windows (or later) or version 2.8 for mac os x (or later)).",legal,unfair_tos:20
"collaborative effort vince: i am very enthusiastic about your interest and possible contributions towards a 22 nd century human blood system. i have attached a letter that discusses the endeavor. please note that it has a built-in automatic release in the event you need to terminate. it has a confidentiality statement as well. if it is acceptable, please sign it and fax it back to me at 713 965 2114 at your earliest convenience. al arfsten-kaminski acceptance 011601. doc",other,enron:8213
"except as set forth on section 4.9 of the seller disclosure schedule, there is no action, suit, proceeding, claim, arbitration or litigation (each, an “ action ”), in each case related to the business, pending or, to the seller’s knowledge, threatened in writing against the seller, which would reasonably be expected to have a material adverse effect. as of the date hereof, there is, and during the past one (1) year there has been, no legal proceeding pending or, to the seller’s knowledge, threatened, against the seller or any of its assets at law, in equity or otherwise, in, before, or by, any governmental authority. there are no material judgments or outstanding orders, writs, investigations, injunctions, decrees, stipulations or awards against the seller or any of its assets.",legal,ledgar:18
"summer is here! control your asthma for your #bestlife this season! allergy asthu center sinus the allergy, asthma & sinus center...where allergies meet relief o do",marketing,ads:3992
"nesa nyc mixer-november 8 please make plans to attend nesa's membership mixer in new york city-rescheduled from october 10-11, 2001. details are included in the attachment below-if you have problems with the attachment please contact nesa headquarters and we will be happy to fax or mail the information to your attention. we look forward to welcoming you to new york! > >",other,enron:28911
"subject to all other provisions of this lease, each of the covenants, conditions and provisions of this lease shall extend to and shall, as the case may require, bind or inure to the benefit not only of sublandlord and of subtenant, but also of their respective heirs, personal representatives, successors or assigns, provided this clause shall not permit any assignment by subtenant contrary to the provisions of article 14 of this lease.",legal,ledgar:142
"this agreement shall be governed by and construed in accordance with the laws of the netherlands, without regard to conflicts of laws principles thereof.",legal,ledgar:194
"any term or provision of this agreement may be waived at any time by the party entitled to the benefit thereof only by a written instrument executed by such party. no delay on the part of altum or pivot in exercising any right, power or privilege hereunder will operate as a waiver thereof, nor will any waiver on the part of either altum or pivot of any right, power or privilege hereunder operate as a waiver of any other right, power or privilege hereunder, nor will any single or partial exercise of any right, power or privilege hereunder preclude any other or further exercise thereof or the exercise of any other right, power or privilege hereunder.",legal,ledgar:257
ree ww media snar www. get access atal osint for security poi step-by-step processes for performing osint investigations,marketing,ads:142
hawalili christmas-up to 50% off,marketing,ads:1970
"catalogue updates wed, 29 jun 2005. subject: catalogue updates wed, 29 jun 2005. thank you for using our online store and for your previous order. we have updated our online software store.! now we have more latest version of programs. our full catalog with 2100 freshest software titles available for instant download at web-site http: / / extolled. tabloidez. com / we hope that you will tell others about your positive experience with us. with best wishes, managing director... ceo derek marquez latest news: america  s amusement parks ready to ride http: / / www. msnbc. msn. com / id / 4677611 / bonné: ten foods that make america great stewart  s first win at daytona worth the wait | video brooklyn fire kills boy, 3, and leaves 2 siblings hurt",marketing,enron:10585
malco wwwwwwww give the gift of entertainment the perfect gifts for making memories! malco theatre malco free gourmet popcornorm movie click to purchase urmet vie,marketing,ads:487
"re: eog pronghorn meter station george kneisley and possibly ben tanner will also attend this meeting for back up with any measurement issues. earl chanley-----original message-----from: jolly, rich sent: tuesday, july 17, 2001 9: 10 am to: jerryball @ eogresources. com cc: chanley, earl; team carlsbad @ enron; kunkel, laura; burleson, bob; lokay, michelle; watson, kimberly subject: eog pronghorn meter station jerry here's the items that we need to address in our meeting friday, july 20 th at transwestern's wt-1 compressor station starting at 09: 00 new mexico time. if you have anything to add please do and send back to me. i look forward to seeing you again. as you know transwestern was asked to buy the material and do the project for eog. after saying this so you will know transwestern ordered the material and most of it is in our warehouse in roswell so we'll need to talk about this. i didn't know about the material when you and i talked yesterday morning. material's that will be needed at the location to monitor and operate the facility. 1. chromagraph 2. h 2 o monitor 3. h 2 s monitor 4. efm 5. flow control 6. positive shut in 7. flow bypass 8. power to facility people that will be attending from transwestern, rich jolly, earl chanley, laura kunkel (maybe), and the some of the carlsbad team members. thanks for working with us on this. rich",other,enron:28692
"nothing in this plan or an award agreement shall interfere with or limit in any way the right of the company, its affiliates, and/or its subsidiaries to terminate any participant’s employment or service on the board or to the company at any time or for any reason not prohibited by law, nor confer upon any participant any right to continue his employment or service as a director for any specified period of time.",legal,ledgar:47
"mindbodygreen ""honestly this changed my body. all of my bloat is gone. all of it""*-kristine k., verified customer mindbodygreen probiotic+ shop probiotic+",marketing,ads:2473
"subject to the terms and conditions set forth herein, this lease shall continue in force for the lease term. if tenant’s work (as such term is defined in the work letter attached hereto as exhibit d) in the premises has not been substantially completed by tenant’s general contractor (as such term is defined in the work letter) on or before the commencement date, landlord shall not be liable for any costs, claims, damages, or liabilities incurred by tenant as a result thereof, and the lease term and the obligations of tenant hereunder shall nonetheless commence and continue in full force and effect.",legal,ledgar:236
"training rooms-confirmation---------------------- forwarded by carl carter / na / enron on 01 / 08 / 2001 11: 34 am---------------------------from: lydia cannon @ ect on 01 / 08 / 2001 11: 31 am to: carl carter / na / enron @ enron, naveed ahmed / na / enron @ enron cc: lerea pharr / hou / ect @ ect subject: training rooms-confirmation training room eb 564 have been reserved for: wednesday, january 17 th, 1-5 pm. $300 has been charged to your co & cc. if you have any questions, give me a call. lydia 3-9975---------------------- forwarded by lydia cannon / hou / ect on 01 / 08 / 2001 11: 27 pm---------------------------from: lydia cannon 01 / 08 / 2001 10: 35 am to: lerea pharr / hou / ect @ ect cc: carlos alatorre / na / enron @ enron, naveed ahmed / na / enron @ enron subject: training rooms lerea, this is a request to reserve a training room in the enron building on: dates: wednesday or thursday janauary 17 th or 18 th, 2001 time: 1: 00 pm-5: 00 pm co #: 087 b cc #: 103242 thank you for your assistance in advance. please let me know, if a room is available. lydia 3-9975",other,enron:28329
ntd original documentary the unseen crisis epoch tv may 19 watch now >,marketing,ads:5531
"re: proposed retention bonuses for netco jennifer doesn't know it yet, but when i submitted final numbers to hr, i kept her suggested increases and did not apply her suggested decreases (which she did to balance the increases). i expect we are going to lose some people. i hope the ones that go are not the best ones. obviously, the more we are willing to spend in bonus, the fewer the people we will lose. when would you like to get together to discuss? dave-----original message-----from: kitchen, louise sent: monday, december 31, 2001 9: 21 am to: forster, david subject: fw: proposed retention bonuses for netco sensitivity: confidential-----original message-----from: denny, jennifer sent: friday, december 28, 2001 6: 42 am to: kitchen, louise subject: proposed retention bonuses for netco sensitivity: confidential louise, i am sorry to bother you at such a critical time, because i know you are doing everything you can to salvage the remaining pieces at enron and are working long & tiresome hours to achieve this difficult matter. however, i felt like i had to at least let you know my thoughts on the following. dave forster & i met a couple of weeks ago on his initiative to discuss the proposed retention bonuses for my group. i was asked to review the preliminary numbers by individual. i was allowed to move dollars but not allowed to increase the total dollar figure for my group. frankly, the numbers seemed pretty low. assuming the goal is to retain key employees for netco, i am not confident these numbers will achieve this. i know several people in my group are interviewing outside of the company. i have asked them to be patient, not make any quick decisions, and give us a chance to see this through. dave told me the figures were based on mid year evaluations. as you know, mid year evaluations are typically lower than year end. the mid year evaluation allows the employee time to improve in order to get to the desired level by year end. i understand the need for a reference point of some sort and mid year was the latest figure available. however, because the retention numbers were based on this, they are significantly lower. my intentions are not to show any disrepect to dave by discussing this with you but i wanted to make sure my thoughts / opinions were communicated to you. if dave has already discussed this with you, i apologize for the duplication. if you have any questions, please feel free to call me. i am on holiday & will be traveling today but can be reached on my cell at 713-446-9669. thank you for your time. jennifer",other,enron:14490
"ipps in ercot jim, can we meet on friday to discuss this topic. the person who supports power, grant masson, will be out for the next two days. vince",other,enron:6148
strutet beauty | treedom i love moulin rouge! the husicallo broadway's most spectacular night out! get tickets,marketing,ads:6098
"enron / hpl actuals for september 25, 2000 monday, september 25, 2000 teco tap no flow hpl ls katy 15. 000 / enron",other,enron:1686
the rules of construction and interpretation specified in section 1.02 of the credit agreement also apply to this agreement and are incorporated herein by this reference.,legal,ledgar:12
stackoverflow for teams quit scouring clunky wikis. find solutions faster in stack overflow for teams. get it free →,marketing,ads:5689
ideal ideal poultry breeding farms est 1937 supplying the finest backyard poultry since 1937. shop now,marketing,ads:5095
"you are responsible for keeping your device and your whatsapp account safe and secure, and you must notify us promptly of any unauthorized use or security breach of your account or our services.",legal,unfair_tos:108
"mortgagor has good record and marketable title to the mortgaged property and has good right, full power and lawful authority to grant and convey the same in the manner aforesaid; and that the mortgaged property is free and clear of all encumbrances and exceptions, except for the schedule of exceptions, if any, listed in the title insurance policy insuring agent's interest in the mortgaged property (the "" permitted title exceptions ""). mortgagor shall make any further assurances of title that agent may in good faith require including, without limitation, such further instruments as may be requested by agent to confirm the assignment to agent of all awards.",legal,ledgar:244
we 're not liable for various things that could go wrong as a result of your use of the services.,legal,unfair_tos:103
"california update-- 09. 10. 01 the senate rules committee just met. during the hearing, senate leader john burton stated that: the senate intends to rewrite the version of the mou that the assembly approved last thursday night and sent over to the senate for final approval (sb 78). the version of the mou that will emerge from the senate sometime this week will look much more like the bill that originally passed out of the senate prior to the july summer recess. that bill was unacceptable to edison and davis, which led to the version that the assembly developed and approved last thursday night. if the senate proceeds as burton suggests, the chances are very low that an mou will make it through the legislature and get davis ' signature. burton generally sticks to his word. but there is still time for additional negotiations and sb 78 could squeak by. however, burton's comments in the rules committee certainly don't help 78's chances for survival. finally, the assembly is currently debating the last surviving windfall profits bill, and the bill is having a hard time getting the votes necessary for passage. more information on the windfall profits bill as we get it. best, jeff",other,enron:12761
in a wreck? need a check?ⓡ get help now r!!!! patterson legal group,marketing,ads:4556
"no amendment or waiver of any provision of this intercompany subordination agreement, and no consent to any departure by any subordinated creditor or any obligor herefrom, shall in any event be effective unless the same shall be in writing and signed by the administrative agent, such obligor and each subordinated creditor, and then such waiver or consent shall be effective only in the specific instance and for the specific purpose for which given.",legal,ledgar:32
"if any provision of this agreement is held invalid, the remainder of this agreement shall continue in full force and effect.",legal,unfair_tos:146
"this agreement may be executed in counterparts, each of which shall be deemed to be an original, but all of which taken together shall constitute one and the same agreement. delivery of an executed counterpart of a signature page to this agreement by facsimile or email transmission shall be as effective as delivery of a manually executed counterpart of this agreement.",legal,ledgar:212
"the company and its subsidiaries are in compliance with all requirements of law except to the extent that such non-compliance could not reasonably be expected to have a material adverse effect. neither the company nor any subsidiary has received any notice to the effect that its operations are not in material compliance with any requirements of law or the subject of any federal or state investigation evaluating whether any remedial action is needed to respond to a release of any toxic or hazardous waste or substance into the environment, which non-compliance or remedial action could reasonably be expected to have a material adverse effect.",legal,ledgar:0
"accenture presentation invitation chairperson: madhup kumar invitees: kevin m presto john j lavorato louise kitchen stephen stock leslie reeves stacey w white sally beck tim belden lloyd will steve nat thresa a allen date: 6 / 22 / 2001 time: 2: 00 pm-5: 00 pm (central standard time) room: eb 2601 @ ect description: accenture presentation detailed description: when: friday, june 22, 2001 2: 00 pm-5: 00 pm (gmt-06: 00) central time (us & canada). where: eb 2601 * ~ * ~ * ~ * ~ * ~ * ~ * ~ * ~ * ~ * if you have any questions about this meeting, please contact dan luciano @ x 5-3911.",other,enron:11882
xdbvisualizer mysql try the mysql editor with the world's highest user satisfaction.* * according to g2.com download for free >,marketing,ads:2500
"free ltc "" sales closers "" which virtually sells long term care to your clients! this turnkey presentation prepares your client for the sale. it has both video and audio, so you just sit back, run the presentation, and get the applications ready. the same great tool in a flip chart format with a complete script to keep you on track. the choice is yours choose one of these great ltc point-of-sale items. which gift would you like? all you have to do is complete appointment paperwork with mo marketing. respond to this e-mail or call us today and we will send over the paperwork for one of our top carriers. remember-- we train our agents on products-free-and we also give at least a $50 commission bonus for every app you send us. "" for agent use only. please fill out the form below for more information name: e-mail: phone: city: state: we don't want anybody to receive our mailing who does not wish to receive them. this is a professional communication sent to insurance professionals. to be removed from this mailing list, do not reply to this message. instead, go here: http: / / www. insurancemail. net legal notice",marketing,enron:24643
"t know your religious freedom rights pacific justice institute learn your legal rights for sharing your faith for your workplace, school, and public evangelism get my free copy",marketing,ads:3431
killington biggest jumps at the beast. learn more,marketing,ads:4176
"california update 7 / 24 / 01 it appears very likely that sb 78 xx will be the lead vehicle for the mou in the working group discussions and that ab 82 xx will move closer to sb 78 xx. (note: ab 50 xx appears to have been dropped by wright so that he could keep his energy committee chairmanship; he was being heavily criticized for opposing the assembly leadership with his bill.) the two main points of contention between sb 78 xx and ab 82 xx appear to be the renewables portfolio (sb 78 xx's version is thought of as more reasonable) and the provisions for a puc reasonableness review of the long-term contracts. sb 82 xx prohibits a reasonableness review, and socal is pushing for this language to be incorporated into sb 78 xx. this language was also in the original mou between socal and the governor.",other,enron:12288
"re: update-waterdesk please respond to thank you louise. i will follow up with greg asap.-karen.-----original message-----from: louise. kitchen @ enron. com [mailto: louise. kitchen @ enron. com] sent: wednesday, february 21, 2001 6: 29 pm to: kwelsch @ waterdesk. com subject: re: update-waterdesk > thank you for your email i would think you should talk to greg piper as soon as possible. greg, apart from running the origination group of enron net works, is also its coo. greg does currently have a lot of opportunities in his group which may suit your skill set. regards louise (embedded enron capital & trade resources corp. image moved to file: from: "" karen welsch "" pico 2625. pcx) 02 / 21 / 2001 03: 48 pm please respond to to: cc: subject: update-waterdesk louise-first, congratulations on your resent position change. sounds like an exciting and challenging opportunity for you. second, you may have already heard but i just wanted to touch base with you and give you an update on waterdesk. american water works on friday notified us that they have decided to pass on the acquisition of waterdesk. this is unfortunate for both the industry and waterdesk as a whole. we are immediately positioning wd to sell the individual assets as feasible and have severed the team effective 3 / 16 / 01. thank you for providing the names of your directors within networks, the team has been in contact with the various names you provided us. alex and myself will be remaining to work with various systems integrators and any other potential purchasers interested in the "" parts "" of waterdesk during the next several weeks. and finally on a personal note, i was incredibly impressed with you and the way you carried yourself during our meeting last month. it was refreshing to speak to someone as high energetic as you and to talk to someone who really "" get's it "" at enron. i'd be interested if you had any opportunities and / or suggestions for an individual such as myself given my background in developing and executing new business strategies for clients in the consulting arena and most recently leading the waterdesk from a product to a services focused company. i look forward to any suggestions you may have. regards, karen welsch.",other,enron:11068
gs-jj.com make your own custom coins best gift capitol ******* thank you u.s. visit us today on police division officers v novn 30 ********% off,marketing,ads:6825
hsr issue re marketing an issue has been raised whether masters can be sent out prior to hsr approval. there is not a problem with more general marketing. we need to have a meeting with the marketers and the lawyers later in the week to come to conclusion on this issue. this should not in any way slow down the work on the forms!,other,enron:14904
"by continuing to use or access the services after the updates come into effect, you agree to be bound by the revised terms.",legal,unfair_tos:40
"you acknowledge and agree that, as a result of your employment, you will have access to trade secrets and other confidential or proprietary information of the company and its customers and vendors (“ confidential information ”). such information includes, but is not limited to: (i) customers and clients and customer or client lists, (ii) accounting and business methods, (iii) services or products and the marketing of such services and products, (iv) fees, costs and pricing structures, (v) designs, (vi) analysis, (vii) drawings, photographs and reports, (viii) computer software, including operating systems, applications and program listings, (ix) flow charts, manuals and documentation, (x) databases, (xi) inventions, devices, new developments, methods and processes, whether patentable or unpatentable and whether or not reduced to practice, (xii) copyrightable works, (xiii) all technology and trade secrets, and (xiv) all similar and related information in whatever form. you agree that you shall not disclose or use at any time, either during your employment with the company or thereafter, any confidential information, except to the extent that such disclosure or use is directly related to the company’s business, or unless required to by law, or unless and to the extent that the confidential information in question has become generally known to and available for use by the public other than as a result of your acts or omissions to act. in addition, you further agree that any invention, design or innovation that you conceive or devise from your use of company time, equipment, facilities or support services belong exclusively to the company, and that it may not be used for your personal benefit, the benefit of a competitor, or for the benefit of any person or entity other than the company.",legal,ledgar:20
start date: 1 / 12 / 02; hourahead hour: 6; start date: 1 / 12 / 02; hourahead hour: 6; no ancillary schedules awarded. no variances detected. log messages: parsing file-- > > o: \ portland \ westdesk \ california scheduling \ iso final schedules \ 2002011206. txt,other,enron:17695
"if you cancel, your access to the services ends at the end of your current service period or, if we bill your account on a periodic basis, at the end of the period in which you canceled.",legal,unfair_tos:100
"the term of this agreement (the “ term ”) shall commence on the effective date and, unless sooner terminated as provided in this article 17, shall continue in full force and effect, on a country-by-country and therapy-by-therapy basis until such therapy ceases being commercialized by either party, at which time this agreement shall expire with respect to such therapy in such country (except for such provisions of this agreement as continue beyond its natural expiration). the term shall expire on the date this agreement has expired in its entirety with respect to all therapies in all countries in the world.",legal,ledgar:13
start date: 12 / 30 / 01; hourahead hour: 21; start date: 12 / 30 / 01; hourahead hour: 21; no ancillary schedules awarded. no variances detected. log messages: parsing file-- > > o: \ portland \ westdesk \ california scheduling \ iso final schedules \ 2001123021. txt # # # cannot locate a preferred or revised _ preferred schedule that matches the final individual interchange schedule. unable to assign deal number. # # # cannot locate a preferred or revised _ preferred schedule that matches the final individual interchange schedule. unable to assign deal number.,other,enron:17509
"midland the last resort: greetings from an opecial gen mikki lane chane choth & the cants tour saturday, october 15 greek theatre | los angeles, ca",marketing,ads:2098
"relevant topics, expert presenters, live or on demand. listen. learn. enjoy. explore webinars digi-key",marketing,ads:4162
"re: key hr issues going forward all is under control: a-we've set up a "" work-out "" group under cindy skinner and will be producing the stats and making sure we don't cop out. b-as above. several have gone across wholesale already. stats will show this and progress on others. c-fair to say we have total clarity of direction here now! all memo's will be out by monday, cindy olson has sent an email to hr community (re embargo on hpl staff) and i believe mark h is drafting something for other otc's. fran and michele cash (i also put another guy on this yesterday) have all in hand. david david w delainey 02 / 07 / 2001 04: 39 pm to: john j lavorato / corp / enron, david oxley / hou / ect @ ect cc: mark frevert / na / enron @ enron, greg whalley / hou / ect @ ect, louise kitchen / hou / ect @ ect subject: key hr issues going forward a) year end reviews-report needs generating like mid-year documenting business unit performance on review completion-david to john; b) work out or plan generation for the nim / issues employees-david to john; c) hpl transition issues-ongoing. officially transferred. regards delainey",other,enron:11031
start date: 12 / 17 / 01; hourahead hour: 10; start date: 12 / 17 / 01; hourahead hour: 10; no ancillary schedules awarded. no variances detected. log messages: parsing file-- > > o: \ portland \ westdesk \ california scheduling \ iso final schedules \ 2001121710. txt,other,enron:17340
"if you use the services for any commercial, business or re-sale purpose, dropbox, its affiliates, suppliers or distributors will have no liability to you for any loss of profit, loss of business, business interruption, or loss of business opportunity.",legal,unfair_tos:9
"on or prior to the initial borrowing date, the effective date shall have occurred.",legal,ledgar:268
"energy conference vince, greetings, happy new year, and thanks for your end-of-2000 e-mail. > one suggestion i want to make is rick causey. i talked to him and he is > willing to > be a speaker. he is a very senior and important executive of enron and a ut > grad. i have asked sheridan to raise the keynote-speaker issue with you during your discussions tomorrow. best, ehud ehud i. ronn jack s. josey professor in energy studies department of finance mccombs school of business university of texas at austin austin, tx. 78712-1179 voice: (512) 471-5853 fax: (512) 471-5073 internet: eronn @ mail. utexas. edu",other,enron:8084
win this house and start every day here all to support make-a-wish. i'm in omaze,marketing,ads:1295
"pravas sud billy, i would like you to ask for a favor for one of the rice students, pravas sud. he is interested in a summer internship. his phone number is (713) 283 5825, (832) 647 8738 (c). vince p. s. a phone message explaining the special circumstances follows. it's very important for enron.",other,enron:9509
"valid advertising dear bruceg @ em. ca: email is the best grow tool. we offer marketing with quality service. 1. targeted email list we can provide target email list you need, which are compiled only on your order. we will customize your client email list. * we have millions of fresh lists in many categories. 2. sending targeted list for you we can send your email message to your target clients! we will customize your email list and send your message for you. * we also offer hosting & mailing server. regards! jone marketing dept kzll 23123 @ sohu. com no anb bye: bpserver @ hotmail. com",marketing,enron:16385
"for orders to obtain a limited license to use virtual items, by clicking the button on the purchase window or page you:",legal,unfair_tos:121
"re: ken petroleum corporation fyi for you daren---------------------- forwarded by tom acton / corp / enron on 02 / 29 / 2000 04: 27 pm---------------------------from: melissa graves @ ect 02 / 29 / 2000 04: 10 pm to: julie meyers / hou / ect @ ect, tom acton / corp / enron @ enron cc: donald p reinhardt / hou / ect @ ect, susan smith / hou / ect @ ect, vance l taylor / hou / ect @ ect, george weissman / hou / ect @ ect subject: re: ken petroleum corporation pete layden # 1 well one more request.... the ken petroleum contract: 96019316 will terminate tonight (2 / 29 / 00)! i believe that also means that the deal attached to this contract will terminate. it covers meter 6834. tom, can you put in the following one month ticket: counterparty meter volumes price ken petroleum corporation 6834 89 mmbtu if / hsc less $0. 41 julie, can you confirm via a gtc spot, per george's request. thank you for handling on such short notice. melissa enron north america corp. from: george weissman 02 / 29 / 2000 02: 34 pm to: melissa graves / hou / ect @ ect cc: shawna flynn / hou / ect @ ect, robert walker / hou / ect @ ect, jill t zivley / hou / ect @ ect subject: ken petroleum corporation pete layden # 1 well melissa, please paper this deal for march with either (preferably) a spot gtc or a firm, one month gtc. the firm contract has not yet been requested from legal due to facility issues. george x 3-6992",other,enron:383
"subject to section 4.1, this agreement shall inure to the benefit of and be binding upon the parties hereto and their successors, assigns, heirs and personal representatives.",legal,ledgar:292
schedule crawler: hourahead failure start date: 1 / 20 / 02; hourahead hour: 13; hourahead schedule download failed. manual intervention required. log messages: parsing file-- > > o: \ portland \ westdesk \ california scheduling \ iso final schedules \ 2002012013. txt error: dbcaps 97 data: cannot perform this operation on a closed database!!! unknown database. alias: dbcaps 97 data!!! unknown database. alias: dbcaps 97 data!!! unknown database. alias: dbcaps 97 data error: dbcaps 97 data: cannot perform this operation on a closed database!!! unknown database. alias: dbcaps 97 data!!! unknown database. alias: dbcaps 97 data!!! unknown database. alias: dbcaps 97 data error: dbcaps 97 data: cannot perform this operation on a closed database!!! unknown database. alias: dbcaps 97 data!!! unknown database. alias: dbcaps 97 data error: dbcaps 97 data: cannot perform this operation on a closed database error: dbcaps 97 data: cannot perform this operation on a closed database error: dbcaps 97 data: cannot perform this operation on a closed database!!! unknown database. alias: dbcaps 97 data!!! unknown database. alias: dbcaps 97 data!!! unknown database. alias: dbcaps 97 data error: dbcaps 97 data: cannot perform this operation on a closed database,other,enron:17794
you are solely responsible for all your user content.,legal,unfair_tos:70
your new car alternative! better price better warranty better service explore now! g.o. crivelli,marketing,ads:2511
"riskbrief-january issue riskbrief-http: / / www. financewise. com / risk dear risk brief subscriber, it , s been a while since you last received your monthly ' risk brief ' update from financewise. but not without good reason-we've changed a lot. we have launched an exciting online news product called ' risknews '. this free website provides dedicated global coverage of all the top stories, informed analysis and best practice in the world of financial risk management, derivatives, technology and exchanges, people moves and key industry events. breaking news is added to the website throughout the day, every day. another key benefit of risknews is a free weekly e-mail update covering the need-to-know headlines and links back to the relevant news items. so, if you can't find the time to visit http: / / www. risknews. net regularly, don't worry, you can keep yourself informed with the weekly ' risknews update '. so, what does this mean for you? from now on, as well as receiving your monthly ' risk brief ' e-mail summarising risk management news a month after it happens, you can now receive the weekly ' risknews update '. the e-mail update is sent every friday and the service is free. starting from friday 26 january you will receive your first ' risknews update ' with coverage from stories occurring just this week. and finally  (to celebrate this important milestone in our internet services development, we would like to offer you a free copy of the february issue of ' operational risk ', worth $70. this special issue serves as a guide to the regulators , proposals on operational risk capital charges as contained in the basle committee's second consultative paper released in january 2001. coverage contains market reactions, impacts and implications, as well as:? contributing articles from the regulators? views and reactions from banking analysts? views of the banking industry bodies? implications for the risk technology sector with interviews order your free copy (worth $70) now and check out http: / / www. risknews. net for the first time! your comments please e-mail us on mailto: web @ riskwaters. com, best regards, the risknews team (formerly risk brief) if you think any of your business associates or colleagues would find risknews useful, please forward a copy of this e-mail to them for us. thanks! all of risk waters group online services can be accessed through http: / / www. riskwaters. com risk waters group ) providing products with accurate analysis and technical commentary on the latest developments in the world of finance, financial technology, credit, emerging markets, market data, bandwidth trading & telecoms, risk management and derivative products. to unsubscribe to this list, send a blank message to mailto: financewise-unsubscribe @ listbot. com or visit http: / / www. financewise. com / public / edit / riskm / briefix. htm and unsubscribe from there. to unsubscribe, write to financewise-unsubscribe @ listbot. com",other,enron:8341
"xe moment of great saving on pc programs. we are your great solution for quality pc program discs what would you do if you can choose to save hundreds on pc program discs for office operation, programming, server maintenance, pc diagnostics, office administration, finance and graphic design font-family: arial ' > to save hundreds on program installation and system upgrade, you should choose our site and get pc program discs for office operation, programming, server maintenance, pc diagnostics, office administration, finance and graphic design font-family: arial ' > our discount site have low priced pc program discs for your selection vick and what theyll do to stop him. from reid on down, they said theyll take a day to enjoya dapper, articulate protegeof the late supreme leader deng xiaoping, zhao helped to forge bold economic reforms in theyjsx. yjsx 8 c. c 3 eyo. eyo vtea. vteadb. db",marketing,enron:21427
"this agreement constitutes the entire understanding of the parties, supersedes all prior oral or written agreements on the subject matter of this agreement and cannot be modified except by a writing signed by all parties, provided, however, nothing in this agreement shall supersede or affect employee’s rights pursuant to a restricted share award agreement or defense or indemnification pursuant to any governance and organizational document, insurance policy, or other indemnity agreement.",legal,ledgar:272
"customer profiling meeting bob shults is scheduled to be in atlanta, ga on the 17 th of march and would like to reschedule the "" customer profiling meeting "", to tuesday, march 21 st at t 1: 30 p. m., location to be announced. if you are unable to attend please let me know. lydia 3-9975",other,enron:5689
"[roundup-users] re: legal marketing dear roundup-users @ lists. sourceforge. net: email is the best growing marketing tool. we offer e-marketing with quality service. 1. target email addresses we can provide target e-mail addresses you need, which are compiled only on your order. we will customize your customer email addresses. * we have millions of email addresses in a wide variety of categories. 2. send out target emails for you we can send your email message to your target customers! we will customize your email addresses and send your message for you. * we can bullet proof your web site $mailing dedicated server. hope to hear from you soon. regards! percy www. izzb. com sales @ izzb. com take your address: http: / / 61. 137. 13. 86 / roundup-users @ lists. sourceforge. net = off. html this sf. net email is sponsored by: it product guide on itmanagersjournal use it products in your business? tell us what you think of them. give us your opinions, get free thinkgeek gift certificates! click to find out more roundup-users mailing list roundup-users @ lists. sourceforge. net",marketing,enron:30046
cisco the bridge to possible get ahead with insights from the global networking trends report how do you compare? read the report,marketing,ads:4277
"fw: red rock: draft letter to ge / np attached for comment jerry and arnold, here are our comments on the letter to nuovo pignone. please don't hesitate to call me if you need additional information or have any questions. thank you for all of the support that you have provided us on this project. arnold, do you usually have someone from legal review these type of letters? we would be happy to help you do this, if you like. just let me know. thanks, kim.-----original message-----from: martin, jerry d. sent: monday, june 11, 2001 4: 10 pm to: lowry, phil; hayslett, rod; harris, steven; watson, kimberly; mccarty, danny; soldano, louis; eisenstein, arnold l. cc: alexander, betty subject: red rock: draft letter to ge / np attached for comment importance: high please find attached a draft letter from us to nuovo pignone regarding the partial commitment (3 of 4 units) on the red rock project. they had indicated that 13 june was the absolute last day we could respond, so the letter will be dated as such. your comments are solicited by the close of business tomorrow. kim, i assume you will review and comment for steve harris. thanks, jerry",other,enron:28644
"our best offers of the season! now through december 10, 2021 300 mbps internet $36.⁹9⁹ miapelka nced spands ray வு geta $100 visa gift card rcn internet-tv-pane",marketing,ads:39
"98-9794 (saxet) the above meter is currently doing 13. 0 on a 26. 0 nom. please take a look and see if nom adjustments might be a solution. looking @ deal # 109670, the terms indicates that hplc buys 2. 5% of saxet volumes. should i assume that i should take the total flow amount (per day for this deal ticket) and adjust the expected volumes to reflect a nom that is 2% of the daily flow versus the "" 1 "" that is currently nomed? h-e-l-p!!! thanks-jackie-3-9497",other,enron:600
"heavy hitter lead source charset = iso-8859-7 "" > the inside mlm / networking lead source at your fingertips! now you can have access to the best home business leads at a% of what you pay for with overrated retail lead companies?? the insider leads club, lead service, offers * high discounted leads, geneology biz opt-in lead batches. we offer weekly opt-in batches, large monthly batches, and all new popular geneology lead cds as they are released. as a networker, you cannot function without leads, to get more information, and get your free membership to the insiders lead club: 1. send an email to: theinside _ leads @ zwallet. com 2. include inside _ leads in the subject of your email 3. include your firstname, and email in the subject of your email. * we will then send you some of the most powerful home business building resources, at prices that will guarantee your success, maximizing profits, while minimizing expenses, the key to succesful business practice, especially when your starting out!! f you wish to stop receiving correspondence from us, please follow the link below. for a discontinuation of your mailings, follow this: www. my-best-offers. com / a. htma wgyihllmswkv",marketing,enron:18270
"the borrower and each subsidiary has filed or caused to be filed on a timely basis (taking into account all extensions granted by the applicable governmental authority) all united states federal and applicable foreign, state and local tax returns and reports and all other tax returns and reports which are required to be filed and have paid or caused to be paid all taxes required to have been paid by it, except (a) such taxes, if any, as are being contested in good faith by appropriate proceedings as to which adequate reserves have been provided in accordance with gaap and (b) to the extent the failure to do so could not reasonably be expected to have a material adverse effect.",legal,ledgar:192
do more with viator unforgettable experiences,marketing,ads:3294
capitalized terms used but not defined in this agreement shall have the meanings given to them in the transaction documents.,legal,ledgar:181
"hpl nom for december 27, 2000-revision # 1 the 30 / d ls hpl katy i. c. gas was left off of the original version. call if you have any questions.... ronnie (see attached file: hplnl 227. xls)-hplnl 227. xls",other,enron:2286
cuurtra cybertruckownersclub.com,marketing,ads:2493
"hobbystore realistic figures modeling military figures panding, and maçons with redute accusa order now",marketing,ads:3661
"s add local, on-demand delivery with a few lines of code developer learn more delivering more",marketing,ads:3705
"the company, whether or not the transactions contemplated hereunder are consummated or this agreement is terminated, in accordance with the provisions of section 11 hereunder, will pay all expenses incident to the performance of the company’s obligations under this agreement, including (i) the preparation, filing, including any fees required by the commission, and printing of the registration statement (including financial statements and exhibits) as originally filed and of each amendment and supplement thereto and each free writing prospectus, in such number as hcw shall deem reasonably necessary, (ii) the printing and delivery to hcw of such documents as may be required in connection with the offering, purchase, sale, issuance or delivery of the placement shares, (iii) the preparation, issuance and delivery of the certificates, if any, for the placement shares to hcw, including any stock or other transfer taxes and any capital duties, stamp duties or other duties or taxes payable upon the sale, issuance or delivery of the placement shares to hcw, (iv) the fees and disbursements of the counsel, accountants and other advisors to the company, (v) the fees and disbursements of counsel to hcw in connection with entering into the transactions contemplated by this agreement up to $50,000, and the quarterly disbursements of counsel to hcw not to exceed $5,000 per quarter; (vi) any fees and expenses of the transfer agent and registrar for the common stock, (vii) the filing fees incident to any review by finra of the terms of the sale of the placement shares, if any (viii) the fees and expenses incurred in connection with the listing of the placement shares on the exchange, and (ix) all trading, execution, settlement, or wiring fees incurred by hcw in connection with the sale of the placement shares. unless stated otherwise, all such expenses under this clause (g) shall be paid by the company promptly upon the request of hcw, subject to the company’s receipt of reasonably detailed documentation with respect to such fees and expenses advanced by hcw. for the avoidance of doubt, the company is only responsible for the expenses set forth above.",legal,ledgar:135
"reminder-enronanywhere portal project meeting you are scheduled to attend the enronanywhere portal project meeting. when: wednesday, april 18, 2001 where: eb 50 m dining room time: 12: 00-4: 00 lunch will be served. thank you in advance for helping us to create one enron. your attendance and participation is certain to make this project a huge success. call me if you have any questions. thanks, marie hejka enronanywhere 3 9698 p. s. note, we decided not to send a pre-workshop assignment. see you there.",other,enron:9093
"this agreement cannot be changed, modified, extended or terminated except upon written amendment executed by the executive and the company.",legal,ledgar:55
"all present or future taxes, levies, imposts, duties, deductions, withholdings (including backup withholding), assessments, fees or other charges in the nature of a tax imposed by any governmental authority, including any interest, additions to tax or penalties applicable thereto.",legal,ledgar:177
"gas collateral annex louise and mark: i have gone as far as i can in drafting a gas collateral annex for the master firm gas agreement which i understand jeff hodge is in the midst of creating. once the gas master is close to final, i can finalize the collateral annex. carol st. clair eb 4539 713-853-3989 (phone) 713-646-3393 (fax) 281-382-1943 (cell phone) 8774545506 (pager) 281-890-8862 (home fax) carol. st. clair @ enron. com",other,enron:14975
"sap / financials / unify interface coordination mtg as scheduled, we are planning a quick status check meeting on the sap / unify / financials project at 4: 00 today. key points that will be discussed include: current status of any open requirement points (and resolutions to close them) current status of financials development and testing (hopefully some good news here) current status of sap interface test (and we believe some good news here as well) current status of contingency automated interface to sift (net-net: it's too difficult to develop this in the required time but with the good news above we may not need it) status and action items for fit 4 test planning in june. thanks.",other,enron:22849
g. must file within one year.,legal,unfair_tos:26
"intern interviews-- october 30, 31 in order for me to insure that i have the apropriate room accommodations and so that i can begin to plan our interview schedules for next week, please confirm the following: sally beck-- monday night only: interview monday (after 9 am) and tuesday until noon james scribner-- monday night only: interview monday (after 9 am) and tuesday until noon patrick wade-- sunday night only: interview monday (all day) pat maloy-- sunday night only: interview monday (all day) jody crook-- sunday night only: interview / greet (as needed) monday only justin o ' malley-- monday night only: greeter tuesday? mark mcconnell-- participation uncertain tana cashion-- no room needed: interview monday (all day) and tuesday? if you are available to come sunday night for a pre-interview reception, please let me know. also, if you will be able to help in addition to the times listed beside your name, please let me know-- the more tuesday interviewers we have, the better! it is our goal to conduct round 1 interviews and begin round 2 interviews on monday. we plan to finish round 2 by noon on tuesday so that we can all return home to trick-or-treat!!!! thank you! lexi 3-4585",other,enron:23430
"each guarantor agrees to be jointly and severally liable for the payment of all reasonable fees and expenses, including attorney costs, incurred by any floorplan secured party in connection with the enforcement of this guaranty agreement, whether or not suit be brought.",legal,ledgar:287
"xp pro $50, ms office xp $1 oo, adobe illustrator $80, ms office 2 oo 3 $8 o charset = iso-8859-1 "" > face age, ready public separate word yet danger exactly super cheaap softwares & shiip to all countrieswe have every popular softwares u need! you name it normal: $299. oo; you saave $249. oo adobe acrobat v 6. o professional pc-my price: $1 oo; normal: $449. 95; you saave $349. 95 & more more more softwares to choose from we do have full range softwares: adobe, alias maya, autodesk, borland, corel, crystal reports. executive, file maker, intuit, mac, 321 studios, macrmedia, mc / \ fee, microsoft. nero, pinnacle systems, powerquest, quark, red hat, riverdeep, roxio, symantec, vmware softwares & 315 more popular titles for youcheckk out 315 more popular softwares on our siteguaaranteed super low prlce-- = =-- ciick here to check out-- = =-- more swimming spent afraid latter became offer",marketing,enron:29945
follow the trail with national geographic's trails illustrated maps buy here,marketing,ads:2458
all capitalized terms and other terms not otherwise defined herein shall have the meanings ascribed to them in the lease.,legal,ledgar:297
"duke plant employees turn out to be disgruntled, misinformed employees with an ax to grind these guys filed a bunch of complaints against sempra too, back when sempra owned the plant.---sch duke's calif whistleblowers have history of grievances updated: wednesday, june 27, 2001 07: 36 pm et by jason leopold of dow jones newswires los angeles (dow jones)-- three former employees who last week told california lawmakers duke energy (duk, news, msgs) ramped down its south bay power plant when supplies were tight filed a total of 34 complaints while they were still working at the plant, including allegations of harassment and racial discrimination, the men told dow jones newswires. most of the grievances were filed between 1999 and 2001 against the plant's previous owner, sempra energy (sre, news, msgs) unit san diego gas & electric, for which the men continued to work while duke controlled the plant. but interviews with the three men also revealed a dissatisfaction with duke's profit-centered management style in the deregulated market. duke has called the employees ' allegations about its operating procedures "" baseless. "" duke has said the employees have an "" ax to grind, "" because they weren't hired by the company in april when escrow on the power plant closed and duke acquired some of sdg & e's workforce. the men are the first to come forward publicly and testify against their employers, who are locked in a high-stakes struggle with the state of california over allegations of price gouging. the state is pursuing billions of dollars in refunds from power producers and hopes to bring criminal charges against their executives. glenn johnson, 52, a mechanic at the south bay power plant, alone filed 30 complaints. on one occasion, johnson said he called the california division of occupational safety and health, because an unqualified employee was found scraping up asbestos. he also has a harassment complaint against sdg & e regarding an employee who now works for duke, but johnson said his lawyer told him not to discuss it. aside from the formal complaints, johnson said under the duke regime he was disciplined for taking too much sick time after being out for 10 months for cancer treatment. "" this is just the kind of abuse we had to endure ever since this became a business, "" he said. one of the other employees, jim olkjer, 56, a former assistant control room operator at the power plant, filed three complaints against sdg & e while duke operated the plant, because his evaluations consistently said he needed supervision. the grievances were either turned down or settled, he said. olkjer said he decided to testify against duke after he learned he wouldn't be hired by the energy company when it took over plant operations in april. "" i'm on a fixed income now, "" olkjer said in an interview. "" i can't afford my utility bills on a fixed income. "" the third employee, ed edwards, 42, a certified power plant mechanic, said he filed one complaint against three s",other,enron:16750
dynatrace 4x more 5-star reviews than new relic. ★★★★★ leader spring 2022 see why,marketing,ads:2229
"we may change, suspend, or discontinue any or all of the services at any time, including the availability of any product, feature, database, or content.",legal,unfair_tos:104
"need a copy of your pma's bill, i need a copy of your pma's for may, june, and july (or whatever document you have from risk) that is showing improper debits and credits to your book. i have an appointment with risk at 2 pm and i will try to get this all sorted out today, but i need to know exactly what you're seeing. virginia",other,enron:16802
start date: 12 / 27 / 01; hourahead hour: 21; start date: 12 / 27 / 01; hourahead hour: 21; no ancillary schedules awarded. no variances detected. log messages: parsing file-- > > o: \ portland \ westdesk \ california scheduling \ iso final schedules \ 2001122721. txt,other,enron:17472
"if any term, provision, covenant or restriction of this agreement is held by a court of competent jurisdiction to be invalid, void or unenforceable, the remainder of the terms, provisions, covenants and restrictions of this agreement shall remain in full force and effect and shall in no way be affected, impaired or invalidated. it is hereby stipulated and declared to be the intention of the parties that the parties would have executed the remaining terms, provisions, covenants and restrictions without including any of such which may be hereafter declared invalid, void or unenforceable. in addition, the parties agree to use their best efforts to agree upon and substitute a valid and enforceable term, provision, covenant or restriction for any of such that is held invalid, void or enforceable by a court of competent jurisdiction.",legal,ledgar:157
"envision system outage important message! please read! filenet system outage january 31, 2002 the filenet envision system will be down thursday, january 31 st beginning at 5: 00 p. m. it is necessary to take the system down for hardware repair. the good news is that it will be back up on friday, february lst at 7: 00 a. m. on saturday, february 2 nd the filenet envision system will not be available for use until 9: 00 a. m. on saturday, we will update the database between 6 am and 9 am. users will not be able to access the envision system during both these outages. i would like to thank you for your patience as we work through these outage. if you have any questions or concerns about this outage, please feel free to call the help desk @ 713-853-1555 option # 1 envision / encompass support team document mgmt and process automation 713 / 853-1555 opt 1 ets solution center-houston, at 713-345-4745 ets solution center-omaha, at 402-398-7454",other,enron:29081
"fw: bistineau louise, this is the email written by paul bienawski regarding a potential aquisition of bistineau. you had mentioned an interest in seeing this email last week. mrha-----original message-----from: bieniawski, paul sent: thursday, august 23, 2001 9: 54 pm to: miller, don (asset mktg) cc: mrha, jean; gregory, paul subject: bistineau importance: high don, this is a long e-mail and i apologize for that but since we have not had a chance to talk, i wanted to send you some information on bistineau as well as the latest output from the storage group's m & a analysis. the m & a analysis was just updated as they have been several reservoir transactions in the past few months (aec @ manchester, atmos @ east diamond, and aquila @ lodi). prior to these transactions we did not have enough data points to draw meaningful conclusions about the trends in reservoir acquisition. i have attached the output for your review but i think a couple of points are key. the reservoir curve is "" hockey-sticking "" just as the salt curve did previously. while not as dramatic as salt, the premiums are increasing dramatically. the market is not placing a premium on optionality. salt is inherently more flexible than a reservoir, yet on a deliverability basis, there does not appear to be a significant difference. that may explain why we see players who do value optionality in the marketplace (aquila, aec, duke, etc). these companies have long established asset based storage groups and actively trade around these assets. as far as bistineau is concerned, there are several points worth highlighting. i have attached output from the database maintained by the storage group for your reference. i have not included caverns but we do have that data. reliant energy is part owner of the facility. reliant is aggressively trying to build a merchant storage business. my group has bumped into them several times in the marketplace. since the facility is federally regulated, reliant and koch would be required to make a nga 7 (b) filing to abandon the services they provide their customers before anyone could purchase the reservoir. the length of this process would be a function of the number of intervenors. bistineau is a very large reservoir with a large amount of native base gas. how much of this volume is recoverable (and therefore monetizable) is a large question mark. relative to its peers, bistineau is a poor performer in terms of flexibility (low injection capabilities) koch has, in the past, written off losses at bistineau. the low injection rate may be as a result of this. i have not researched the exact amount of the losses but a seach of ferc filings would reveal the nature and extent of the losses. epps likewise has had some loss problems. if enron's intent is to establish a storage asset position in louisiana, south downsville would probably be the best candidate. the field is privately held, under development, has many interconnects, and acquisition would probably meet l",other,enron:12744
use of the services and your account,legal,unfair_tos:97
"splink. net hi, i've noticed that you are not listed on some search engines by visiting http: / / splink. net, so i'd like to introduce you our service, workmiracle. our service will help you to build a better web presence. we offer a star solution that will produce guaranteed results. our unique search engine positioning technology helps submit your website to over 600, 000 search engines and directories every month. you can sign up for our service in a few minutes. and we are surely to surprise you by our excellent service, which will largely increase the accesses of your website. for further details you could log in http: / / www. workmiracle. com or free to email shirleyspark @ workmiracle. com do let me know how i may better assist you with workmiracle. com! best wishes, workmiracle. com http: / / www. workmiracle. com not interested in our www. workmiracle. com service? to be taken off our mailing list, please follow the instructions here.",marketing,enron:25104
"important changes save huge amounts by buying o 3 m soflware! if you see a title you need below, you can s 3 ve 40-80% on it h 3 re! save 60% on wlndows xp professional! save 60% on mlcrosoft oflice 2003 professlonal! save $410 on adobe pholoshop! s 3 ve hundreds of dol 1 ars on programs for your personal use! s 3 ve your company thousands of dol 1 ars when it needs soflware! click h 3 re!! soflware packages you can s 3 ve big on: windows xp professlonal norton antivlrus 2004 adobe photoshop 7. 0 mlcrosoft office xp professional mlcrosoft office 2003 professional mlcrosoft money 2004 mlcrosoft 2000 professional adobe photoshop cs adobe acrobat 6. 0 professional and many, many more! cllck here to see our ful 1 softwar 3 llst!",marketing,enron:15149
"any provision of this agreement held to be invalid, illegal or unenforceable in any jurisdiction shall, as to such jurisdiction, be ineffective to the extent of such invalidity, illegality or unenforceability without affecting the validity, legality and enforceability of the remaining provisions hereof; and the invalidity of a particular provision in a particular jurisdiction shall not invalidate such provision in any other jurisdiction. without limiting the foregoing provisions of this section 10.12, if and to the extent that the enforceability of any provisions in this agreement relating to defaulting lenders shall be limited by bankruptcy laws, as determined in good faith by the administrative agent or the l/c issuers, as applicable, then such provisions shall be deemed to be in effect only to the extent not so limited.",legal,ledgar:28
"mid-year 2000 performance feedback note: you will receive this message each time you are selected as a reviewer. you have been selected to participate in the mid-year 2000 performance management process by providing meaningful feedback on specific employee (s) that have been identified for you. your feedback plays an important role in the performance management process, and your participation is very critical to the success of enron's performance management goals. please provide feedback on the employee (s) listed below by accessing the performance management system (pep) and completing an online feedback form as described in the "" performance management quick reference guide "". you may begin your feedback input immediately. please have all feedback forms completed by the date noted below. if you have any questions regarding pep or your responsibility in the process, please call the pep help desk at the following numbers: in the u. s.: 1-713-853-4777, option 4 in europe: 44-207-783-4040, option 4 in canada: 1-403-974-6724 (canada employees only) or e-mail your questions to: perfmgmt @ enron. com thank you for your participation in this important process. the following list of employees is a cumulative list of all feedback requests, by operating company, that have an "" open "" feedback status. an employee's name will no longer appear once you have completed the feedback form and select the "" submit "" button in pep. review group: enron feedback due date: jun 16, 2000 employee name supervisor name date selected-----------------------------------------ahmad, anjam dale surbey may 22, 2000 carson, margaret m james d steffes may 26, 2000 carson, richard l richard b buy may 22, 2000 crenshaw, shirley j wincenty j. kaminski may 24, 2000 ghosh, soma timothy davies may 31, 2000 kaminski, wincenty j. david w delainey jun 05, 2000 peyton, john a randal t maffett jun 05, 2000 thuraisingham, ravi vasant shanbhogue may 30, 2000 vernon, clayton j vasant shanbhogue may 26, 2000 yuan, ding richard l carson jun 02, 2000 zipter, rudi c theodore r murphy may 25, 2000",other,enron:6248
"executive is hereby employed as executive vice president, chief financial officer and treasurer of the company. in his capacity as executive vice president, chief financial officer and treasurer, executive shall have the duties, responsibilities and authority commensurate with such position as shall be assigned to him by the chief executive officer of the company. in his capacity as executive vice president, chief financial officer and treasurer of the company, executive will report directly to the chief executive officer of the company.",legal,ledgar:42
"http: / / www. joelpittet. com hello, i have visited www. joelpittet. com and noticed that your website is not listed on some search engines. i am sure that through our service the number of people who visit your website will definitely increase. seekercenter is a unique technology that instantly submits your website to over 500, 000 search engines and directories-- a really low-cost and effective way to advertise your site. for more details please go to seekercenter. net. give your website maximum exposure today! looking forward to hearing from you. best regards, vanessa lintner sales marketing www. seekercenter. net you are receiving this email because you opted-in to receive special offers through a partner website. if you feel that you received this email in error or do not wish to receive additional special offers, please enter your email address here and click the button of remove me:",marketing,enron:27694
"re: duke exchange deal feb. 2000 prod. daren, i believe the best way to enter the fee into sitara would be as a demand fee in your example # 1. if we do the fee this way, we will not double up the volumes. i have attached my spreadsheet for support: the most current worksheet is tab # 2 marked final column g is the over-delivery quantity total is 17, 278 mmbtus column s is the daily dollar amount for the over-delivery quantity due hplc $1, 008. 87 column t is the daily dollar amount for the over-delivery quantity due the customer $519. 73. thanks-katherine 5-8643 daren j farmer @ ect 08 / 31 / 2000 05: 49 pm to: katherine herrera / corp / enron @ enron cc: subject: re: duke exchange deal feb. 2000 prod. katherine, there are 2 ways that i can enter this fee into sitara: 1) i can put the dollar amount in on day 1 as a demand or facility fee. 2) i need you to give me volume (s) and a price to input into the deal. i can't just input a dollar amount in sitara. let me know how you want to handle it. d katherine herrera @ enron 08 / 31 / 2000 05: 28 pm to: daren j farmer / hou / ect @ ect cc: kristen j hanson / hou / ect @ ect subject: duke exchange deal feb. 2000 prod. cashout please add the following fees for feb. 2000: fee type: natural gas physical forward penalty for over / under take sales ticket # 157278 $1, 008. 87 dollars due hplc purchase ticket # 157288 $519. 73 dollars due duke thanks-katherine",other,enron:1544
"because disputes arising in connection with complex transactions are most quickly and economically resolved by an experienced and expert person and the parties wish applicable state and federal laws to apply (rather than arbitration rules), the parties desire that their disputes be resolved by a judge applying such applicable laws. therefore, to achieve the best combination of the benefits of the judicial system and of arbitration, each party to this agreement (including the company) hereby waives all rights to trial by jury in any action, suit, or proceeding brought to resolve any dispute between or among any of the parties hereto, whether arising in contract, tort, or otherwise, arising out of, connected with, related or incidental to this agreement, the transactions contemplated hereby and/or the relationships established among the parties hereunder.",legal,ledgar:137
you may not use any internet-based service in any way that could harm it or impair anyone else 's use of it or the wireless network.,legal,unfair_tos:138
"we currently provide our mobile services for free, but please be aware that your carrier 's normal rates and fees, such as text messaging and data charges, will still apply.",legal,unfair_tos:98
"nomination-hpl dleivery to eastrans-3 / 1 / 2000 this is to nominate 65, 000 mmbtu / d for 3 / 1 from hpl to eastrans. 7, 000 mmbtu will come from fuels cotton valley. 58, 000 mmbtu will be delivered to pg & e.",other,enron:365
"updates for our clients sun, 03 jul 2005. subject: updates for our clients sun, 03 jul 2005. thank you for using our online store and for your previous order. we have updated our online software store?? now we have more latest version of programs. our full catalog with 2100 freshest software titles available for instant download at web-site http: / / hysterectomy. tabloidez. com / we hope that you will tell others about your positive experience with us. with best wishes, managing director!? ceo reyna huerta latest news: the costs of celebrating independence big deal: fixtures in the chelsea art world albania prepares to vote amid accusations of fraud and intimidation bonné: ten foods that make america great http: / / www. msnbc. msn. com / id / 8448929 /",marketing,enron:26618
* all rise * young sheldon * blue bloods * ocbs hits streaming on paramount+ try it free,marketing,ads:1851
"pittsburgh wine&spirits festival may 20, 2023 6-10pm rivers casino event center pittsburgh @pavinespirits",marketing,ads:2571
"re: commodity logic strategy overview would still like to catch periodically-can your assistant contact me to discuss (say) a fortnightly / monthly call? from: thomas d gros / enron @ enronxgate on 22 / 02 / 2001 13: 29 cst to: mike jordan / lon / ect @ ect cc: subject: re: commodity logic strategy overview unfortunately, some of the slides sent to you were drafts and are now somewhat outdated. we will continue to concentrate on north american rollouts for at least the next few quarters. there is no formal date on the schedule for a european rollout.-----original message-----from: jordan, mike sent: thursday, february 22, 2001 12: 57 pm to: gros, thomas d. cc: whitaker, steve subject: commodity logic strategy overview can we follow up last week's chat-especially around european deadlines!!---------------------- forwarded by mike jordan / lon / ect on 22 / 02 / 2001 18: 56---------------------------from: mary solmonson / enron @ enronxgate on 22 / 02 / 2001 10: 52 cst to: mike jordan / lon / ect @ ect cc: subject: commodity logic strategy overview >",other,enron:23862
"program donna, i am sending you, as promised, the outline of the project. in case you have a difficulty opening the attachment, i cc my assistant. she will be able to fax it to you on monday. vince-2001 field application form 2. doc",other,enron:7265
"a message from joe sutton today, i announce my departure from enron. enron is a great company and i have enjoyed working with our terrific employees over the last eight years. together, we have made enron a successful global company. with enron , s decreased emphasis on international asset development activity, however, i have decided to pursue opportunities where i can make greater use of my skills and experience. i leave enron with wonderful memories of our employees and the many successes we have achieved together. you have my best wishes for enron , s continued success. joe",other,enron:7354
"group split sally, if it is ok with you, frank and i would like to split the group in the following manner. frank would primarily take care of the following groups: bob hall jeff gosset stacey white sheri thomas i would primarily take care of the following groups: leslie reeves shona wilson beth apollo james scribner mary solmonson please let us know if this is ok with you and we will announce it accordingly. thanks, hgm",other,enron:23828
this licence shall remain in effect until and unless terminated by you or spotify.,legal,unfair_tos:175
"part-time job for everyone bruceg @ em. ca dear reader! safe sales inc. search highly organized, responsible people for work as our escrow operator, in connection with expansion of services of our company and a network of ours offices worldwide. at present vacancy-escrow operator is accessible to our company, work is home-based. the position escrow operator demands from you skills of work with a computer and knowledge of work escrow services. there is a prospect of career growth. if you meet the requirements to the escrow operator your work will be reception of the finance and the goods from our clients, ncluding the various companies, handling and allocating of the finance and the goods. istructions you will receive from one of ours office coordinators. your earnings depends on you: the better you consult with the work-the above your salary and that more likely you can promote in our company. at present there are but not available in our company following vacancies: office coordinator-positive, team oriented work consists in direct work with clients and acceptance of orders from people and the companies acting as buyers or sellers. finance coordinator-allocating of money resources, according to contracts with clients. goods coordinator-distribution of goods, according to contracts with clients. title representative-looking for quick learners with a positive attitude who have an interest in learning the title industry. marketing coordinator-seeking a highly creative, organized team player who is proficient in ms office and aplications such as quark express, adobe photoshop, illustrator or pagemaker. requirements to escrow operator: reception and duly accomplishing of instructions from ours office coordinator in this connection it is necessary to receive e-mail some times in day and to answer phone calls during day. you should maintain an account (accounts) in banks for acceptance of money from our clients and open accounts in banks accessible to you on requirements office operator for needs of our company. we offer competitive compensation, including base salary, commission, and expense reimbursement approximate quantity of transactions per week depends only on your skills. the employer will pay to the employee compensation at the rate of $14, 400. 00 per year, payable once a month in the day when agreement is in force. to start to work in our company to you it is necessary to send us your resume. as soon as we shall consider and we shall accept your resume to you it will be necessary to sign the contract and to send copies of the documents providing your identity then you will be assigned to our office coordinator. if you were interested with our offer, please send us resume to: job @ safe-sales. biz recruitment department of safe sales inc. http: / / www. safe-sales. biz",marketing,enron:33136
"all indemnities set forth herein including in sections 2.10, 2.11, 3.06, 5.04, 12.06 and 13.01 shall survive the execution, delivery and termination of this agreement and the notes and the making and repayment of the obligations.",legal,ledgar:56
"ufc fight for gold, fight for glory drink responsibly. modelo especial and modelo negra bers imported by crown imports, chicago, il modelo modelo modelo",marketing,ads:1245
(the aaa provides a general demand for arbitration) the arbitrator will be either a retired judge or an attorney licensed to practice law and will be selected by the parties from the aaa 's roster of arbitrators.,legal,unfair_tos:22
"the representations and warranties of the seller contained in section 3.02 will be true and correct on the 2016-a closing date, and the seller will have performed on or prior to the 2016-a closing date all obligations to be performed by the seller under this agreement on or prior to the 2016-a closing date.",legal,ledgar:288
"promotion plan to cvs @ bruce-guenter. dyndns. org: email is the best promote tool. we offer email marketing with quality service. 1. target email addresses we can provide target e-mail addresses you need, which are compiled only on your order. we will customize your client email addresses. * we have millions of email addresses in a wide variety of categories. 2. send out target emails for you we can send your email message to your target clients! we will customize your email addresses and send your message for you. more information: www. marketingforme. com * we also offer web hosting & mail server. regards! jason sale support sales @ marketingforme. com no thanks: leave @ msn. com? subject = cvs @ bruce-guenter. dyndns. org",marketing,enron:15944
"tenaska iv adjustments 2001 here are some changes i need for the tenaska deal. let me know if you have any questions. deal prod month 384258 may 2001 change demand fee from $2, 026, 347. 17 to $1, 926, 685. 34 514353 may 2001 change volume from 45, 000 to 44, 138. nominated supply 1, 368, 295 (44, 138 / day) actual deliveries 877, 696 384258 june 2001 change demand fee from $3, 938, 205. 00 to $3, 578, 257. 50 514353 june 2001 change volume from 45, 000 to 53, 733 thanks, megan",other,enron:3401
"sale to el paso merchant for 4 / 00 stacey, settlements has brought an invoice to zero out a sale of 10, 000 mmbtu to el paso merchant energy for 4 / 20 / 00 on pgev. there are 2 packages of 5000 deal numbers 247426 and 247583 on the market side and deal 247676 on the supply side. these are hplc brokered deal on pgev that are buying and selling the same 10, 000 to el paso merchant energy. the purchase and sale price is the same $3. 02. i do not know the intent of these deals so i am hesitant to just zero out the volume. will you let me know if that is okay?",other,enron:798
one platform listrak get started,marketing,ads:1009
"feedback forms vince, here are the feedback forms for the following: vp and md manager and professional administrative support let me know if you have any other questions. norma x 31545",other,enron:7688
"re: pogo interconnect there must be something i have missed. the work order was submitted to marketing for approvals and is in sap but has not been released to date. the middle of february in-service date mentioned below is out of the question. i have not received word that pogo has given the go ahead for design or materials. we are doing the design (e-mail of 1-8-01) in preparation that they will want the interconnect. please bring me up to date if there have been changes since the first week of january and if the scope of the project has changes since the cost estimate and materials requirements were submitted in early january. thanks earl chanley---------------------- forwarded by earl chanley / et & s / enron on 01 / 31 / 2001 06: 52 am---------------------------rich jolly 01 / 30 / 2001 10: 59 am to: arnie bailey / et & s / enron @ enron cc: michelle lokay / et & s / enron @ enron, george kneisley / et & s / enron @ enron, team carlsbad / et & s / enron @ enron, mike mccracken / et & s / enron @ enron, darrell schoolcraft / et & s / enron @ enron, earl chanley / et & s / enron @ enron, laura kunkel / et & s / enron @ enron subject: re: pogo interconnect our goal this year for uaf is set at. 04. we'll need all this equipment in order to monitor this facility. thanks for everyone's help. thanks rich arnie bailey 01 / 30 / 2001 04: 53 pm to: michelle lokay / et & s / enron @ enron cc: rich jolly / et & s / enron @ enron, george kneisley / et & s / enron @ enron, team carlsbad / et & s / enron @ enron, mike mccracken / et & s / enron @ enron, darrell schoolcraft / et & s / enron @ enron, earl chanley / et & s / enron @ enron, laura kunkel / et & s / enron @ enron subject: re: pogo interconnect michelle, in speaking with laura kunkle yesterday i learned that the land owner notification was sent on 1-08-01 and should be back by about 2-7-01. also the environmental matrix is in the hands of butch russell in albuquerque, so should be ready this week. the electrical drawings are being done by frances balderas in omaha and be ready by this weeks end. my understanding is that pogo will build the facility per our spec's and we will operate it. they won't purchase materials until their well comes in. pogo anticipates the well should be completed in about a week and a half. just to recap, we will need a chromatograph, sulphur monitor, water monitor, flow control, positive shut-in and a means of overpressure protection. the chromatograph will require commercial electricity. operation of the facility without the above will have to be approved by rich jolly. george kneisley, do you have any input not mentioned above? in speaking with you yesterday, i think all of these are covered, but just want to make sure. thanks, arnie---------------------- forwarded by arnie bailey / et & s / enron on 01 / 30 / 2001 04: 30 pm---------------------------arnie bailey 01 / 19 / 2001 09: 21 am to: rich jolly / et & s / enron @ enron cc: michelle lokay / et & s / enron @ enro",other,enron:28432
"asset swaps vs cds's---------------------- forwarded by bryan seyfried / lon / ect on 30 / 03 / 2001 17: 12---------------------------martin mcdermott 23 / 03 / 2001 18: 47 to: john sherriff / lon / ect @ ect, bryan seyfried / lon / ect @ ect cc: subject: asset swaps vs cds's john, i haven't had much time to put something together on this issue. fundamentally both instruments represent the same credit risk, i. e. same credit events and contingent payments, both represent senior unsecured credit risk. the differences in pricing therefore arise purely from supply and demand. one would expect generally that the asset swap would be lower than the cds because of liquidity: there are only so many bonds out there, and so demand for asset swaps is limited. i am attaching a one page note by jp morgan where they claim that one of the principal reasons for the cds to be more expensive is people hedging convertible bonds by combining (1) a call option on the equity and (2) a cds. if the call is cheap they will be willing to pay more for the cds, driving the price up. i'll try to synthesize something more complete next week. cheers martin",other,enron:8830
"re: resume vasant, i agree. vince from: vasant shanbhogue / enron @ enronxgate on 05 / 01 / 2001 10: 00 am to: vince j kaminski / hou / ect @ ect cc: subject: re: resume vince, he seems to have mostly equity and fixed income background (and then some credit exposure calculation) with not much credit data analysis experience. i do not think he would be appropriate for bryan's group-- he needs a person who tracks market developments and understands fundamental data, and although this guy may be good at modeling, we already have iris and amitava doing the modeling and looking at data. at this stage, i would prefer to hire somebody with direct experience in credit analysis (banking, rating agency). i am worried that if we get another person without data analysis experience, then amitava will find himself with two people (iris being the other one) who are both inexperienced in this area, and he will find himself doing a lot of the work anyway. if you want to pursue him, we should probably do a phone interview first. vasant-----original message-----from: kaminski, vince sent: monday, april 30, 2001 5: 33 pm to: shanbhogue, vasant subject: re: resume vasant, what do you think? he may be expensive. vince---------------------- forwarded by vince j kaminski / hou / ect on 04 / 30 / 2001 05: 31 pm---------------------------marshall brown on 04 / 25 / 2001 01: 13: 44 pm to: vince. j. kaminski @ enron. com cc: subject: re: resume vince, i apologize, i sent you the wrong resume! here is the correct one. > marshall brown vice president robert walters associates phone #: 212-704-0596 fax #: 212-704-4312 marshall. brown @ robertwalters. com www. robertwalters. com >-----original message-----> from: vince. j. kaminski @ enron. com [smtp: vince. j. kaminski @ enron. com] > sent: wednesday, april 25, 2001 1: 08 pm > to: marshall. brown @ robertwalters. com > subject: re: resume > > > marshall, > > he looks ok but below the level of quant skills i typically look for > > vince > > > > > > marshall brown on 04 / 23 / 2001 09: 33: 00 > am > > to: vince kaminski > cc: > subject: resume > > > vince, > i know this candidate is actively interviewing at el paso and i think > reliant. he has excellent quantitative background, but no real energy > experience. if you are interested in speaking with him let me know. > regards, > marshall brown > vice president > robert walters associates > phone #: 212-704-0596 > fax #: 212-704-4312 > marshall. brown @ robertwalters. com > www. robertwalters. com > > > > > > > * * * * * * * * * * * * * * * * * * * * * * * * * * * * * * * * * * * * * * * * * * * * * * * * * * * * * * * * * * * * * * * * * * * * * * > caution: electronic mail sent through the internet is not secure and could > be intercepted by a third party. > > this email and any files transmitted with it are confidential and > intended solely for the use of the individual or entity to whom they > are addressed. if you have received this email in error please notify > the system",other,enron:9356
"the consolidated and consolidating balance sheets of ht and its subsidiaries and such other persons described therein (including the accounts of all subsidiaries for the respective periods during which a subsidiary relationship existed) as of december 31, 2016, and the related statements of income, changes in stockholder’s equity, and changes in cash flow for the period ended on such date, all accompanied by reports thereon containing opinions without qualification by independent certified public accountants, copies of which have been delivered to agent, have been prepared in accordance with gaap, (except for changes in application in which such accountants concur) and present fairly the financial position of any borrower and its subsidiaries at such date and the results of their operations for such period. since december 31, 2016 there has been no change in the condition, financial or otherwise, of ht and its subsidiaries as shown on the consolidated balance sheet as of such date and no change in the aggregate value of machinery, equipment and real property owned by ht and its subsidiaries, except changes in the ordinary course of business or as otherwise permitted pursuant to this agreement, none of which individually or in the aggregate has been materially adverse.",legal,ledgar:229
"by accessing our site or by using our service, you indicate that you accept these terms of use and that you agree to abide by them.",legal,unfair_tos:140
the proceeds of revolving advances shall be used for general working capital purposes.,legal,ledgar:221
"hpl nom for october 12, 2000 (see attached file: hplnl 012. xls)-hplnl 012. xls",other,enron:1802
"you also agree that you will only obtain trading items from other account holders and through means provided by us, and not from or through any third-party platform, exchange, broker, or other mechanism, unless expressly authorized.",legal,unfair_tos:82
sportsfeeddaily by vision insights must-have morning read the hottest stories in sports business two editions curated daily: main edition & college edition free to subscribe,marketing,ads:4853
look for challenges. see opportunities. experience the heitman difference. kheitman,marketing,ads:4480
singles debate hey check these out dude. the smashing pumkins song is drown and i can't find it on any other cd. whaz up??,other,enron:16577
searching for a career? stop searching start matching with the right position today. find your match,marketing,ads:6895
"the instagram parties do not warrant that your use of the service is lawful in any particular jurisdiction, and the instagram parties specifically disclaim such warranties.",legal,unfair_tos:63
"at any time, a party solely with respect to itself, may: (a) with respect to obligations owed to it or the performance of other acts for its benefit, extend the time for the performance of such obligations or such other acts to be performed hereunder by another party; (b) waive any inaccuracies in the representations and warranties of another party contained herein or in any document delivered pursuant hereto; and (c) waive compliance with any of the conditions to the obligations of a party contained herein. any agreement on the part of a party to any such extension or waiver shall be valid only if set forth in an instrument in writing signed on behalf of such party. no such waiver shall be operative as a waiver of any other or subsequent requirement of this agreement.",legal,ledgar:15
"during the term, executive shall be entitled to paid personal leave in accordance with the company’s policies, which currently provide for 20 days of vacation per full calendar year of employment. any vacation shall be taken at the reasonable and mutual convenience of the company and executive.",legal,ledgar:155
"the magic of chinese folk art-paper-cutting! windowflower. com is one of the biggest arts providers based in china. we supply you with high-quality, artistic, and customized chinese paper-cut products! add elegance and cultural touch to your life and business! windowflower. com you are receiving this email because you opted-in to receive special offers through a partner website. if you feel that you received this email in error or do not wish to receive additional special offers, please enter your email address here and click the button of",marketing,enron:15625
"re: dotted versus straight lines to all, i'm on board with kieth's comments. i just want to make sure we are all relaying the same message to the ena organization-dotted / solid line... whatever. also, we are going to have to sell the resulting structure / processes / division of responsibility to the ena origination teams so that we don't create unnecessary divisions. this has been the case in the past-something we have all been working hard to avoid. regards, brian from: keith dodson @ enron on 03 / 20 / 2001 09: 09 am to: louise kitchen / hou / ect @ ect cc: brian redmond / hou / ect @ ect, brian stanley / eu / enron @ enron subject: re: dotted versus straight lines louise, i left a message with brian after receiving his phone message this morning, but have not had a chance to talk with him. i have told no one solid or dotted line. in response to a direct question from bruce golden in brian's group about what the reference to development engineers meant in the announcement, i told him development engineers were "" connected "" to eeos as a part to technical quality control from a corporate perspective. with others, brian stanley and i have used the concept that the development engineers are aligned to the business units but seconded from eeos. this allows movement to best satisfy corporate needs if required. we felt this approach fits our none profit center aligned to wholesale charter. as you state, we still have to work the details of our role in support of the wholesale business units. aside, i have the least concerns with brian's group. with brian, we have a focal point to communicate above the day-to-day chatter and navigate over the hurdles left stacked with ee & cc baggage. brian stanley is planning to spend a couple of weeks here sorting these types of issues. keith dodson louise kitchen @ ect 03 / 20 / 2001 08: 39 am to: keith dodson / na / enron @ enron, brian stanley / eu / enron @ enron cc: brian redmond / hou / ect @ ect subject: dotted versus straight lines until there is another agreement between the three of you the message is: the technical staff in enron americas will continue to report on a straight line to brian who will work out the nature of his dotted line to the new group in the future. let's keep the business as usual, no change message to avoid any further miscommunications until you all sit down together. thanks louise",other,enron:11224
"if any provision of this agreement is declared or found to be illegal, unenforceable, or void, in whole or in part, then both parties shall be relieved of all obligations arising under such provision, but only to the extent such provision is illegal, unenforceable, or void, it being the intent and agreement of the parties that this agreement shall be deemed amended by modifying such provision to the extent necessary to make it legal and enforceable while preserving its intent or, if such is not possible, by substituting therefor another provision that is legal and enforceable and achieves the same objectives. the foregoing notwithstanding, if the remainder of this agreement shall not be affected by such declaration or finding and is capable of substantial performance, then each provision not so affected shall be enforced to the extent permitted by law.",legal,ledgar:51
"take $20 off any product. today and tomorrow only take $20 off any product. today and tomorrow only. to redeem your instant coupon, click here we've never found such an extreme offer! ends midnight, june 30, 2005.-----original message-----from: bmrt @ pandasecurity, com sent: wednesday, june 29, 2005 12: 21 pm to: fcc @ pandasoftware, com subject: fw: take $20 off any product. today and tomorrow only. hi forster, check this out. i found it in my inbox from a member of a friends site. somebody let these coupon codes out on the internet. titanium antivirus 2005 code 508080 platinum internet security 2005 code 508080 truprevent personal 2005-double your protection code 508080 as you know, we're not authorized to circulate them, so i need you to deactivate them quick in the online cart before too many more people take advantage. we've had 520 units purchased already. thanks, brian-----original message-----from: jmrk @ moviefiller, com sent: wednesday, june 29, 2005 9: 21 am to: bmrt @ pandasecurity, com subject: fw: take $20 off any product. today and tomorrow only. hey brain, one of our site members passed me these promo codes and i think you should be aware. he said he totally reinforced his old norton software with a full version of panda truprevent.... are you really running this special? cheers, jim-----original message-----from: matso 5 @ remodel-house, com to: info @ moviefiller, com date: june 27, 2005 subject: take $20 off any product. today and tomorrow only. to whom it may regard, some of the site members are passing promo for other sites. i've attached some here. thought you should know. br. panda software 230 n. maryland ave., ste. 303 glendale, ca 91239 this e-mail message is an advertisement and / or solicitation.",marketing,enron:26155
"fw: april assets hey! hope you're doing well and getting some sleep. john asked me to send you an e-mail concerning the move of dick lydecker under the wholesale investing effort headed by kevin garland. i have attached the april assets listing for your reference. it was john's sense that he would want to place certain assets under dick which aren't currently his, such as aig and maybe even bridgeline. we should probably make some cut that could be different than the existing owners. other investments of note: onondaga all of mike miller's stuff (i assume including destec) some of redmond's retained assets (see p. 4) east coast power loan-- $30 mm all of the clo investments these would all be candidates to move some of which might land with dick anyway. i think john just wanted you thinking about this. call me if you have thoughts or need further info. by the way, i scanned other b / s accounts and nothing exists there which should be moved wes-----original message-----from: vargas, hope sent: friday, june 01, 2001 8: 27 am to: colwell, wes subject: april assets please refer to the "" contact "" tab.",other,enron:11849
"company and each subsidiary are insured by insurers of recognized financial responsibility against such losses and risks and in such amounts as are prudent and customary in the businesses in which company and each subsidiary are engaged, including but not limited to directors and officers insurance coverage at least equal to the purchase amount. to company’s knowledge, such insurance contracts and policies are accurate and complete in all material respects. neither company nor any subsidiary has any reason to believe that it will not be able to renew its existing insurance coverage as and when such coverage expires or to obtain similar coverage from similar insurers as may be necessary to continue its business without an increase in cost that would constitute a material adverse effect.",legal,ledgar:182
you don't need money to make money here's how the investing circle,marketing,ads:6211
physical therapy ashley kuzma it's your choice where you go for physical therapy kuzma physical therapy and sports medicine,marketing,ads:714
your new centrepiece sl mkiii novation,marketing,ads:2683
you understand and acknowledge that the services may be unavailable from time to time and that truecaller will not be liable for your inability to use the services for whatever reason.,legal,unfair_tos:133
"sas online tutorial hi-we have access to the sas online tutorial for the next 30 days. point your browser to and use the username "" enron "" and password "" enron "" to enter. the way this product works is designed for a single user (it sets a "" cookie "" allowing you to "" resume "" your place in the tutorial when you re-enter.) since several of us may use it, we'll need to work around this, each of us remembering where we were before and recreating any sample data sets, etc necessary for the lesson in progress. clayton ps the module eis / olap will be a part of our installation next month, but is not currently available pps please remember to use your local browser to browse the sas online documentation. invoking a browser on the unix server is inefficient.",other,enron:6848
"this means that you may not create derivative works based on world of warcraft, without the prior express, written permission of blizzard entertainment.",legal,unfair_tos:168
food summer 30-minute dinners perfect for busy weeknights browse the recipes,marketing,ads:6701
fisher investmentsⓡ when to retire: a guide for investors with $500k,marketing,ads:5656
"legal action against you including proceedings for reimbursement of all costs on an (including, but not limited to, reasonable administrative and legal costs) resulting from the breach;",legal,unfair_tos:18
nowhere to hide 2022 falcon overwatch threat hunting report crowdstrike get the report,marketing,ads:5389
"applicable law may not allow the limitation or exclusion of liability or incidental or consequential damages, so the above limitation or exclusion may not apply to you.",legal,unfair_tos:73
"professional advertising dear projecthoneypot @ projecthoneypot. org: we offer email marketing with best services. 1. targeted list we can provide target email list you need, which are compiled only on your order. we will customize your client list. * we have millions of lists in many categories. 2. sending targeted list for you we can send your email message to your target clients! we will customize your email list and send your ad for you. * we also offer hosting & mailing server. regards! steve marketing team kzl 789 @ 56. com no and bye: bpserver @ hotmail. com",marketing,enron:10455
"re: follow up dale, i have passed on the information you gave me but you have to realize that i acted just as a go-between. i shall be glad to remind our new business unit about your proposal. i have already asked a few times. i shall be traveling this week, wed-fri. i shall be back in the office on monday. vince "" dale nesbitt "" on 06 / 06 / 2000 02: 03: 18 am to: "" vincent kaminski "" cc: subject: follow up vince: just wanted to make sure you know we are still vitally interested in getting together with you and the key enron people. thanks so much for all your help. i understand how busy you and the new person are, but i hope you are interested enough to find a slot for us. i think it will benefit you as well as us. dale",other,enron:6232
"unless otherwise required by applicable law (including any disclosure required by the exchange act, except with respect to any fee letter), each of the seller and the servicer agrees to maintain the confidentiality of this agreement and the other transaction documents (and all drafts thereof) in communications with third parties and otherwise; provided, that this agreement may be disclosed (a) to third parties to the extent such disclosure is made pursuant to a written agreement of confidentiality in form and substance reasonably satisfactory to the administrator and each purchaser agent and (b) to the seller’s and servicer’s legal counsel and auditors if they agree to hold it confidential; provided, further, that this agreement and the other transaction documents may be disclosed to any nationally recognized statistical rating organization. unless otherwise required by applicable law, rules or regulations, the purchaser agents and the purchasers agree to maintain the confidentiality of non-public financial information regarding the seller, the servicer and the originators; provided, that such information may be disclosed (i) to third parties to the extent such disclosure is made pursuant to a written agreement of confidentiality in form and substance reasonably satisfactory to the servicer, (ii) to legal counsel and auditors of the purchasers, the purchaser agents or the administrator if they agree to hold it confidential, (iii) to the rating agencies rating the notes of any conduit purchaser or any nationally recognized statistical rating organization, (iv) to any program support provider or potential program support provider (if such potential program support provider agrees to hold it confidential), (v) to any placement agency placing the notes, and (vi) to any regulatory authorities having jurisdiction over the administrator, the purchaser agents, any purchaser, any program support provider or any liquidity provider.",legal,ledgar:1
"look forward to hearning from you. vince, please let me know what day might be convenient for you this week for a quick lunch if possible. thank you. maruti-----original message-----from: more to: vince. j. kaminski @ enron. com date: monday, august 28, 2000 2: 31 pm subject: re: enron open positions > vince, > > just fine. i will be there at 11: 30 am on friday, september 8, 2000. > > see you at the enron building. > > thank you. > > maruti > >-----original message-----> from: vince. j. kaminski @ enron. com > to: mmore @ houston. rr. com > cc: vince. j. kaminski @ enron. com > date: monday, august 28, 2000 2: 14 pm > subject: re: enron open positions > > > > maruti, > > does 11: 30 enron building work for you? > > vince > > > > > > "" more "" on 08 / 28 / 2000 01: 25: 54 pm > > to: "" vince j kaminski "" > cc: > subject: re: enron open positions > > > > hello vince, > > thank you very much for getting back to me. > > friday, september 8 is fine with me. please let me know what time would be > convenient for you and where we can meet. i can come any time anywhere. > > sincerely, > > maruti > 832-251-7267 > > > > >-----original message-----> from: vince j kaminski > to: more > cc: vince j kaminski > date: monday, august 28, 2000 12: 12 pm > subject: re: enron open positions > > > > maruti, > > what about september 8, friday? > > vince > > > > > > "" more "" on 08 / 25 / 2000 03: 27: 26 pm > > to: vince j kaminski / hou / ect @ ect > cc: > subject: enron open positions > > > > > > > >",other,enron:7027
"enron direct canada louise, with pope's departure, i need to find someone to run enron direct canada. i will do it in the interim, but it needs someone full-time-driving the business. i wanted to get your thoughts re approaching dave forrester. i understand (from pope) that dave may have an interest in returning to calgary. regards milnthorp",other,enron:11100
"the company and the bank may withhold from any amounts payable under this agreement such federal, state and local income and employment taxes as the company and the bank determine are required or authorized to be withheld pursuant to any applicable law or regulation. except for any tax amounts withheld by the company and the bank from any compensation that executive may receive in connection with executive’s employment with the company and the bank and any employer taxes required to be paid by the company and the bank under applicable laws or regulations, executive is solely responsible for payment of any and all taxes owed in connection with any compensation, benefits, reimbursement amounts or other payments executive receives from the company or the bank under this agreement or otherwise in connection with executive’s employment with the company and the bank. the company and the bank do not guarantee any particular tax consequence or result with respect to any payment made by the company or the bank under this agreement. in no event should this section 10 or any other provision of this agreement be construed to require the company or the bank to provide any gross-up for the tax consequences of any provisions of, or payments under, this agreement, and the company or the bank has no responsibility for tax or legal consequences to executive resulting from the terms or operation of this agreement.",legal,ledgar:154
schedule crawler: hourahead failure start date: 1 / 16 / 02; hourahead hour: 4; hourahead schedule download failed. manual intervention required. log messages: parsing file-- > > o: \ portland \ westdesk \ california scheduling \ iso final schedules \ 2002011604. txt error: dbcaps 97 data: cannot perform this operation on a closed database!!! unknown database. alias: dbcaps 97 data!!! unknown database. alias: dbcaps 97 data!!! unknown database. alias: dbcaps 97 data error: dbcaps 97 data: cannot perform this operation on a closed database!!! unknown database. alias: dbcaps 97 data!!! unknown database. alias: dbcaps 97 data!!! unknown database. alias: dbcaps 97 data error: dbcaps 97 data: cannot perform this operation on a closed database!!! unknown database. alias: dbcaps 97 data!!! unknown database. alias: dbcaps 97 data error: dbcaps 97 data: cannot perform this operation on a closed database error: dbcaps 97 data: cannot perform this operation on a closed database error: dbcaps 97 data: cannot perform this operation on a closed database!!! unknown database. alias: dbcaps 97 data!!! unknown database. alias: dbcaps 97 data!!! unknown database. alias: dbcaps 97 data!!! unknown database. alias: dbcaps 97 data!!! unknown database. alias: dbcaps 97 data!!! unknown database. alias: dbcaps 97 data!!! unknown database. alias: dbcaps 97 data error: dbcaps 97 data: cannot perform this operation on a closed database,other,enron:17750
"a party may deliver executed signature pages to this agreement by e-mail pdf file to any other party, which pdf shall be deemed to be an original executed signature page. this agreement may be executed in any number of counterparts, each of which shall be deemed an original and all of which counterparts together shall constitute one agreement with the same effect as if the parties had signed the same signature page.",legal,ledgar:60
"our `` name search '' feature will allow you to request a phone number at a manual name search; the request will only be accommodated it the searched person has made his phone number available for search via the service, or where his phone number is available on a publicly accessible directory.",legal,unfair_tos:174
coupon codes available join now (it's free!) capital shopping the coupon-finding browser extension,marketing,ads:1472
"attached is the availability spreadsheet for february, 2001. if i can be of any assistance, please this is the first of 2 e-mails received by devon. the second will immediately follow. beverly---------------------- forwarded by beverly beaty / hou / ect on 01 / 24 / 2001 07: 23 am---------------------------enron capital & trade resources corp. from: "" victor haley "" 01 / 22 / 2001 01: 41 pm to: cc: subject: attached is the availability spreadsheet for february, 2001. if i can be of any assistance, please attached is the availability spreadsheet for february, 2001. if i can be of any assistance, please call me at 405. 228. 4298.-enronavailso 201. xls",other,enron:2452
"egeta jump on the new season! register now! premier cup 5th annual loudoun premier cup august 18-20, 2023 u9-u19 boys & girls",marketing,ads:5778
"except as provided in sections 6(b) or 9 below, the grantee will vest with respect to 50% of the earned options on february 15, 2019 (or if later, the date of the compensation committee certification) and 50% of the earned options on february 15, 2020, provided (i) the grantee remains employed by the company on each such vesting date, and (ii) the grantee has duly executed this agreement prior to the first such vesting date. any portion of the options granted to a grantee that are determined not to be earned options shall be forfeited as of the date of the compensation committee certification. except as provided in section 6(b), all unvested earned options will be automatically forfeited if the grantee terminates employment for any reason prior to the vesting dates set forth in this section 6(a).",legal,ledgar:116
"your approval is requested please be informed that you have one or more srrs requests that are outstanding due to a pending action to approve or reject decision on your part. please go to the srrs (lotus notes desktop icon) and select the "" requests awaiting my approval "" option and complete the necessary action. more srrs request information can be seen within the request by clicking on "" resource display "". your response will enable the srrs process to continue for eventual closure. thank you, information risk management",other,enron:5337
"accounting director positions: robert (bob) mickits; big 5 energy services sally, this is the second of the two emails i am sending you. please review the resume of robert (bob) mickits. he is currently a consultant with a big 5 firm, loaded with gas energy experience. his qualifications are: * cpa; bba-accounting * e & y * 16 years progressive accounting / finance experience and responsibilities * developed a business process risk model identifying process characteristics, business risks and associated best practices for the energy trading and marketing industry. * experienced and responsible for front, middle and back office accounting, risk management for energy trading and marketing firms. * directed all accounting policies & procedures, commodity and derivative accounting, reviewed and provided analysis on 133 accounting issues. * provided clients with infrastructure review and audits for global trading operations. * excellent communication skills. thanks, mike e. michael spartalis, cpa, cpc ml & r personnel solutions 281-782-3411 (cell) mspartalis @ aol. com (temp)-mickits _ robert _ 0401 _ rev. doc",other,enron:24002
spring sale save 50% save 50% off on all reservations! book now! ramada plaza resort & suites international drive-orlando,marketing,ads:2773
"hpl meter # 981046 butane plant neches gas dist h daren: during the period of 9 / 5 / 99 thru 9 / 6 / 99, the above meter recorded flow of 3, 962 mmbtus. there was no deal at this meter the month prior or after. currently, logistics has these volumes recorded to hpl strangers gas contract. in order to correct this, hpl logistics needs either a deal to record these volumes which have flowed into hpl's pipeline or logistics needs approval to writeoff these volumes to unaccounted for gas. (please print, sign, and return the original to clem cernosek). approval to writeoff the volumes to unaccounted for gas loss or deal / deal ticket # / customer (buyer / seller) thank, clem",other,enron:2249
the company 's designated agent for receipt of notifications of claimed infringement (the `` designated agent '') can be contacted at:,legal,unfair_tos:55
start date: 12 / 13 / 01; hourahead hour: 1; start date: 12 / 13 / 01; hourahead hour: 1; no ancillary schedules awarded. no variances detected. log messages: parsing file-- > > o: \ portland \ westdesk \ california scheduling \ iso final schedules \ 2001121301. txt,other,enron:17291
"no borrower shall change its principal place of business set forth in the introductory paragraph of this agreement without first giving the agent at least thirty (30) days’ prior notice. no borrower shall change the place of its organization as set forth in section 4.1.29 without the approval of the agent; provided that if no default has occurred and remains outstanding and if no event of default has occurred, such approval shall not be unreasonably withheld, conditioned or delayed. upon the agent’s request of any borrower, such borrower shall execute and deliver additional financing statements, security agreements and other instruments which may be necessary to effectively evidence or perfect the agent’s security interest in any property as a result of such change of principal place of business or place of organization.",legal,ledgar:254
"in the u.s., under section 512 (f) of the dmca, any person who knowingly materially misrepresents that material or activity is infringing may be subject to liability.",legal,unfair_tos:80
"october deals daren, i have 2 allocation exceptions that require a deal to be extended. meter 98-1488 tenaska is showing small volumes flowed on days there was no deal. can you extend the deal throughout the month so that the volumes will have a deal to link to. i have the same situation on meter 98-1601. if you have any questions, please let me know. thanks, susan",other,enron:1934
memorial day sale up to 50% off spotlight deals shop now ashley,marketing,ads:4128
"each borrower, the administrative agent, each issuing bank and each of the lenders hereby irrevocably waives all right to trial by jury in any action, proceeding or counterclaim (whether based on contract, tort or otherwise) arising out of or relating to any of the loan documents, the loans, the letters of credit or the actions of the administrative agent, any issuing bank or any lender in the negotiation, administration, performance or enforcement thereof.",legal,ledgar:270
:talkdesk® explore the most innovative cloud contact center.,marketing,ads:968
"sections 7, 8, 9, 10 and 11 of this agreement shall survive after the term.",legal,ledgar:285
"the swedish authority for press, radio and television (sw: myndigheten för press, radio och tv) has issued a publishing certificate (sw: utgivningsbevis) for the truecaller database and website (truecaller, www.truecaller.com) in accordance with the database rule of the swedish fundamental law on freedom of expression (sw: 1 kap.",legal,unfair_tos:117
"the loan documents embody the entire agreement and understanding among the borrowers, the administrative agent and the lenders and supersede all prior agreements and understandings among the borrowers, the administrative agent and the lenders relating to the subject matter thereof.",legal,ledgar:120
request submitted: access request for tony. harris @ enron. com you have received this email because you are listed as an alternate data approver. please click approval to review and act upon this request. request id: 000000000006452 approver: stinson. gibner @ enron. com request create date: 11 / 2 / 00 1: 12: 58 pm requested for: tony. harris @ enron. com resource name: \ \ enehou \ houston \ common \ research-[read] resource type: directory,other,enron:7511
start date: 1 / 6 / 02; hourahead hour: 18; start date: 1 / 6 / 02; hourahead hour: 18; no ancillary schedules awarded. no variances detected. log messages: parsing file-- > > o: \ portland \ westdesk \ california scheduling \ iso final schedules \ 2002010618. txt,other,enron:17608
"http: / / www. gaijinninja. com hello, i have visited www. gaijinninja. com and noticed that your website is not listed on some search engines. i am sure that through our service the number of people who visit your website will definitely increase. seekercenter is a unique technology that instantly submits your website to over 500, 000 search engines and directories-- a really low-cost and effective way to advertise your site. for more details please go to seekercenter. net. give your website maximum exposure today! looking forward to hearing from you. best regards, vanessa lintner sales marketing www. seekercenter. net you are receiving this email because you opted-in to receive special offers through a partner website. if you feel that you received this email in error or do not wish to receive additional special offers, please enter your email address here and click the button of remove me:",marketing,enron:25730
bitdefender get the special discount! buy now av bitdefender. total security mas wie,marketing,ads:2133
caseware. what's your perspective on today's key issues affecting accounting firms? take our survey,marketing,ads:1552
murphy pub & grill j&j gaming guinness get 6 free wings with any meal purchase!,marketing,ads:2824
"to be effective, any notice, consent, or communication required or permitted to be given in connection with this agreement must be in writing and personally delivered or sent by messenger, fax, overnight courier, electronic mail, or certified mail and when to the company, addressed to spotlight innovation inc. 11147 aurora avenue building 3, urbandale, iowa 50322, email: bill.pim@spotlightinnovation.com, attention: john william pim, or, in the case of an holder, to the holder’s address on record with the company, or to such other address and/or email address and/or to the attention of such other person as the recipient party has specified by written notice given to each other party five (5) days prior to the effectiveness of such change. all notices, consents, and communications are deemed delivered and received by the receiving party (i) if personally delivered or delivered by messenger, on the date of delivery or on the date delivery was refused, (ii) if delivered by fax transmission or electronic mail, upon receipt of confirmation of the party transmitting such fax or electronic mail, or (iii) if delivered by overnight courier or certified mail, on the date of delivery as established by the return receipt, courier service confirmation, or similar documentation (or the date on which the courier or postal service, as the case may be, confirms that acceptance of delivery was refused or undeliverable).",legal,ledgar:36
"pozdrowienia piotr, dziekuje za wiadomosc. bede prawdopodobnie w londynie w koncu wrzesnia. ciesze sie, ze wszystko idzie pomyslnie. odezwij sie, jesli bedziesz przyjezdzal do stanow. rozmawialem ostatnio z twoim kolega, avi hauser. wicek wincenty kaminski 10 snowbird the woodlands, tx 77381 phone: (281) 367 5377 (h) (713) 853 3848 (o) cell: (713) 898 9960 (713) 410 5396 (office mobile phone)",other,enron:6360
"congentrix ca language louise: i have given to your admin a copy of the cogentrix ca and have bracketed the language that needs your approval. legal had originally told me that i needed detmering and donahue to sign off. detmering has told me that either you or lavorato need to sign off. per my conversation with donahue, he is o. k. because kristina mordaunt has signed off on the language. we have a little over a week to get a preliminary, non-binding bid in, if the original schedule holds, and we have held off as long as we can signing any language along these lines, but we are now starting to be backed against the wall. this language represents the best we are going to be able to accomplish in this situation. regards, charlie",other,enron:12662
"borrower shall, at its expense, during the term of this agreement, procure and keep in force, or cause to be kept in force, the insurance coverages described in exhibit g attached to this agreement and conforming to the insurance requirements contained in the mortgage. in addition, all insurance shall be in form, content and amounts approved by administrative agent and written by an insurance company or companies licensed to do business in the state and domiciled in the united states or a governmental agency or instrumentality approved by administrative agent. the policies for such insurance shall have attached thereto standard mortgagee clauses in favor of and permitting administrative agent to collect any and all proceeds payable thereunder and shall include a thirty (30) day (except for nonpayment of premium, in which case, a ten (10) day) notice of cancellation clause in favor of administrative agent. all policies or certificates of insurance shall be delivered to and held by administrative agent as further security for the payment of obligations arising under the loan documents, with evidence of renewal coverage delivered to administrative agent at least thirty (30) days before the expiration date of any policy.",legal,ledgar:279
the assets will be sold free and clear of any and all liens or encumbrances. all assets shall be conveyed and transferred by means of a general assignment as appropriate.,legal,ledgar:96
"re: 98-6719 and 98-9676 yes, it is a gtc spot daren j farmer 03 / 10 / 2000 01: 54 pm to: julie meyers / hou / ect @ ect cc: subject: 98-6719 and 98-9676 julie, is the contract with cokinos on deal 151669 valid for feb and mar 20000? d---------------------- forwarded by daren j farmer / hou / ect on 03 / 10 / 2000 01: 52 pm---------------------------jackie young 03 / 10 / 2000 10: 39 am to: daren j farmer / hou / ect @ ect cc: anita luong / hou / ect @ ect subject: 98-6719 and 98-9676 hi daren, can you please check into whether or not the below deals for the above meters can be rolled and extended? if so, can you please perform this for me so that anita can set up an accounting arrangement for me? 98-6719 sitara deal # 166989 flow @ meter began on february 10 th but the deal is not effective until february the 11 th. no new deal # referenced and no evergreen flag. this is on the gathering (96026573) k which is the only k @ the meter. 98-9676 sitara deal # 151669 deal good from 1 / 1 / 00-1 / 31 / 00 but there is flow for all of february 2000 with no k. this is on the 215 k for 1 / 2000 production which is the only k @ the meter. thanks-jackie-3-9497",other,enron:431
"if we discontinue the use of virtual money or virtual goods, we will provide at least 60 days ' advance notice to you by posting a notice on the site or app or through other communications.",legal,unfair_tos:49
"in the event of a stock split, a stock dividend or a similar change in company stock, the number of unvested msus awarded to participant under this award agreement will be adjusted in accordance with the plan.",legal,ledgar:106
all representations and warranties of the buyer and the seller shall survive the closing until the second anniversary of the closing. each party may rely upon this agreement for the purpose of assuring its compliance with applicable law.,legal,ledgar:190
"american ss express american express watch your savings grow learn more earn more with a high yield savings account world service americ american express national bank, member fdic. terms apply. wo nor $/0 ad wor americ",marketing,ads:5707
the lead arranger (as of such date) shall have received the financial statements described in section 5.05(a) of the first amended and restated credit agreement.,legal,ledgar:176
"re: sharad update hi kate, firstly it was very useful to hold the informal discussion with him. sharad seemed hesitant due to the offer not being what he expected. he asked me some questions about the "" bonus culture "" at enron and suggested that it was not as good as at investment banks that he is interviewing with. i sold him on the value he can extract from the excellence within the research group and the ability to join a growing organisation at a critical point in, but he still seemed reticent saying that he "" needs time "" which i understood to mean that he was looking for a better offer elsewhere. he is a great candidate and it would be a real shame to lose him, given the difficulty of getting good candidates. i discussed this with vince and given how much we need him in research in london and vince agreed to discuss the possibility of an element of guarantee or sign on to help him make the right decision. i think vince will call you or dale to discuss this. regards, anjam tel: 713 345 9991 [p. s. vince, kate bruges is on extension 37354, dale is on 36726] kate bruges 13 / 07 / 2000 11: 02 to: anjam ahmad / lon / ect @ ect cc: subject: sharad hi anjam how did your conversation go yesterday? regards kate",other,enron:6512
"enron metals fx status sally / brent fyi-no action required this note and an earlier email (forwarded separately) highlights issues around some transactions originated within metals that arose due to ' misunderstanding ' of limits-which was work in progress for andrew cornfield (risk), lloyd fleming (rac) and shane dallman (fx desk-reporting to gary hickerson) working with the metal commercial mds on the subject of an exemption from corp policy for ir and fx hedging. it is pleasing that people in the control environment picked up the issues on a timely basis but disappointing that a firm conclusion between the commerical groups on ' delegated ' limits took longer than anticipated. if you need any detail please call mike---------------------- forwarded by mike jordan / lon / ect on 23 / 11 / 2000 12: 28---------------------------from: lloyd fleming 23 / 11 / 2000 11: 58 to: rick buy / hou / ect @ ect, michael r brown / lon / ect @ ect, michael j hutchinson / eu / enron @ enron cc: ted murphy, david port, gary hickerson / hou / ect @ ect, mike jordan / lon / ect @ ect, andrew cornfield / lon / ect @ ect, tim r jones / eu / enron @ enron, shane dallmann / lon / ect @ ect, robert soeldner / lon / ect @ ect subject: enron metals fx status the following issues have been resolved today following discussions with metals commercial, risk management and rac: 5 m euro prop trade: it has been agreed that this will be closed out immediately. metals traders will be advised that fx exposure may only be generated as part of a hedge position to an underlying metal trade, and that any fx exposure must be laid off via roger murray-evans (metals fx trader) and the global markets desk. averaging trades (fx and bullion): change method of booking trades so that the averaging leg of all trades is booked as it arises (i. e. daily) and the resulting fx exposure is captured daily and laid off with global markets as part of the metals aggregation. a number of other matters, which have been under discussion for some time, were also agreed:-euro / ali option: currently operates under a $30 m fx limit and is managed by tim jones. it has been agreed that this limit will be reduced to $20 m (emrac to approve) and be a part of gary hickerson's limit. as the options expire, the limit will be progressively reduced. the limit applies only to this transaction and does not cover any other fx dealing by enron metals. any subsequent transactions of this nature will be covered under separately proposed limits. overnight exposure: enron metals to apply for a small overnight limit to cover trades booked after the end of day cut-off. $2 m total net open position has been proposed, to be agreed with gary hickerson and form part of his limits. fx position management: fx exposure generated through the day to be aggregated and passed to the global markets desk. regards lloyd fleming rac market risk management ph: + 44 20 7783 4532 mobile: + 44 7760 17 87 42",other,enron:23550
oag hit by an 18-wheeler or company truck? to call osiris!583-4404,marketing,ads:3910
"meter 1517 daren-i know you have been busy, but i left you a voice mail yesterday about meter 1517. there was flow of 14 mmbtus on mar. 1. we have no deal at the meter until mar. 14. could you either set up a new deal to cover this flow or extend the deal from feb.? february's deal number was 93804. please let me know today. allocations close today. thanks.-aimee",other,enron:669
"at the closing, the investor shall deliver to the company (i) the purchase price for the common shares being purchased by the investor by check or by wire transfer of immediately available funds to an account designated by the company prior to the closing, and (ii) the documents set forth in section 6(b)(iv) of this agreement. notwithstanding the foregoing, the company hereby authorizes and instructs the investor to deduct from the purchase price to be paid at the closing the fees and expenses that the company is obligated to reimburse the investor for pursuant to section 5(c) of this agreement.",legal,ledgar:95
"re: pricing credit on thousands of names we can continue the discussion in tuesday's conference call, but i discussed with ben about the issues below, and here are some thoughts. this is not a complete approach, but only a starting point for discussion. the main task is to build a pricing system for many names. this has two components---1) how to price a single name? 1. 1) how to price a liquid single name? 1. 2) how to price an illiquid single name? 2) how to efficiently apply the methodology to multiple names? the approach i would take for 1. 1 is a) define a small set of liquid names b) apply each of the different models we have, say, the six models ben has mentioned below, to these names c) include market prices, if any, for these names d) sit with traders, get trader's intuition on where each liquid name should price and note this on the spectrum of prices obtained in (b) and (c) e) try to determine attributes of the names that may explain the dispersion of the trader prices across the models f) quantify these attributes, if possible g) try a different set of liquid names and repeat the process, and see if the decisions in the last round still make sense the approach for 1. 2 may be a) define a small set of illiquid names b) apply each of the different models we have to these names c) sit with traders, get trader's intuition on where each illiquid name should price and note this on the spectrum of prices obtained in (b) d) try to determine attributes of the names that may explain the dispersion of the trader prices across the models e) check if these are similar to the attributes identified for liquid names f) define a master set of liquid names g) look for relationships (by analyzing cross-section of data) between attributes or prices of illiquid names to those of liquid names once a mapping has been defined for an illiquid name to a set of liquid names and their attributes, then this mapping can be entered into a table, and the pricing can be automated for all names (in theory)! the success will depend on the success of the round-table sessions for the approaches for 1. 1 and 1. 2. building a new fundamental model is always a worthwhile task, but we can get going with the above approaches immediately in parallel with developing any new models that we may build. new models can be added to the suite of existing models. i do not believe there will ever be a single model that will answer all questions for all names, but rather we can refine the mappings and relative choices among models over time, which would mean continuing round-table sessions with traders. limited data makes calibration very hard, so i would continually ask the question "" what do we calibrate? "" throughout the discussions for 1. 1 and 1. 2, and this may help guide us to new models. vasant benjamin parsons 06 / 19 / 2000 04: 11 am to: ect london credit trading cc: vince j kaminski / hou / ect @ ect, vasant shanbhogue / hou / ect @ ect, amitava dhar / corp / enron @ enron, st",other,enron:6282
"7.9 you further understand and acknowledge that in using the service, you may be exposed to content that is factually inaccurate, offensive, indecent, or otherwise objectionable to you.",legal,unfair_tos:72
"draft announcement i'm not one for announcements, but the word appears to be out to varying degrees, so here is my first cut at clarifying the situation. prmary distribution would be enron europe, but your thoughts on content and distribution would be welcome. thanks fernley "" many of you will be aware of some recent and forthcoming appointments within commercial support in enron europe. enron's rapid growth and the ability of our people to use their skills in different roles make this a dynamic process, but i have taken this opportunity to summarise changes at a senior level in our tax, accounting and transaction support groups. peter hutton has joined us as vice president, head of us tax, reporting to rod sayers. peter was previously a partner in arthur anderson and will be transitioning in to his new role over the next few months. jim sandt will be taking up a senior role with the tax department in houston early in the new year. melissa allen is to join us shortly as vice president, head of financial operations and transaction support, reporting to me. melissa needs no introduction to many of you, as she has worked with enron europe as a senior manager in arthur anderson for the past 18 months. beth apollo will be returning to houston in the early part of next year to take up a senior role in enron north america's energy operations group. phillip lord is transitioning in to his new houston-based role as chief accounting officer for enron broadband services. buddy aiken and stephen wood will be taking on the lead roles in transaction support and financial operations respectively, reporting to melissa allen. i am sure you will join me in welcoming peter and melissa to enron, in congratulating jim, beth, phillip, buddy and stephen, and wishing them all well in their new roles """,other,enron:23415
"re: request for suggestions: vince's visit to sydney in july dear vince, after getting our heads together here, we would much apprecaite if you could share the research group's latest on---- var ie ""... repeat my workshop presentation on value-at-risk... "" as well as cover additional topics viz.-discuss, with application, enrons internal v @ r model, and how this is used internally.-discuss volatility modelling, and whether it is possible to maintain and trade a term structure of volatility in electricity-modelling forward curves with reference to associated markets (eg oil). can we gain some insights through spreads to related market curves (spark). i assume your hotel is booked already. catching the taxi is the best way to get to your hotel. since you are arriving on the weekend, if you need to contact me-my mobile is 0417-692295, home tel / fax is 9232-8892 rgds raymond---------------------- forwarded by raymond yeow / enron _ development on 07 / 07 / 2000 04: 45 pm---------------------------vince j kaminski @ ect 07 / 06 / 2000 09: 20 am to: paul quilkey / enron _ development @ enron _ development cc: raymond yeow / enron _ development @ enron _ development, vince j kaminski / hou / ect @ ect, shirley crenshaw / hou / ect @ ect subject: re: your visit to sydney in july paul, raymond, thanks for your message. sorry i did not get in touch with you earlier. the last few weeks were very hectic. i am starting right now my preparations for the presentation i am going to give at the conference. here are the details of my itinerary (i shall send you a copy tomorrow). i arrive sunday morning and leave saturday morning. the conference takes place on monday and tuesday. on wednesday, i am making a presentation at the workshop on value-at-risk. i would like to stay at the conference for the duration: it's a great learning opportunity for me. on thursday and friday, as well as in the evenings (except for the evening of july 18), i am at you disposal. i would like to take advantage of this trip and learn as much as i can about the australian markets and discuss with you the research agenda. i shall be glad to make several presentation. i can repeat my workshop presentation on value-at-risk as well as cover additional topics. vince paul quilkey @ enron _ development 07 / 04 / 2000 05: 23 am to: vince j kaminski @ ect cc: subject: your visit to sydney in july vince i support raymond's email and would welcome the opportunity to have you give a presentation (formal or informal) to the trading group on latest research initiatives in houston. please let us know your schedule so that we do not overly burden you during your visit. look forward to seeing you and catching up over a beer. thnx paul---------------------- forwarded by paul quilkey / enron _ development on 07 / 05 / 2000 08: 23 am---------------------------raymond yeow 07 / 04 / 2000 08: 21 pm to: vince j kaminski @ ect cc: paul quilkey / enron _ development, kirsty hogarth / enron _ development, elliot",other,enron:6468
"ena it louise, i need to bring this to close. i am going to decompose beth's group into a number of smaller units, leaving the most important areas in ena, namely gas / power front and back office. i am going to leave anthony running ees, but need someone who can work well with anthony on developing the strategy for the new longer term solutions, as well as what he is trying to achieve in the short term. the final candidates are steve stock, everett plant, and as possible late entry john paskin (although he doesn't know this yet and i have him tagged to run corporate systems). from a collaboration perspective i am leaning towards stocky. we have all spoken with everett and are impressed with his ' gloss '. i'm just not sure he is the right person to give the ' crown jewels ' to, my gut tells me he is good at managing up, but may not be the best collaborative team member (and i need that). let mk know what you think thanks oh, and thanks for the baseball the other night, we had fun. mark pickering chief technology officer enron net works, llc _ _ _ _ _",other,enron:13087
a brand new home for cosmetic surgery. schedule a consultation christus. southeast texas plastic and reconstructive surgery center st. elizabeth,marketing,ads:2902
tamron mother's day savings up to $200 instant savings shop tamron lenses [$200 usd/ $300 cad] 50 35 28 tamron,marketing,ads:4821
"neon discussion january 17 here's some ideas for this coming week.? as always, modify and change as necessary to fit your group and your style, or do something totally different if that's what your group needs.?? keep up the good work!? bobby-galations 5 fruit. doc",other,enron:2399
"youtube has no control over, and assumes no responsibility for, the content, privacy policies, or practices of any third party websites.",legal,unfair_tos:57
"global risk management operations sally, congratulations. laura---------------------- forwarded by laura luce / corp / enron on 01 / 31 / 2000 11: 58 am---------------------------enron north america corp. from: rick causey @ enron 01 / 17 / 2000 06: 04 pm sent by: enron announcements @ enron to: all enron worldwide cc: subject: global risk management operations recognizing enron , s increasing worldwide presence in the wholesale energy business and the need to insure outstanding internal controls for all of our risk management activities, regardless of location, a global risk management operations function has been created under the direction of sally w. beck, vice president. in this role, sally will report to rick causey, executive vice president and chief accounting officer. sally , s responsibilities with regard to global risk management operations will mirror those of other recently created enron global functions. in this role, sally will work closely with all enron geographic regions and wholesale companies to insure that each entity receives individualized regional support while also focusing on the following global responsibilities: 1. enhance communication among risk management operations professionals. 2. assure the proliferation of best operational practices around the globe. 3. facilitate the allocation of human resources. 4. provide training for risk management operations personnel. 5. coordinate user requirements for shared operational systems. 6. oversee the creation of a global internal control audit plan for risk management activities. 7. establish procedures for opening new risk management operations offices and create key benchmarks for measuring on-going risk controls. each regional operations team will continue its direct reporting relationship within its business unit, and will collaborate with sally in the delivery of these critical items. the houston-based risk management operations team under sue frusco , s leadership, which currently supports risk management activities for south america and australia, will also report directly to sally. sally retains her role as vice president of energy operations for enron north america, reporting to the ena office of the chairman. she has been in her current role over energy operations since 1997, where she manages risk consolidation and reporting, risk management administration, physical product delivery, confirmations and cash management for ena , s physical commodity trading, energy derivatives trading and financial products trading. sally has been with enron since 1992, when she joined the company as a manager in global credit. prior to joining enron, sally had four years experience as a commercial banker and spent seven years as a registered securities principal with a regional investment banking firm. she also owned and managed a retail business for several years. please join me in supporting sally in this additional coordination role for global risk management operations.",other,enron:22579
"this agreement embodies the entire agreement and understanding among the parties relative to subject matter hereof and supersede all prior agreements and understandings relating to such subject matter, including, without limitation, the offer letter between the corporation and executive dated november 30, 2015 and the confidentiality and assignment of inventions agreement between the corporation and executive dated november 30, 2015. for the avoidance of doubt, the parties acknowledge and agree that any restricted stock agreements and restricted stock unit agreements between the corporation and executive entered into prior to the effective date of this agreement remain in full force and effect according to their terms. executive’s obligations under this agreement may not be canceled, modified or otherwise changed, except by another written agreement signed by the corporation expressly referencing the applicable provision(s) hereunder.",legal,ledgar:59
"this joinder agreement may be executed in counterparts, each of which shall constitute an original. delivery of an executed signature page to this joinder agreement by facsimile transmission shall be as effective as delivery of a manually executed counterpart of this joinder agreement.",legal,ledgar:6
"re: sddp tom, can you send the info regarding sddp to john? vince---------------------- forwarded by vince j kaminski / hou / ect on 07 / 28 / 2000 10: 52 am---------------------------vince j kaminski 07 / 19 / 2000 06: 41 pm to: "" o ' brien john "" @ enron cc: vince j kaminski / hou / ect @ ect subject: re: sddp john, i shall e-mail the information about sddp from houston. vince "" o ' brien john "" on 07 / 18 / 2000 01: 47: 41 am to: vkamins @ enron. com cc: subject: sddp vincent, you kindly suggested that i email you with regard to some information you have on the sddp system (i'm not sure if i've got the abbreviation correct, but it's something that is currently used in south america). your presentation was very interesting and informative. kind regards, john o ' brien manager, treasury & risk management snowy hydro trading pty ltd level 17, bligh house 4 bligh street sydney nsw 2000",other,enron:6615
"coral on exxonkaty 6 / 01 darren: ena was invoiced by coral energy for two deals on tejas for june 2001 that i do not see in the system. the first deal was on 6 / 1 for 5, 400 at $3. 87. the second deal was on 6 / 13 for 22, 000 at $4. 25. do you know anything about these deals? i think we would show it on exxonkaty, but i can't find anything in path manager on exxonkaty or tejas. megan",other,enron:3457
paid advertisement new mexico leaders-support clean energy and working families ma paid for by nrdc action fund,marketing,ads:2916
(as defined in section 3.4 below).,legal,ledgar:86
manageengine adselfservice plus enterprise single sign-on solution for 100+ cloud applications • office365 • gsuite • salesforce • zendesk • servicenow and more. try now 30-day free trial,marketing,ads:1383
helios education foundation partnerships that drive equity ment more information,marketing,ads:476
"re: your input for management conference absolutely. i was stuggling before, but i'm completely re-energized now that i'm able to take the conference a whole new direction. i'm so glad the agenda is still rather open. it's really fortunate. i'd welcome any ideas given the changes.-----original message-----from: kitchen, louise sent: monday, august 20, 2001 6: 04 pm to: james, terrie subject: re: your input for management conference i think you have plenty of new ideas now! all change!-----original message-----from: james, terrie sent: monday, august 06, 2001 10: 11 am to: kitchen, louise subject: your input for management conference hi louise, congratulations on your baby and welcome back. i'm preparing the agenda for enron's annual management conference again this year. i was hoping i could ask for your insight as i'm compiling the program. this year's conference theme plays off of our new vision, "" becoming the world's leading company. "" however, the feeling at enron is quite different this year because of the depressed stock price, california, india, broadband, etc. i'd welcome your thoughts on what the tone for the conference should be, i. e. subdued optimism, reenergizing, etc. on a related subject, ken lay and jeff skilling will both have an hour on the agenda to speak. this is in response to feedback from employees saying they want to hear more from each of them. afterall, they are both top notch industry speakers. rather than have them give a current "" state of the company "" address, i intend to have them focus on bigger company, industry or market topics. i'd love your thoughts on this as well. (i believe jeff needs to lay out a plan for achieving our vision, and as an economist, ken could give valuable insight into what's happening in the market.) finally, i'd welcome any ideas for an outside corporate speaker. i'd very much like to have someone from a corporation that 1.) enron people admire; and 2.) has undergone some difficult period in their company's history. jeff personally extended an invitation to steve ballmer from microsoft, but he is unable to attend. is there someone you think would be interesting? i truly appreciate any consideration you can give this issue. i look forward to your thoughts and ideas. terrie james senior director, public relations enron broadband services (ph) 713. 853. 7727 (fax) 713. 646. 3248 terrie. james @ enron. com",other,enron:12551
best software products at rock bottom prices! ong fmcwjyjx mvae nz microsoft windows xp professional 2002 iconoclasm sidearm $50 retail price: $270. 99 intolerant our price: $50 you save: $220 raze cotton adobe photoshop 7. 0 upend kathleen $60 retail price: $609. 99 maryland our price: $60 you save: $550 catastrophic kinesthesis microsoft office xp professional 2002 bassinet incursion $100 retail price: $579. 99 irremovable our price: $100 you save: $480 centerline psychoanalytic microsoft windows 2000 professionaloval belligerent $50 retail price: $266. 99 nirvana our price: $50 you save: $216. 99 combinator crusade adobe pagemaker 7. 0 electra cutset $60 retail price: $404. 99 caustic our price: $60 you save: $445 derivate accretion adobe illustrator 10 page column $80 retail price: $270. 99 tough our price: $80 you save: $190 mucosa vee churchmen bessie cozy sculptor rook primitive grumman sleight doghouse dusk defuse beck ceylon across,marketing,enron:3822
"http: / / www. foulston. com hello, i have visited www. foulston. com and noticed that your website is not listed on some search engines. i am sure that through our service the number of people who visit your website will definitely increase. seekercenter is a unique technology that instantly submits your website to over 500, 000 search engines and directories-- a really low-cost and effective way to advertise your site. for more details please go to seekercenter. net. give your website maximum exposure today! looking forward to hearing from you. best regards, vanessa lintner sales marketing www. seekercenter. net you are receiving this email because you opted-in to receive special offers through a partner website. if you feel that you received this email in error or do not wish to receive additional special offers, please enter your email address here and click the button of remove me:",marketing,enron:10234
"not for sale in the u. a. e-usb voip handset w / built in audio adapter not for sale in the u. a. e usb voip handset w / built in audio adapter $25. 00 enjoy stereo music or make internet phone calls! this multi-audio adapter works as a sound a card as well as a voip device. simply plug into an available usb port. the included handset makes it simple to make an internet phone calls, and its slim and lightweight design makes it easy to carry anywhere. order yours today from computron! visit: http: / / www. computron-me. com for deals! your one stop / office # td 01, jebel ali duty free zonedubai, uae. www. computron-me. com for latest clearance sale listing contact our sales department. for further details please send your enquiries to: dealers @ emirates. net. aeor contact via www. computron-me. com compaq hewlett packard 3 com dell intel iomega epson aopen creative toshiba apc cisco us robotics microsoft canon intellinet targus viewsonic ibm sony-------and lots more!!! if you have any complaints / suggestions contact: customerservice @ computron-me. com tel + 971 4 8834464 all prices in u. s. dollars, ex-works, fax + 971 4 8834454 jebel ali duty free zone www. computron-me. com prices and availability subject to change usa-canada u. a. e. without notice. to receive our special offers in plain text format reply to this mail with the request * for export only * this email can not be considered spam as long as we include: contact information remove instructions. this message is intended for dealer and resellers only. if you have somehow gotten on this list in error, or for any other reason would like to be removed, please reply with "" remove "" in the subject line of your message. this message is being sent to you in compliance with the federal legislation for commercial e-mail (h. r. 4176-section 101 paragraph (e) (1) (a) and bill s. 1618 title iii passed by the 105 th u. s. congress. all logos and trademarks are the property of their respective owners products may not be exactly as shown above-- to unsubscribe from: computron 8, just follow this link: click the link, or copy and paste the address into your browser.",marketing,enron:22338
"mid-year accomplishments per steve's request, please find attached the tw commercial team's list of mid-year accomplishments forwarded to bill cordes earlier this week. adr",other,enron:27786
"earn high commissions for booking online northstar travel media, llc and mailpound. com, a division of smart travel technologies, inc. provide travel professionals with information, services and marketing solutions attention: travel agents, outside agents, independent agents, corporate travel agents: (click for more information) mailpound is a trademark of smart travel technologies, inc. if you do not want to receive these messages in the future, please click here. please do not reply to this email. for questions or comments on this offer, please contact the supplier. for all other inquiries, please email us at support @ mailpound. com. http: / / xent. com / mailman / listinfo / fork",marketing,enron:9677
"roth conversions = jumbo annuity sale introducing the roth conversion turnkey selling system our top producing roth conversion agent (sold 10 jumbo annuities, 200 k sales with 14% + commissions) has shared with us his secrets of selling the roth conversion concept. per his input, we have created the roth conversion turnkey sales process. the system includes client postcards, client brochures, a client worksheet (perfect for introducing the roth conversion program), a full marketing presentation, etc. if he can do it, so can you! to join us for the brand new sales presentation teleconference, call in monday, wednesday or friday at 12: 00 noon pacific / 3 p. m. eastern at: to find out more about the content of the call complete the form below and you will be immediately directed to the conference call page. first name: last name: note that when you press the send information button the screen may not change, but we will still receive your information and get back to you. another way to order our sample presentation is to visit our website at www. gsladvisory. com / froco. e-mail: phone #: these materials are for "" agent use only "". you should be a practicing, licensed and appointed annuity agent to order this information. we don't want anyone to receive our mailings who does not wish to. this is professional communication sent to insurance professionals. to be removed from this mailing list, do not reply to this message. instead, go here: http: / / www. insurancemail. net legal notice",marketing,enron:24238
no party may assign its rights or obligations pursuant to this amendment without the prior written consent of the other parties.,legal,ledgar:29
"unlimited cash bonuses! from mo marketing on each and every allianz life annuity product! bonusdex (9% comm) $75 bonus + $50 extra bonus = $125 bonus! flexdex bonus * (9% comm) $75 bonus + $50 extra bonus = $125 bonus! power 7 (6% comm) $75 bonus + $50 extra bonus = $125 bonus! powerhouse (9% comm) $75 bonus + $50 extra bonus = $125 bonus! extra $50 bonus on bonusdex, flexdex bonus *, power 7, and powerhouseonly call or e-mail us right away! offer expires july 31, 2002! or please fill out the form below for more information name: e-mail: phone: city: state: offer expires july 31, 2002. no limit to how much extra cash you can earn. offer subject to change without notice. products not available in all states. * issued as the flexdex annuity in ct. bonuses issued from mo marketing on paid, issued business. bonusdex annuity is not available in: ma, or, pa, wa and wi. power 7 is not available in: al, in, me, nj, or, pa and wa. powerhouse is not available in: nd, or, sc and wa. flexdex is not available in: nd, or, sc and wa. for agent use only. we don't want anyone to receive our mailings who does not wish to. this is professional communication sent to insurance professionals. to be removed from this mailing list, do not reply to this message. instead, go here: http: / / www. insurancemail. net legal notice",marketing,enron:24364
"if you send any unsolicited feedback to skype through the skype website or otherwise, you acknowledge and agree that skype shall not be under any obligation of confidentiality with respect to the unsolicited feedback.",legal,unfair_tos:102
"register by: june 17 vote early: june 17-25 election day: june 27 nyc, rank your vote this june! find out wat nyc.gov/democracynyc city nyc foxcon comm myc von rank up to 5 candidates",marketing,ads:6615
"this license is for the sole purpose of enabling you to use and enjoy the benefit of the services as provided by google, in the manner permitted by these terms.",legal,unfair_tos:65
"transwestern weekly report for the week october 9-13 th: transwestern weekly average deliveries to california were 1, 025 mmcf / d (94%) while east deliveries averaged 265 mmcf / d. san juan lateral throughput averaged 723 mmcf / d while receipts from rio puerco averaged 50 mmcf / d. el paso average deliveries to california were 2, 200 mmcf / d (75%):-pg & etop (capacity 1, 140 mmcf / d) deliveries averaged 518 mmcf / d (45%)-socalehr (capacity 1, 250 mmcf / d) deliveries averaged 1, 153 mmcf / d (92%)-socaltop (capacity 541 mmcf / d) deliveries averaged 529 mmcf / d (98%) other pipeline throughput:-pgt (capacity 1, 937 mmcf / d) throughput to california averaged 1, 737 mmc / d (91%)-kern river (capacity 700) throughput to california averaged 425 mmcf / d (60%) the cash pg & e / topock-socal / needles spread shrank consistently from a monday. 48 difference to a friday difference of. 11 friday enron online basis numbers: nov nov 00-march ' 01 april-oct ' 01 perm-ca. 32. 31. 50 sj-ca. 66. 49. 72 sj-waha. 37. 21. 29 perm-waha. 03. 03. 07",other,enron:28075
"june 2001 wellhead nomination the attachment provides details for a final total wellhead nomination for june 2001 of 727. 856 mmbtu / d. of significance, we have reduced the north central nomination at meter 6633 from 25, 000 mmbtu / d to 14, 000 mmbtu / d. also, the 727, 856 mmbtu / d includes an approximate incremental 10, 000 mmbtu / d (from 22, 121 mmbtu / d to 31, 591 mmbtu / d) volume at the spinnaker meter (9862) which is not yet flowing, but is expected to flow by the first of the month. changes from the nomination submitted to you on 5 / 24 / 2001 are noted in column f of the spreadsheet. george---------------------- forwarded by george weissman / hou / ect on 05 / 29 / 2001 02: 13 pm---------------------------enron north america corp. from: george weissman 05 / 24 / 2001 11: 27 am to: robert cotten / hou / ect @ ect cc: daren j farmer / hou / ect, brian m riley / hou / ect @ ect, melissa graves / hou / ect, edward d gottlob / hou / ect @ ect subject: june 2001 wellhead nomination the attachment provides details for a total wellhead nomination for june 2001 of 734, 436 mmbtu / d. george",other,enron:3298
gloomhaven-second edition- live now åbackerkit,marketing,ads:6442
spinraza (nusinersen) for us audiences anly. ©2020 bogen all rights reserved. 08/20 spz-us-3339 discover spinraza >,marketing,ads:5717
"the 2016-2 lease agreement requires the lessee thereunder to maintain (a) physical damage and liability insurance covering the related 2016-2 leased vehicle, and (b) insurance against loss and damage due to fire, theft, transportation, collision and other risks generally covered by comprehensive and collision coverage.",legal,ledgar:38
"borrower shall not change its principal place of business set forth in the introductory paragraph of this agreement without first giving lender at least thirty (30) days’ prior notice. borrower shall not change the place of its organization as set forth in section 4.1.28 without the consent of lender, which consent shall not be unreasonably withheld. upon lender’s request, borrower shall execute and deliver additional financing statements, security agreements and other instruments which may be necessary to effectively evidence or perfect lender’s security interest in the property as a result of such change of principal place of business or place of organization.",legal,ledgar:58
"any notice to the company provided for in this instrument shall be addressed to the company in care of the secretary at the corporate headquarters of the company, and any notice to the grantee shall be addressed to such grantee at the current address shown on the payroll of the employer, or to such other address as the grantee may designate to the employer in writing. any notice shall be delivered by hand, sent by telecopy or enclosed in a properly sealed envelope addressed as stated above, registered and deposited, postage prepaid, in a post office regularly maintained by the united states postal service.",legal,ledgar:111
"no erisa event has occurred or is reasonably expected to occur that, when taken together with all other such erisa events for which liability is reasonably expected to occur, would reasonably be expected, individually or in the aggregate, result in a material adverse effect. as of the most recent valuation date for any plan, the funding target attainment percentage (as defined in section 430(d)(2) of the code) is 60% or higher and neither holdings nor any erisa affiliate knows of any facts or circumstances that would reasonably be expected to result in the funding attainment percentage dropping below 60% as of the most recent valuation date.",legal,ledgar:126
blarney woollen mills the home of irish knitwear an irish family business since 1823 shop now,marketing,ads:1732
"re: meeting request: ca current situation & next steps would you like to attend this in john's place?---------------------- forwarded by tammie schoppe / hou / ect on 04 / 19 / 2001 01: 20 pm---------------------------from: kimberly hillis / enron @ enronxgate on 04 / 17 / 2001 01: 50 pm to: esmeralda hinojosa / hou / ees @ ees cc: tammie schoppe / hou / ect @ ect subject: re: meeting request: ca current situation sera, sherri; chapman, kay; taylor, liz; hillis, kimberly; noske, linda; bryant, rachel; mcvicker, maureen; grow, christina; derecskey, cindy; elbertson, janette; cooley, jan; heathman, karen k.; westbrook, sharron; dernehl, ginger subject: meeting request: ca current situation & next steps good afternoon: dan leff would like to have a meeting to discuss california's current situation and the next steps this friday. we realize how busy everyone's calendar is, but can you send me your executive's availability to see what we can arrange for friday-april 20. i'll also arrange a dial-in number if your executive cannot be here in person but can call in. thank you. esmeralda participants include: ken lay jeff skilling dave delainey marty sunde dan leff janet dietrich greg whalley john lavorato jim steffes don black steve kean mark koenig mark palmer mark haedieke bob williams rick buy rick causey rick shapiro vicki sharp",other,enron:11536
defense original ww defense soap defend what you have built.,marketing,ads:737
"energy ops showstopper status report-6 / 30 / 00 attached is an updated file summarizing the action plan for completing energy op's showstopper reports. if you are responsible for an action item, please keep me updated on your progress so that i can reflect it in the report properly. thanks in advance for your help. let me know if you have any questions. thanks, rainier",other,enron:23043
"http: / / www. squidball. com hello, i have visited www. squidball. com and noticed that your website is not listed on some search engines. i am sure that through our service the number of people who visit your website will definitely increase. seekercenter is a unique technology that instantly submits your website to over 500, 000 search engines and directories-- a really low-cost and effective way to advertise your site. for more details please go to seekercenter. net. give your website maximum exposure today! looking forward to hearing from you. best regards, vanessa lintner sales marketing www. seekercenter. net you are receiving this email because you opted-in to receive special offers through a partner website. if you feel that you received this email in error or do not wish to receive additional special offers, please enter your email address here and click the button of remove me:",marketing,enron:25224
"dementia education webinar why can't we all get along? wednesday, november 17, 2021 3p.m. to 4 p.m. rsvp: 860-678-7500 or avonardencourts@promedica.org arden courts promedica memory care arden-courts.org 2",marketing,ads:560
"ford truck built ford tough lmonth 2023 ford ranger truck great trucks. great offers. optional equipment shown. recreational equipment not included. always consult the owner's manual before off-road driving, know your terrain and trall difficulty and use appropriate safety gear. learn more",marketing,ads:3267
this means that you get the same room for a lower price compared to other check-in dates at the same time of year.,legal,unfair_tos:119
"webinar reduce inventory surplus and improve cash flow tuesday, may 23, 2023 11am est n",marketing,ads:5046
"ssmb lawyer's request would you like me to respond indicating that they will receive these from you within the next day?-----original message-----from: "" flood, scott l [gco] "" @ enron sent: thursday, january 03, 2002 10: 46 am to: taylor, mark e (legal) subject: electronic trading mark, thanks for the call yesterday. it was very helpful. can you send me a copy of the electronic trading and pass word application agreements? thanks",other,enron:14568
"this amendment may be executed in one or more counterparts, each of which shall be deemed an original, but all of which together shall constitute one and the same instrument. delivery by facsimile,.pdf or other electronic imaging means of an executed counterpart of a signature page to this amendment shall be effective as delivery of an original executed counterpart of this amendment. agent may also require that any such documents and signatures delivered by facsimile,.pdf or other electronic imaging means be confirmed by a manually signed original thereof; provided that the failure to request or deliver the same shall not limit the effectiveness of any document or signature delivered by facsimile,.pdf or other electronic imaging means.",legal,ledgar:174
"start 1. click on ""start"" 2. activate your account 3. access your content games-ebooks music-movies find it on all-in-1 digitalcontent",marketing,ads:1953
"econnect vpn you have been approved and added to the econnect remote access solution. your user account will be granted remote access permission by it security within 24 hours. please follow the instructions in the attached document. if you require technical assistance, please call the resolution center at 713. 853. 1411. thanks, mustafa cochinwala",other,enron:3627
reminder-logistics-happy hour in celebration of everyone's hard work and dedication. congratulations on your promotions!!!!! welcome all new hires!!!!!!! and good luck to those leaving us.,other,enron:2525
"contracts address list louise: at mary cook's request, we have prepared, and attach for your review, an address list for our top 20 trading counterparties. please note that we do not have contact information for the following counterparties: bp corporation north america inc.-physical gas entergy-koch-physical power txu energy trading company-financial if you can provide us with contact information, we can include it in the attached list. mary asked that you provide us with any changes / additions by 12: 00 on wednesday, january 2. please let us know if you have any questions or need anything else. thanks! marie marie heard senior legal specialist enron north america corp. phone: (713) 853-3907 fax: (713) 646-3490 marie. heard @ enron. com",other,enron:14481
aws nascar official partner every race. every moment. powered by aws. see how,marketing,ads:105
"the company and each subsidiary: (a) is duly incorporated or otherwise organized, validly existing and in good standing under the laws of the jurisdiction of its formation, (b) is duly qualified to do business as a foreign entity and is in good standing in each jurisdiction where the nature of the property owned or leased by it or the nature of the business conducted by it makes such qualification necessary, except where the failure to be so qualified would not have a material adverse effect, and (c) has all requisite corporate power and authority to own or lease and operate its assets and carry on its business as presently being conducted as disclosed in the sec reports.",legal,ledgar:278
healthvault accounts are not for use by healthcare providers or for any other commercial or non-personal purpose.,legal,unfair_tos:196
"capacity center louise-just wanted to give you an update on where we stand with this company: as you read from tommy's due diligence summary there are numerous issues with the technology, but the collection of realtime capacity offers / awards, critical notices and historical database does have value for enron. what we have to determine is: 1. the value of the software / hardware (as it exists today) 2. the price we are willing to pay to capacity center to provide the operational services needed to run the system (for one year) 3. the price to charge skipping stone (the parent) for ad hoc reporting access to the historical database to support their consulting service business 4. are we comfortable with the legal structure of the historical database with the "" national registry of capacity rights "" tommy is working up his opinion on what the answer to numbers one and two should be. steve van hooser will be looking into number four. i expect to throw an proposal back to capacity center / skipping stone when i return from vacation in two weeks. i am also expecting to hear back from danny mccarty on the pipelines ' willingness to join in on the purchase of this company. please call me if you have any comments. julie: -)",other,enron:12408
"our meeting vince: i enjoyed meeting you last week to discuss my application to join your group. please keep my inquiry confidential for now. if selected, i think your group would greatly benefit from my diverse skill-set including modeling skills utilizing excel, access, and bloomberg as well as graphing, statistical, and other quantitative abilities, especially in the meteorology field. i am particularly interested in being able to discover vital information which may affect the markets (e. g. pulp / paper, interest rates, weather) as well as arriving at a new variable which captures all market variables into one which may be followed and forecasted for each of the groups. furthermore, i am truly committed to adding value to your group, including making significant contributions, and am sanguine about my ability to ensure that these achievements are well-received. i have met many people at enron thus far and am able to utilize these strategic alliances by knowing who may be able to assist your group in the quest for information on different projects. by accessing information quickly, both internal and external to the firm, the group would be able to extraordinarily benefit from this diligence in addition, by seeking greater efficiencies in my work, i have been able to be instrumental in accumulating additional responsibilities. most importantly, i have the mathematical acumen and insight to ensure the continued growth and prosperity of your group. as a research-oriented individual, i am clearly interested in pursuing a position in your group. if selected, i would be able to bring my diverse experience, including financial modeling and derivatives, from my tenure at enron and cibc world markets. i look forward to meeting with select members of your group. thanks, david 3-3528",other,enron:6505
"except as disclosed in the buyer sec documents, buyer and the buyer operating subs maintain insurance coverage with reputable insurers in such amounts and covering such risks as are in accordance with normal industry practice for companies engaged in businesses similar to that of buyer (taking into account the cost and availability of such insurance).",legal,ledgar:92
"our automated systems analyze your content (including emails) to provide you personally relevant product features, such as customized search results, tailored advertising, and spam and malware detection.",legal,unfair_tos:92
"adobe 75% off!! centerfont size = 3 face = arialdownload immediately, no wait!! brbrprices reduced again!! / font table align = center width = 100% trtd align = centertable border = 1 cellpadding = 4 trtd colspan = 2 align = center bgcolor = # coc 0 fffont face = arialba xpbrprofessional / a / b / tdtrtd align = center rowspan = 3 a href = http: / / perfectrsoft. info /? pid = 355 img src = http: / / thm-c. search. vip. re 2. yahoo. com / image / 928567366 / a / tdtd align = center bgcolor = # aoffa 0 font face = arialretail: b $200 / b / td / trtrtd align = center bgcolor = # ffaoa 0 font face = arialour price: b $65 / b / td / trtrtd align = center bgcolor = # aoffa 0 font face = arialyou save: b $135 / b / td / tr / table / tdtd align = centertable border = 1 cellpadding = 4 trtd colspan = 2 align = center bgcolor = # coc 0 fffont face = arialba href = http: / / perfectrsoft. info /? pid = 355 microsoft office brxp professional / a / b / tdtrtd align = center rowspan = 3 a href = http: / / perfectrsoft. info /? pid = 355 img align = center bgcolor = # aoffa 0 font face = arialretail: b $300 / b / td / trtrtd align = center bgcolor = # ffaoa 0 font face = arialour price: b $70 / b / td / trtrtd align = center bgcolor = # aoffa 0 font face = arialyou save: b $230 / b / td / tr / table / tr / td / tablebrtable align = centertrtdfont face = ariallisave font color = ao 0000 face = comic sans ms 80% / font on a href = http: / / perfectrsoft. info /? pid = 355 macromedia studio mx 2004 / alisave font color = ao 0000 face = comic sans ms 40% / font on a href = http: / / perfectrsoft. info /? pid = 355 norton antivirus / alisave font color = ao 0000 face = comic sans ms 82% / font on a href = http: / / perfectrsoft. info /? pid = 355 adobe photoshop 7. 0 / alisave font color = ao 0000 face = comic sans ms 60% / font on a href = http: / / perfectrsoft. info /? pid = 355 microsoft office 2003 professional / alisave font color = ao 0000 face = comic sans ms 40% / font on a href = http: / / perfectrsoft. info /? pid = 355 microsoft money 2004 / alisave font color = ao 0000 face = comic sans ms 80% / font on a href = http: / / perfectrsoft. info /? pid = 355 adobe photoshop cs / alisave font color = ao 0000 face = comic sans ms 60% / font on a href = http: / / perfectrsoft. info /? pid = 355 microsoft windows 2000 professional / alimany, many more incredible software deals!! / td / tr / tablebrbrfont size = 5 face = arialcenterclick a href = http: / / perfectrsoft. info /? pid = 355 here / a for more details! 3: http: / / theyknowit. info / soft / chair. php brbrbrbrbr moroni gambitchina mollyl h 2 opolo yoda meganlarryl irene strawber test 2 tina politics utopia roxy miki velvet wolfmanminou daddy dundee roy basil oatmeal bridge venusjohnson khan lulu energy sherrydon orchid amelie biology toronto kingdom",marketing,enron:20962
"you may need to create an under armour account to access the services, and it 's important that the information associated with your account is accurate and up-to-date (particularly your email address -- if you ever forget your password, a working email address is often the only way for us to verify your identity and help you log back in).",legal,unfair_tos:151
"the executive agrees that the executive shall not, directly or indirectly, use, make available, sell, disclose or otherwise communicate to any person, other than in the course of the executive's employment and for the benefit of the company, at any time following the date of termination, any nonpublic, proprietary or confidential information, knowledge or data relating to the company, any of its subsidiaries, affiliated companies or businesses, which shall have been obtained by the executive during the executive's employment by the company. the foregoing shall not apply to information that (i) was known to the public prior to its disclosure to the executive, (ii) becomes known to the public subsequent to disclosure to the executive through no wrongful act of the executive or any representative of the executive, or (iii) the executive is required to disclose by applicable law, regulation or legal process (provided that the executive provides the company with prior notice of the contemplated disclosure and reasonably cooperates with the company at its expense in seeking a protective order or other appropriate protection of such information). notwithstanding clauses (i) and (ii) of the preceding sentence, the executive's obligation to maintain such disclosed information in confidence shall not terminate where only portions of the information are in the public domain.",legal,ledgar:66
"as of the date hereof, the authorized capital stock of delphax consists of (i) 50,000,000 shares of common stock, par value $.10 per share, of which 6,919,465 shares are issued and outstanding; 2,856,167 shares are reserved for issuance under the option plans; and no shares are reserved for issuance pursuant to any other securities (other than securities issued under the option plans) and (ii) 3,000,000 shares of preferred stock, par value $.10 per share, none of which are issued and outstanding. all of such outstanding shares of capital stock have been, or upon issuance will be, duly authorized, validly issued, fully paid and nonassessable. no shares of capital stock of delphax, including the warrant shares, are subject to preemptive rights or any other similar rights of the other shareholders of delphax or any liens or encumbrances imposed through the actions or failure to act of delphax. except for stock options granted under the option plans, and the transactions contemplated hereby, (i) there are no outstanding options, warrants, scrip, rights to subscribe for, puts, calls, rights of first refusal, agreements, understandings, claims or other commitments or rights of any character whatsoever relating to, or securities or rights convertible into, exercisable for, or exchangeable for any shares of capital stock of delphax, or arrangements by which delphax is or may become bound to issue additional shares of capital stock of delphax; (ii) there are no agreements or arrangements under which delphax is obligated to register the sale of any of its securities under the securities act; and (iii) there are no anti-dilution or price adjustment provisions contained in any security issued by delphax (or in any agreement providing rights to security holders) that will be triggered by the issuance of the securities. delphax has furnished to air t true and correct copies of the terms of all securities convertible into or exercisable for common stock of delphax and the material rights of the holders thereof in respect thereto. delphax has delivered to air t true and correct copies of delphax’s articles of incorporation, as amended, and by-laws, each as in effect on the date of this agreement.",legal,ledgar:72
onewheel official vehicle of summer destroy boredom gnewheel shop now,marketing,ads:6667
"domain names now only $14. 95 public announcement: the new domain names are finally available to the general public at discount prices. now you can register one of the exciting new. biz or. info domain names, as well as the original. com and. net names for just $14. 95. these brand new domain extensions were recently approved by icann and have the same rights as the original. com and. net domain names. the biggest benefit is of-course that the. biz and. info domain names are currently more available. i. e. it will be much easier to register an attractive and easy-to-remember domain name for the same price. visit: http: / / www. affordable-domains. com today for more info. register your domain name today for just $14. 95 at: http: / / www. affordable-domains. com / registration fees include full access to an easy-to-use control panel to manage your domain name in the future. sincerely, domain administrator affordable domains to remove your email address from further promotional mailings from this company, click here: 45",marketing,enron:24462
ace solar stop paying too much for electricity switch to solar. 40% usda grant funding up to 40% federal tax credit save on power,marketing,ads:3171
"the provisions of sections 4, 5, 6, 7 and 9 and the last two sentences of section 3(c) shall survive the termination of this agreement.",legal,ledgar:71
"if any provision of this general release is declared by any court of competent jurisdiction to be invalid for any reason, such invalidity shall not affect the remaining provisions. on the contrary, such remaining provisions shall be fully severable, and this general release shall be construed and enforced as if such invalid provisions never had been inserted in the general release.",legal,ledgar:98
"re: hello from vince kaminski at enron vince, thank you for forwarding the following messages. i am sorry that i am just now getting back to you, my lotus notes was down all afternoon yesterday. we currently have the cal berkeley general presentation set for wednesday, october 18 th at 7: 00 p. m. which works out well because it is just prior to the time deadline for students to submit their resumes. the general presentation is a general overview of enron, the program, the interview process, as well as a chance for students to meet and chat with enron reps. since this is the first year that we are recruiting from cal berkeley, i think that it is important that i attend this event on campus so that i can answer any interview process questions. i will check the schedule and see if it is possible to move the presentation to the 23 rd. the only negative is that i will not be able to attend because i will be conducting interviews at rice that day. also, it is very difficult to find a location to hold the presentation, and i need to check on location availability on the 23 rd. however, i do think that we should take advantage of the seminar on campus. this may mean that they are two seperate trips to campus. perhaps, we can also set up some other presentations for the 23 rd or even the monday prior. although i would like to be able to attend the class / seminar presentations, i don't think that it is as vital as the general presentation. what are your thoughts? thanks, ashley vince j kaminski @ ect 08 / 24 / 2000 08: 58 am to: "" shmuel oren "" cc: vince j kaminski / hou / ect @ ect, ashley baxter / corp / enron @ enron subject: re: hello from vince kaminski at enron shmuel, thanks for the message. i am working with our recruiter, ashley baxter, to finalize the date of the trip. i shall shoot for october the 23 rd if this date works for the rest of our team. vince "" shmuel oren "" on 08 / 23 / 2000 11: 46: 19 am to: vince j kaminski / hou / ect @ ect cc: subject: re: hello from vince kaminski at enron dear vince. i sent you a reply earlier this month but i haven't heard from you about the date of your visit. our department has a seminar every monday. if you can schedule your visit on a monday i would like to invite you to give a seminar which will be attended by many of our graduate students and faculty and will give you an opportunity to tell them about your program. with sufficient lead-time i can advertise the seminar in the hass school to their financial engineering students. shmuel. shmuel s. oren, professor dept. of industrial engineering and operations research 4117 etcheverry hall university of california berkeley, ca 94720-1777 e-mail: oren @ ieor. berkeley. edu phone: (510) 642-1836 or 5484 fax: (510) 642-1403-----original message-----from: to:;; sent: tuesday, august 08, 2000 10: 59 am subject: hello from vince kaminski at enron > shmuel, > > i hope you remember me. i visited you together with aram sogomonian, a > good friend of mine, a few yea",other,enron:6895
"re: panenergy 9 / 00 can you make it negative? we need to reduce our payment. daren j farmer @ ect 02 / 15 / 2001 01: 40 pm to: megan parker / corp / enron @ enron cc: subject: re: panenergy 9 / 00 done. enron north america corp. from: megan parker @ enron 02 / 15 / 2001 01: 09 pm to: daren j farmer / hou / ect @ ect cc: subject: panenergy 9 / 00 i finally heard back from duke regarding sept 2000. they agree with our spreadsheet, so i need a demand fee to adjust the price in sitara. deal 157288-demand fee of ($8, 745. 69) thanks, megan",other,enron:2569
adapted mind 1st grade 2nd grade 3rd grade 4th grade 5th grade 6th grade 7th grade 8th grade,marketing,ads:1541
"telephone interview with the research group good morning mr. catanese: your resume was forwarded to the research group and they would like to conduct a telephone interview with you at your convenience. we would prefer the week of july 5-7 (monday and tuesday, the 3 rd and 4 th are holidays), if at all possible. please let me know your availability and where you may be reached by phone and i will coordinate the calendars. the interviewers would be: vince kaminski managing director stinson gibner vice president p. v. krishnarao director osman sezgen manager i look forward to hearing from you. sincerely, shirley crenshaw administrative coordinate enron corp. research group 713 / 853-5290---------------------- forwarded by shirley crenshaw / hou / ect on 06 / 29 / 2000 08: 47 am---------------------------vince j kaminski 06 / 28 / 2000 05: 19 pm to: shirley crenshaw / hou / ect @ ect cc: vince j kaminski / hou / ect @ ect subject: mike catanese's resume shirley, please, arrange a phone interview. vince---------------------- forwarded by vince j kaminski / hou / ect on 06 / 28 / 2000 05: 23 pm---------------------------shirley crenshaw 06 / 12 / 2000 07: 28 am to: vince j kaminski / hou / ect @ ect cc: subject: mike catanese's resume vince: this is from ronnie chahal-does he fit anywhere?---------------------- forwarded by shirley crenshaw / hou / ect on 06 / 12 / 2000 07: 22 am---------------------------laura r arnold @ ees 06 / 09 / 2000 04: 40 pm to: shirley crenshaw / hou / ect @ ect cc: subject: mike catanese's resume shirley, ronnie chahal suggested i forward this resume to you so that you could forward it to the appropriate person within research. please let me know if you need any additional information. thanks, laura arnold x 39540---------------------- forwarded by laura r arnold / hou / ees on 06 / 09 / 2000 04: 37 pm---------------------------junel 789 @ aol. com on 05 / 08 / 2000 12: 00: 30 am to: larnold @ enron. com cc: subject: mike catanese's resume i am a ph. d. physicist and have worked for the last five years in post-doctoral researcher positions in astrophysics. a few months ago, i realized that i had reached the limit of my academic career options, at least for the near future. after reading about careers in the private sector and discussing possibilities with some family members and friends, it became apparent that my technical and mathematical skills could be transferred to the private sector, with better long-term career options and a more dynamic workplace environment than in academic research. the energy industry is particularly attractive as it begins to deregulate. i have been directed to enron by several different people as a very forward-thinking and growing company and one which values its employees. because of my statistical and mathematical skills, i am interested in a position as a quantitative analyst. however, if there are other areas where the people at enron think i could contribute, i am open to other options. m",other,enron:6396
"super software deal "" windows xp professional software upgrade opportunity! special offer # 1: windows xp professional + microsoft office xp professional = only $80 special offer # 2: adobe-photoshop 7, premiere 7, illustrator 10 = only $120 special offer # 1: macromedia dreamwaver mx 2004 + flash mx 2004 = only $100 also: windows 2003 server windows 2000 workstation windows 2000 server windows 2000 advanced server windows 2000 datacenter windows nt 4. 0 windows millenium windows 98 second edition windows 95 office xp professional office 2000 office 97 ms plus ms sql server 2000 enterprise edition ms visual studio. net architect edition ms encarta encyclopedia delux 2004 ms project 2003 professional ms money 2004 ms streets and trips 2004 ms works 7 ms picture it premium 9 ms exchange 2003 enterprise server adobe photoshop adobe pagemaker adobe illustrator adobe acrobat 6 professional adobe premiere macromedia dreamwaver mx 2004 macromedia flash mx 2004 macromedia fireworks mx 2004 macromedia freehand mx 11 corel draw graphics suite 12 corel draw graphics suite 11 corel photo painter 8 corel word perfect office 2002 norton system works 2003 borland delphi 7 enterprise edition quark xpress 6 passport multilanguage check in susie flex docksidedana maestro steencog aurora cheeryarm absorbent claudeexile canadian saxsuperb sledgehammer forgeapprove glove culpasidewinder",marketing,enron:4511
"new computer hello again, lyn i will like to add to the previous request another computer and flat screen. the location for the equipment will be eb 3130 c. the r. c. and company is below. any additional please call x 34710.---------------------- forwarded by kevin g moore / hou / ect on 02 / 03 / 2000 06: 54 am---------------------------kevin g moore 02 / 01 / 2000 11: 47 am to: lyn malina / hou / ect @ ect cc: subject: new computer hello lyn i am in need of another computer. i will also need a flat screen monitor. (large) the location is eb 3130 a. the co. # is 0011. the r. c. # is 100038. the computer is needed a. s. a. p. lyn, please give me a estimated time of arrival. thank you kevin moore x 34710",other,enron:5441
2022 idaho shakespeare festival 2022 season tickets on-sale now! give the gift of great theater in the great outdoors! buy online,marketing,ads:17
"re: if you have a spot for him. i am also going to send it along to the it hr contact.---------------------- forwarded by david baumbach / hou / ect on 05 / 19 / 2000 02: 42 pm---------------------------aorr @ dynegy. com on 05 / 19 / 2000 02: 28: 26 pm to: david. baumbach @ enron. com cc: subject: re: here is neal's resume. he will be at the knoxville address and phone # for the next couple of weeks. he is going to come down and stay with me around june 1. my home number is 713-290-8434. hy home address is 955 w. 42 nd street, houston, 77018. my work number is 713-767-8774. (see attached file: norrres. doc)-norrres. doc",other,enron:786
"fw: a positive note about enron. move over carly fiorina...: -)-----original message-----from: jaffry, adil sent: thursday, october 04, 2001 9: 32 am to: jafry, rahil subject: fw: a positive note about enron. fyi... from cbs. marketwatch. com, online at: attacks highlight enron's value by lisa sanders 3: 02 am et oct 4, 2001 houston (cbs. mw)-- in the wake of the sept. 11 terrorist attacks, one of the few places to buy or sell jet fuel was an online market maintained by enron. the attacks highlighted the houston company's strength as a manager of risk during periods of heightened uncertainty. through its trading centers, the company gives customers a way to hedge against volatility in oil, natural gas, and electricity markets, as well as other commodities. although the company lost one employee aboard one of the hijacked planes and closed its operations on the day of the attacks, its trading activity resumed the next day. by coming back online so fast, "" we made the decision to provide some stability in the market, "" said vance meyer, an enron spokesman. "" the customers really appreciated the fact that we were there, providing a place for them to maintain and adjust their positions in the market. "" in a financial sense, enron (ene) didn't suffer, meyer said. but employees at the enron building in downtown houston were badly shaken. nick humber, who worked for enron's wind energy business, died aboard a los angeles bound flight that crashed into the world trade center. "" we have offices in washington and new york, and people who had friends that died or were affected in some way, "" meyer said "" we also had traders who were on the phone with people in the world trade center when the planes hit. "" the decision to temporarily halt commodity trading on the new york mercantile exchange in the wake of the attacks "" may have increased volatility, a boon to the group, "" said bob christensen, analyst at fac / equities. companies that can defray volatility by helping customers manage their energy costs should be seeing a lot of business, he said. managing risk is what enron does best, market players say. and that strength should help the company going forward as u. s. businesses try to recover from the impact of september 11. through its enrononline platform, the company buys and sells commodities at volumes totaling about $3 billion a day, meyer said. "" the world at large has become more risk averse, and enron, which is in the business of risk mitigation, should benefit from that, "" said glen hilton, senior analyst and portfolio manager for the montgomery new power fund, which has a stake in enron. "" with energy risk and prices potentially going up, they'll be the first number on many cfos ' speed dial. "" other companies do what enron does, but it's the best positioned to succeed because of its status as the leader in natural gas and power trading, measured in terms of volume. duke energy (duk) is the next-largest competitor, but it has one-third of enron'",other,enron:13158
special admonition for yahoo services relating to financial matters,legal,unfair_tos:28
"the validity, effect, and construction of this agreement shall be governed by the laws of the state of texas. each of the parties hereby irrevocably waives all right to trial by jury in any action, proceeding or counterclaim arising out of or relating to this agreement.",legal,ledgar:5
"further, in the event that you have a dispute with one or more other users of the app, you release niantic, tpc, and tpci (and our officers, directors, agents, subsidiaries, joint ventures, and employees) from all claims, demands, and damages (actual and consequential) of every kind and nature, known and unknown, suspected and unsuspected, disclosed and undisclosed, arising out of or in any way connected with such disputes.",legal,unfair_tos:171
"during the employment period, the company shall pay to employee an annualized base salary of $(the “ base salary ”) in consideration for employee’s services under this agreement, payable in substantially equal installments in conformity with the company’s customary payroll practices for similarly situated employees as may exist from time to time, but no less frequently than monthly.",legal,ledgar:152
"you need full disclosure! do you run into competition? do you need life insurance policy information? do you search for the best policy for each customer? do you ever have to defend against replacement? full disclosure is easy-to-use policy research software. it covers universal life, whole life, variable life, and all types of survivorship life insurance. fd is the third party source companies, brokers, and financial professionals have at their fingertips when they need to know the facts regarding cash value life insurance contracts. full disclosure is not an illustration system. it is a comprehensive analytical and benchmarking tool that gives you apple-to-apple comparisons of illustrated values, historical performance, specifications, features, current and guaranteed policy costs and more! to celebrate the introduction of our newest easy-to-use software platform we are offering you afree edition order any edition of full disclosure and take one free. write down your offer code-7765-then click below to go to our website and order online. there is nothing else like full disclosure. subscribe online today! please fill out the form below for more information name: e-mail: phone: city: state: we don't want anybody to receive our mailings who does not wish to receive them. this is professional communication sent to insurance professionals. to be removed from this mailing list, do not reply to this message. instead, go here: http: / / www. insurancemail. net legal notice",marketing,enron:24316
"jude frances at robert lance jewelers $robert lance jewelers 5217 82nd street suite #400, lubbock, tx",marketing,ads:4511
"important united way reminder reminder! the united way executive breakfasts are one week away. please rsvp if you have not already done so. date: thursday, august 3, 2000 (hosted by joe sutton) or friday, august 4, 2000 (hosted by jeff skilling) time: 7: 45-9: 00 a. m. location: depelchin children , s center 100 sandman (near memorial and shepherd intersection) rsvp: reply directly to this email or call jessica nunez, 853-1918 by monday, july 31 transportation: bus will depart from the enron building (andrews street side) promptly at 7: 30 a. m. bus transportation is encouraged, due to limited onsite parking. however, if you should need to drive, directions to depelchin are below. executive solicitation executive solicitation kicked-off on july 24 and is well underway. as you know, participation by enron , s executive team is vital to the success of the campaign. to make your contribution, please click on the following united way link, http: / / unitedway. enron. com or go directly to internet explorer or netscape and type in http: / / unitedway. enron. com in the address field. either option should take you to enron , s united way 2000 campaign site where you should be able to make your pledge within minutes. please call kathy mayfield, enron , s campaign coordinator at 713 / 853-3264 if you have any difficulties at all accessing the site. we look forward to seeing you next week! directions to depelchin children , s center ) 100 sandman (713-861-8136) from downtown houston? take prairie (which turns into memorial) or allen parkway west to shepherd.? turn right on shepherd.? turn left on feagan (which is the first light after memorial.)? turn left on sandman and drive down a couple of blocks. from the galleria area? take 610 north to the woodway / memorial exit. exit and turn right on woodway.? woodway will turn into memorial and stay on memorial until you see the shepherd exit.? exit shepherd and turn left on shepherd.? turn left on feagan (which is the first light after memorial.)? turn left on sandman and drive down a couple of blocks. from north of downtown? take 45 or 59 south to i-10. go west on i-10.? take the shepherd / durham exit and go through the shepherd intersection to durham. go left under the freeway on durham.? turn right on feagan (which will be a light.)? turn left on sandman and drive down a couple of blocks.",other,enron:6603
any term of this note may be amended and the observance of any term of this note may be waived (either generally or in a particular instance and either retroactively or prospectively) only with the written consent of holder.,legal,ledgar:245
the future starts now xfinity 10g network learn more,marketing,ads:6010
"new storage flag at your earliest convenience, please add the new storage flag to all your storage deals. you can find them in the portfolio shown below. this is a new required field that will be used in global to feed to unify. physical facility storage and synthetic storage (parking) are treated differently for accounting purposes.",other,enron:1411
"your free search engine report search engine rankings a free independant report on your web site rankings we will give you free and independant advice on how you can improve your web site positioning in the search engines or... we can make genuine improvements to your web site for you followed by guaranteed promotion which will solve your web sites ranking problems and increase your results a free and independent report on your site a full report on your web site will tell you: your current web site rankings a free assessment of your keyword selection an overview of your keyword placement a meta tag assessment a reveiw of page links that can be spidered index page html validation (error check report on your front page) we will give you a totally free and independent assessment of all the points above and make suggestions on how to improve your site and increase your search engine rankings to receive a free report please complete the following questions if you are having difficulties using the space bar, hold down ctrl and space or click here name: company: tel: email: websiteaddress: http: / / please enter phrases containing 3 words that you think people are most likely to type to find your products or service. word 1 word 2 word 3 phrasel. phrase 2. phrase 3. phrase 4.",marketing,enron:26908
"re: p + spread options jeff, a short follow up on the p + options. attached is a chart showing historical correlations for calendar spreads between futures contracts. it shows correlation over four different time horizons up to the roll of the nearest contract in each pair. as you can see the level is usually higher than 0. 98 and often near 0. 99. if our current book of "" index p + "" options were re-marked at a 98% correlation, it would result in a reduction in m-t-m value of about $78 million according to my estimate.",other,enron:8426
"eastrans nomination change effective 4 / 28 / 01 please increase deliveries into eastrans to 30, 000 mmbtu / dy effective 4 / 28 / 01 and maintain flow for 4 / 28, 4 / 29 & 4 / 30. gas flow will go to 0 mmbtu / dy on 5 / 1 / 01. the redeliveries will be 30, 000 mmbtu / dy into pg & e @ carthage hub tailgate.",other,enron:3154
"family health care-$49 / month-everyone qualifies to sign up for the full access medical, llc plan the applicant must be at least 18 and pay a one-time enrollment fee of regardless of the number of dependents enrolled. this non-insurance healthcare plan is not available in washington. this email is not sent unsolicited. you are receiving it because you requested receive this email by opting-in with our marketing partner. you will receive notices of exciting offers, products, and other options! however, we are committed to only sending to those people that desire these offers. if you do not wish to receive such offers click here. or paste the following into any browser: http: / / 65. 162. 84. 5 / perl / unsubscribe. pl? s = to remove your email name from our list. you may contact our company by mail at 1323 s. e. 17 th street, suite number 345, ft. lauderdale, fl 33316",marketing,enron:24132
"proposed retention bonuses for netco louise, i am sorry to bother you at such a critical time, because i know you are doing everything you can to salvage the remaining pieces at enron and are working long & tiresome hours to achieve this difficult matter. however, i felt like i had to at least let you know my thoughts on the following. dave forster & i met a couple of weeks ago on his initiative to discuss the proposed retention bonuses for my group. i was asked to review the preliminary numbers by individual. i was allowed to move dollars but not allowed to increase the total dollar figure for my group. frankly, the numbers seemed pretty low. assuming the goal is to retain key employees for netco, i am not confident these numbers will achieve this. i know several people in my group are interviewing outside of the company. i have asked them to be patient, not make any quick decisions, and give us a chance to see this through. dave told me the figures were based on mid year evaluations. as you know, mid year evaluations are typically lower than year end. the mid year evaluation allows the employee time to improve in order to get to the desired level by year end. i understand the need for a reference point of some sort and mid year was the latest figure available. however, because the retention numbers were based on this, they are significantly lower. my intentions are not to show any disrepect to dave by discussing this with you but i wanted to make sure my thoughts / opinions were communicated to you. if dave has already discussed this with you, i apologize for the duplication. if you have any questions, please feel free to call me. i am on holiday & will be traveling today but can be reached on my cell at 713-446-9669. thank you for your time. jennifer",other,enron:14476
"any matter arising out of or relating to this agreement, or the making, performance or interpretation hereof, shall be submitted to the exclusive jurisdiction of the federal and state courts sitting in the county of nassau, state of new york. the parties irrevocably submit to such jurisdiction, agree not to assert any claim or defense that is not personally subject to the jurisdiction of such courts or that such forum is not convenient or the venue thereof is improper, and consent to service of process in any action or proceeding by written notice, delivered in the manner provided for in section 13.2.",legal,ledgar:266
"until there's a vaccine for trolls, there's us. it's time to save online conversation. learn more openweb",marketing,ads:1960
schedule crawler: hourahead failure start date: 12 / 31 / 01; hourahead hour: 21; hourahead schedule download failed. manual intervention required.,other,enron:17525
"fw: posting fyi! transwestern is posting the below statement due to high linepack of 3186 and discharge pressure at kingman of 950 lbs. transwestern has sold 20, 000 mmbtu at $13. 85 at ca border for 4 / 6 / 01. tk-----original message-----from: scott, susan sent: thursday, april 05, 2001 10: 41 am to: lohman, tk subject: posting tk, this is the language that should be posted. transwestern is currently experiencing a high level of linepack. operators are reminded to stay within scheduled volumes. if high linepack conditions continue, transwestern may take further operational measures.",other,enron:28554
"you must not create or submit unwanted email, comments, likes or other forms of commercial or harassing communications (a/k/a `` spam '') to any instagram users.",legal,unfair_tos:53
today's poll: should illegal immigrants receive social security? a) yes b) no c) unsure vote now right wing,marketing,ads:4838
"visit by enron, 19 october 2000 a team of key executives from enron will be on campus on the 19 th of october for the purposes of meeting with key staff and faculty to learn more about the school and how the firm can gain a greater presence here. included in this group will be: vince kaminski, director of research christie patrick, vp, university relations mike rosen, director, university affairs group i have developed a proposed agenda for the visit. please review and confirm that you are available to meet with one or more of the enron team at the times specified. if so, please provide me a prefered meeting location. if not, please alternate times and locations. 8: 00-9: 00 breakfast with donna piazze and keith weigelt to discuss "" tiger team fap project "" the ivy grill, inn at penn 9: 00-10: 30 meeting with raffi amit, ian macmillan, emily cieri and anne stamer to discuss the sol c. snider entreprenuer center and its related programs, the business plan competition and webi... 4 th floor conference room, vance hall??? 10: 30-12: 00 christie and mike hold discussions with cara tyler, bob bonner and pat rose regarding recruiting processes and procedures... cms conference room 10: 30 -??? broadband executive meets with gerry mccartney and other university officials to discuss campus needs, future usage projections, etc. 10: 30-11: 30 vince meets with sid winter reference jones center and related research 11: 30-12: 00 vince meets with howard kunruether to discuss risk management 12: 00-1: 15 pm group lunch with jerry wind at faculty club to discuss the e-fellows program 2: 00-3: 00 pm christie and mike meet with mike baltes to discuss co-branding issues with wharton and upenn 5: 00 pm all will attend the et conference dinner event please confirm your willingness and availability to support this agenda. thanks for your help. tom",other,enron:7259
lumenis smoothglo the only bundle you need to launch your aesthetic practice join the #smoothglonation la kyle richards actress and in p real housewives of beverly h,marketing,ads:1846
"fw: new building-----original message-----from: oxley, david sent: friday, august 24, 2001 6: 06 pm to: lavorato, john subject: re: new building bastard!-----original message-----from: lavorato, john sent: friday, august 24, 2001 6: 05 pm to: oxley, david subject: re: new building your corp now man. sorry.-----original message-----from: oxley, david sent: friday, august 24, 2001 5: 26 pm to: lavorato, john subject: new building i want to sit with wes and haedicke. we can move robert to another floor if need be. do you have a problem with this?",other,enron:12570
"2001 special stock option grant awards we are pleased to present you with a 2001 special stock option grant award. as a participant in this grant you have the opportunity to share in the ownership of enron and the potential profit from increases in the value of enron's common stock. the 2001 special stock option grant was made to let you know how valuable you are and to recognize your contributions in making enron the great company it is today. although there are no guarantees as to enron's future stock performance, we believe that an enron stock option has tremendous future growth potential. the value you ultimately receive from your options will depend on the price of enron stock at the time you exercise your options. you can access your 2001 special stock option grant agreement and the stock plan document governing the grant via your ehronline account on the intranet website at http: / / ehronline. enron. com. unlike stock options granted in the past a copy of your grant agreement will not be mailed to your home address. additionally, the following information regarding the 2001 special stock option grant can be found on the hr website http: / / hrweb. enron. com.? 2001 special stock option grant highlights? 2001 special stock option grant frequently asked questions (faqs)? a "" how to exercise options "" document that contains contact information and painewebber forms applicable to your stock options please take time to review this material. it is important to us and to you. if you have any questions, please contact your human resources representative.",other,enron:3507
"this release may be executed, including execution by electronic or facsimile signature, in one or more counterparts, each of which shall be deemed an original, and all of which together shall be deemed to be one and the same instrument.",legal,ledgar:250
"the effective date (the “effective date”) of this joinder agreement is september 20, 2017.",legal,ledgar:239
"june 21-22 retail electricity conference dear workshop participant: i hope you will be able to join us for the conference on "" retail participation in competitive power markets "" to be held at the littlefield conference center, stanford university, on june 21-22, 2001. conference attire will be business casual. the meeting will begin on thursday morning, june 21, at 9: 00 a. m. and will conclude by 5: 00 p. m. on friday, june 22. a continental breakfast will be available in the meeting room each morning beginning at 8: 30 a. m. please visit the "" june 21-22 "" meeting under for a description of the meeting and some information about hotels. please help us in our planning by using the form there to respond back to emf about your participation. we have listed potential participants and planned presentations based upon previous messages. please update me with any additional presentations or changes in existing presentations. i look forward to seeing you in june. in the interim, please do not hesitate to call me or email me if you have questions or suggestions regarding this workshop. hill huntington hillard g. huntington emf-an international forum on energy and environmental markets voice: (650) 723-1050 408 terman center fax: (650) 725-5362 stanford university email: hillh @ stanford. edu stanford, ca 94305-4026 emf website: http: / / www. stanford. edu / group / emf /",other,enron:9486
"all covenants, agreements, representations and warranties made by the borrower herein and in the certificates or other instruments delivered in connection with or pursuant to this agreement shall be considered to have been relied upon by the lender and shall survive the execution and delivery of this agreement and the making of the loans. the provisions of section 7.3 shall survive and remain in full force and effect regardless of the consummation of the transactions contemplated hereby, the repayment of the loans or the termination of this agreement or any provision hereof.",legal,ledgar:26
"each grantor hereby waives, to the extent permitted by applicable laws, all rights of redemption, appraisement, valuation, stay, extension or moratorium now or hereafter in force under any applicable laws in order to prevent or delay the enforcement of this agreement or the absolute sale of the collateral or any portion thereof. in the event that the proceeds of any sale, collection or realization are insufficient to pay all amounts to which the administrative agent or the holders of the obligations are legally entitled, the grantors shall be jointly and severally liable for the deficiency, together with interest thereon at the default rate, together with the costs of collection and the fees, charges and disbursements of counsel. any surplus remaining after the full payment and satisfaction of the obligations shall be returned to the grantors or to whomsoever a court of competent jurisdiction shall determine to be entitled thereto.",legal,ledgar:100
manageengine service desk plus it service desk software for your digital enterprise learn more,marketing,ads:7089
this agreement may not be amended except by an instrument in writing signed by the parties.,legal,ledgar:237
"the administrative agent shall have received a notice of borrowing or letter of credit application, as applicable, from the borrower in accordance with section 2.3(a), section 3.2 or section 4.2, as applicable.",legal,ledgar:91
we will send you an order acknowledgment that details the products that you have ordered after you have completed your purchase.,legal,unfair_tos:48
"immediately after giving effect to this second amendment to limited waiver on the effective date, the representations and warranties of the company and each other loan party set forth in the loan documents (including, for the avoidance of doubt, in the credit agreement) are true and correct in all material respects on and as of the effective date to the same extent as though made on and as of the effective date, except to the extent such representations and warranties specifically relate to an earlier date, in which case such representations and warranties were true and correct in all material respects on and as of such earlier date; provided that any representation and warranty that is qualified as to “materiality,” “material adverse effect” or similar language is true and correct (after giving effect to any qualification therein) in all respects on such respective dates.",legal,ledgar:9
"additional strips in financial gas attention financial gas traders. effective thursday, march 28, ice will include new strips in financial gas. eight consecutive quarters will be added to ng fin, fp for ldl, henry. a next day strip will be added to ng fin sw swap, fp for gdd at the following hubs: transco-z 6 (ny) tetco-m 3 henry chicago michcon if you experience any problems or have any questions then please either respond to this email or contact our sales team on the details below. joe adevai, ny 646-733-5005 frank belgiorno, ny 646-733-5010 lee abbamonte, ny 646-733-5008 ice helpdesk, atl 770-738-2101",other,enron:29210
"company and any endorsers, guarantors and sureties of this note hereby waive diligence, demand, presentment, notice of nonpayment, protest and notice of protest and expressly agree that this note and any payment hereunder may be renewed, modified or extended from time to time and at any time and consent to the acceptance or release of security for this note or a release of any party or guarantor, all without in any way affecting their liability and waive the right to plead any and all statutes of limitations as a defense to any demand on this note, or on any guaranty thereof, or to any agreement to pay the same to the full extent permissible by law.",legal,ledgar:238
"12.7 if any third party brings a claim against skype in connection with, or arising out of (i) your breach of these terms; (ii) your breach of any applicable law of regulation; (iii) your infringement or violation of the rights of any third parties (including intellectual property rights); (iv) your user submissions or (v) your complaint in relation to any user submission, you will indemnify and hold skype harmless from and against all damages, liability, loss, costs and expenses (including reasonable legal fees and costs) related to such claim.",legal,unfair_tos:16
"first, your right to use the services stops immediately and your license to use the software related to the services ends.",legal,unfair_tos:89
"fw: november data for 11 / 15 / 01 november 15 th west power eol = = > 2 million mwhs ice = = > 1 million mwhs we used to do 3 times their volume. our guys are doing an awesome job staying in the game.-----original message-----from: alport, kysa sent: thursday, november 15, 2001 7: 31 pm to: alonso, tom; badeer, robert; belden, tim; crandall, sean; driscoll, michael m.; fischer, mark; mallory, chris; morris, jeremy; motley, matt; platter, phillip; purcell, mike; richter, jeff; salisbury, holden; scholtes, diana; swerzbin, mike; williams iii, bill subject: november data for 11 / 15 / 01 total trades for day 618 eol trades for day 486 ice trades 51 epmi ice trades 5 eol deals from: 11 / 01 / 2001 to: 11 / 14 / 2001 enpower from: 11 / 01 / 2001 to: 11 / 14 / 2001 desk total deals total mwh desk total deals total mwh epmi long term california 423 6, 767, 856 epmi long term california 43 1, 416, 329 epmi long term northwest 237 3, 391, 200 epmi long term northwest 92 3, 335, 030 epmi long term southwest 317 7, 239, 616 epmi long term southwest 216 8, 594, 773 epmi short term california 1, 283 1, 739, 304 epmi short term california 451 1, 136, 573 epmi short term northwest 736 928, 440 epmi short term northwest 303 558, 493 epmi short term southwest 971 1, 373, 000 epmi short term southwest 478 1, 906, 543 real time 929 23, 825 real time 329 30, 304 grand total 4, 896 21, 463, 241 grand total 1, 912 16, 978, 045 eol deals from: 11 / 15 / 2001 to: 11 / 15 / 2001 enpower from: 11 / 15 / 2001 to: 11 / 15 / 2001 desk total deals total mwh desk total deals total mwh epmi long term california 33 704, 000 epmi long term california 5 139, 775 epmi long term northwest 28 379, 400 epmi long term northwest 9 530, 404 epmi long term southwest 28 566, 025 epmi long term southwest 7 450, 400 epmi short term california 140 261, 256 epmi short term california 23 42, 524 epmi short term northwest 54 62, 640 epmi short term northwest 22 30, 004 epmi short term southwest 90 101, 848 epmi short term southwest 31 88, 480 real time 113 3, 125 real time 35 3, 082 grand total 486 2, 078, 294 grand total 132 1, 284, 669 eol deals from: 11 / 15 / 2001 to: 11 / 15 / 2001 eol deals from: 11 / 15 / 2001 to: 11 / 15 / 2001 long term west management total deals total mwh short term west bom total deals total mwh daily 0 0 daily 0 0 month-to-date eol 9 2, 200 month-to-date eol 0 0 enpower daily deals 0 0 enpower daily deals 0 0 month-to-date enpower 2 2, 003 enpower daily deals 0 0 eol deals from: 11 / 15 / 2001 to: 11 / 15 / 2001 epmi california services total deals total mwh daily 0 0 month-to-date 0 0 enpower daily deals 0 0 ice volumes from: 11 / 15 / 2001 to: 11 / 15 / 2001 delivery point total mwh epmi mwh price cob (op, next day) 800 0 $16. 38 cob (p, next day) 800 0 $20. 00 mid c (he 1400) 25 0 $20. 00 mid c (he 1500) 25 0 $20. 00 mid c (p, next day) 6, 400 0 $17. 11 mid c (op, next day) 800 0 $15. 38 mid c (p, bal month) 4, 000 0 $20. 75 mid c (p, dec-01) 170, 000 0 $31. 08 ",other,enron:13979
your privacy is very important to us.,legal,unfair_tos:77
"we may use such measures and the data collected through them, in order to enforce this agreement and handle the results of any wrongdoings or misconduct with respect to the services.",legal,unfair_tos:81
"steve leppard hi vince, hr is working on a mid-year salary review for london people that have a noticeable gap between their compensation at enron and what we would have to pay in the market for a replacement. they highlighted steve as someone with a potential gap-particularly in light of what we're seeing in our quant recruiting effort for credit trading and research. i'd like your opinion on the best way to make sure we keep steve happy and keep him at enron. there are several things i see we can do: 1) give him a mid-year pay increase to move him closer to market. i'm not sure this is the best way to go, especially if we only offer him a token salary increase. 2) offer him more responsibility: what are your thoughts on timing for making steve the official head of the london research team? with my move to ebs, should we accelerate this? i think this is good way to keep him happy and motivated, and then follow up with a more meaningful salary review at year-end (as part of the regular process) that takes into account his greater responsibility. 3) we have some people that we're trying to get under long-term (3-yr) contract with a 12-month notice clause. obviously anyone signing one of these will want significant up-front compensation for being handcuffed. we've not had a lot of success with these here in london, and i would prefer to keep steve happy so he wants to stay with enron rather than contractually binding him to the job. i'd value your thoughts on this. thanks, dale",other,enron:6490
"re: invitation list for operations business controller offsite sally proposed list-of all potential candidates myself james new-and his lead risk managers mike wellings-uk power coralie evans-continental power robert yeo-uk and continental gas paul d ' arcy-structured products david wall-credit tim poullain-patterson-metals integration andrew cornfield-metals risk manager kevin rhodes-metals controller (there are in fact two controllers at present kevin for financial trading and howard carter for merchanting) i would leave ralph jaeger of frankfurt out of the offsite if places are restricted-he is covered by the mainstream accounting conferences, but i would have jan erland, and heidi and tiong hock from singapore. i am not sure fernley would want to be there-but i can ask. on others-simon thurbin of liquids in london should be in houston and would be a good choice for inclusion. brent may want his two london controllers of cindy horn and kenny nicoll to also come would you invite kristen to come with (in place of barry?). a long list (and we may want to cut back) but all these individuals carry the burden of operational risk assessment and management-standardising that process would be an achievement indeed. mike ps-shall we revisit agenda and discuss who should start preparing presentations-we had thought about engaging rac, it etc enron capital & trade resources corp. from: sally beck 11 / 09 / 2000 21: 49 to: mike jordan / lon / ect @ ect cc: subject: invitation list for operations business controller offsite dates: sunday, october 22 (late afternoon, early evening kick-off, reception and dinner) monday, october 23 (all day, with evening event) tuesday, october 24 (through mid afternoon) confirmed speakers to date: jeff skilling (tuesday, october 24-available 9: 30 am to 1: 00 pm) proposed list of attendees (mike: let's talk about the scope of this list on tuesday): ena gas-steve jackson leslie reeves bob hall power-stacey white calgary-peggy hedstrom eim pulp, paper, lumber-brenda herod egm general-brent price global products-scott earnest weather-todd hall financial products-sheila glover? kevin sweeney eel? fernley dyson mike jordan london-james new frankfort-ralph jaeger metals-tim pouillan-patterson australia-heidi mason japan-jan-erland beking esa scott mills ebs barry pearce ees wanda curry? global risk management sally beck shona wilson eugenio perez mike moscoso",other,enron:23261
"unsolicited update louise, although nothing is going particularly well, here is what west power orig is focused on: 1. sell turbines 2. sell longview / equipment 3. close sale of saguaro 4. sell san joaguin erc's-no bid for all; several smaller bids 5. close muni commodity deals-lodi, wapa 6. procure retail supply-rfp to 10 generators 7. assist mid-market w / coverage-playing catchup 8. transmission-san fran and other 9 joint development agreement-roseville i am obviously at your service to help on anything else. regards, chris calger 503-464-3735",other,enron:13799
you further acknowledge that you have no right to have access to any aspect of the skyscanner services and/or skyscanner platforms in source-code form.,legal,unfair_tos:130
"re: wti crude price and ny harbor resid prices vs henry hub and new york city gate gas by month michael. thanks a lot for a very quick response. it looks fine. please, forward it to margaret carson. please, explain the data source. she may expect nymex as the data source for natgas and wti. vince michael sergeev 04 / 11 / 2000 09: 41 am to: vince j kaminski / hou / ect @ ect cc: subject: re: wti crude price and ny harbor resid prices vs henry hub and new york city gate gas by month vince, here's the numbers and two charts. the charts represent the same information but have different styles. one has all of the prices on the same scale, and the other has crude and resid on one scale and natural gas on another. ms",other,enron:5894
driving texas business forward. learn more texasmutual workers' comp insurance,marketing,ads:5837
"united oil & minerals, inc. please establish a spot ticket for united oil & minerals, inc. at meter 5053 for january. the ticket will be priced at 100% if / hsc less $0. 14 and provide for 1, 400 mmbtu / d. this spot deal will be executed under globla contract 96002441. please call if i can be of any additional assistance. thanks! donald x 37008",other,enron:75
"panenergy marketing march 2000 production daren, this relates to the discussion we had yesterday afternoon. have we made any progress on these issues? thanks.---------------------- forwarded by lisa csikos / hou / ect on 05 / 31 / 2000 01: 33 pm---------------------------katherine herrera @ enron 05 / 31 / 2000 10: 56 am to: lisa csikos / hou / ect @ ect cc: sherlyn schumack / hou / ect @ ect subject: panenergy marketing march 2000 production fyi-the pricing items noted below are outstanding for march 2000 production. furthermore, i am awaiting resolutions from sherlyn on the pg & e's allocations for feb. & mar. 2000. thanks---------------------- forwarded by katherine herrera / corp / enron on 05 / 31 / 2000 10: 46 am---------------------------katherine herrera 04 / 20 / 2000 08: 31 am to: daren j farmer / hou / ect @ ect cc: subject: panenergy marketing march 2000 production deal # 157288 per our conversation yesterday afternoon, pls. separate the centena term deal from the spot deal in sitara for march 2000 production. also, i need to have the price for the east texas redelivery changed in sitara from hs index $-. 085 to hs index $-. 0825. this is per the contract the price for this redelivery point. thanks katherine 5-8643",other,enron:846
"fordham the jesuit university of new york gabelli school of business ms in taxation full-and part-time schedules flexible, online & hybrid study options electives in emerging fields fall 2023 final deadline approaching apply now • seats are filling",marketing,ads:4268
"fw: blank traveler's profile form the travel profile. if you want to complete it, i can fax it in for you. did you receive your flight itinerary?---------------------- forwarded by julie armstrong / corp / enron on 07 / 05 / 2001 02: 04 pm---------------------------kellie roenker on 07 / 05 / 2001 11: 21: 21 am to: "" ' julie. armstrong @ enron. com ' "" cc: subject: fw: blank traveler's profile form >---------- > from: martin kovacs > sent: thursday, january 25, 2001 2: 25 pm > to: kellie roenker > subject: blank traveler's profile form > > > > >-faxl. tif",other,enron:28677
"zzzz, is your web site making money! 2: 18: 15 pm 8 / 25 / 2002 is your business making money! set up to accept credit cards today! no obligation consultation! no set up fees no application fees all credit types accepted retail rates as low as 1. 60% mail order rates as low as 2. 30% set up your merchant account within 48 hours no cancellation fees no money down no reprogramming fees we will beat anybody  s deal by 15% we make it easy and affordable to start accepting credit cards today. 99% of our applicants are approved! this is not an offer to obtain a credit card! us residents only! http: / / servicesma. com / leads. htm to unsubscribe, please click http: / / www. servicesma. com / remove. html",marketing,enron:24784
"borrower promises to pay to lender, within five (5) business days after written notice from lender, all out-of-pocket costs, expenses, disbursements, property taxes, escrow fees, title charges and legal fees and expenses actually incurred by lender or its counsel (which must be reasonable provided no event of default has occurred and is existing) in the negotiation, funding, enforcement or attempted enforcement, by foreclosure or otherwise, of this note or any of the security instruments. without limitation on the foregoing, borrower agrees to pay all out-of-pocket costs of collection, including attorneys’ fees and costs (whether or not for salaried attorneys regularly employed by lender) and all costs of any action or proceeding (including any bankruptcy proceeding or any non-judicial foreclosure or private sale) actually incurred by lender, in the event any payment is not paid when due, or in case it becomes necessary to enforce any other obligation of borrower hereunder or to protect the security for the indebtedness evidenced hereby, or for the foreclosure by lender of any of the security instruments, or in the event lender is made a party to any litigation because of the existence of the indebtedness evidenced by this note, or because of the existence of any of the security instruments. all such costs are secured by the security instruments. the obligation of borrower to repay all such out-of-pocket costs and any other advances by lender are secured by the security instruments and shall be deemed to be evidenced by this note and shall accrue interest at the contract rate or the past due rate, whichever is then applicable.",legal,ledgar:37
"(8) eavesdrop, intercept or monitor any oral communication which is not intended for you or use any tool designed to distort or prevent oral communication of the users.",legal,unfair_tos:68
snowflake special edition the data cloud dummies the data cloud for dummies mobilize your data to best serve your customers and business snowflake start now,marketing,ads:847
"preplan s sanders frederick l. sanders, supervisor funeral home and cremation service, inc. 610-372-1624 | www.sandersfuneral.com",marketing,ads:4766
"(a) none of mortgage borrower, borrower nor guarantor shall engage in any transaction which would cause any obligation, or action taken or to be taken, hereunder (including but not limited to the exercise by administrative agent or collateral agent of any of its respective rights under this agreement or the other loan documents) to be a non-exempt (under a statutory or administrative class exemption) prohibited transaction under section 406(a) of erisa or section 4975(c)(1)(a)—(d) of the code or similar law.",legal,ledgar:263
"spot deals i have created and entered the following deals in sitara as hplc-im wellhead purchases for december, 2000 production: deal # counterparty meter # volume 500590 amerada hess 435 2, 822 500591 anadarko petr. 435 1, 148 500592 apache corp. 435 1, 379 500593 barrett res. 435 1, 597 500595 crosstex energy 435 682 500596 mariner energy 435 350 500597 ocean energy 435 3, 750 500598 seneca res. 435 3, 195 500599 st. mary land 435 3, 299 500600 walter oil & gas 435 6, 778 500601 whiting petr. 6523 117 500658 cavalier oil & gas 6850 500 500662 cavalier oil & gas 9800 166 500664 cody energy 5333 2, 169 500665 cokinos natural 9676 1 500666 crosstex energy 9843 122 500667 crosstex energy 6789 2, 500 (9868 not set up) 500668 crosstex energy 9858 2, 800 500669 crosstex energy 6519 1 500670 ctl oil & gas 6821 300 500671 duke energy 6347 168 500672 eex oper. 6500 1, 789 500673 embassy nat. 6598 1 500674 coastal merchant 5848 195 500675 coastal merchant 5923 667 500676 george alcorn 9746 1 500677 heatherloch mun. 6879 226 500678 richardson prod. 9807 7, 646 500680 sanchez oil & gas 9760 10, 038 500681 sanchez oil & gas 9760 5, 379 500682 swift energy 2630 223 500683 tri-union devel. 2697 990 500730 etoco, inc. 0393 3, 802 (9738?) bob",other,enron:2114
"fyi-a new esai report forecasting power prices in eastern markets attached is a new report forecasting jan-feb-mar power prices based on weather services international weather forecasts and esai energy analytics. feel free to comment. a version using national weather service information will also be available. ed edward n. krapels, phd managing director esai power and gas services tel 781 245 2036 cell 617 899 4948 ekrapels @ esaibos. com www. esai. com-esai energycast power dec 00. pdf",other,enron:7901
"experience cloud-first free for 30 days. chrome os the flexibility of it management, start free trial 7",marketing,ads:1621
the foregoing disclaimer of certain damages and limitation of liability will apply to the maximum extent permitted by applicable law.,legal,unfair_tos:84
outsystems webinar. december 7 how to prevent and reduce technical debt font- chy 8070 sixtho register now,marketing,ads:1408
"electronics news powerup a roadmap to next-generation power electronics design june 27-29, 2023 eetimes virtual expo register now",marketing,ads:5278
start date: 12 / 12 / 01; hourahead hour: 10; start date: 12 / 12 / 01; hourahead hour: 10; no ancillary schedules awarded. no variances detected. log messages: parsing file-- > > o: \ portland \ westdesk \ california scheduling \ iso final schedules \ 2001121210. txt,other,enron:17275
"the execution, delivery and performance of this agreement, the notes by the company and the consummation by the company of the transactions contemplated hereby and thereby (including, without limitation, the issuance and reservation for issuance of the conversion shares) will not (i) conflict with or result in a violation of any provision of the articles of incorporation or by-laws, or (ii) violate or conflict with, or result in a breach of any provision of, or constitute a default (or an event which with notice or lapse of time or both could become a default) under, or give to others any rights of termination, amendment, acceleration or cancellation of, any agreement, indenture, patent, patent license or instrument to which the company or any of its subsidiaries is a party, or (iii) result in a violation of any law, rule, regulation, order, judgment or decree (including federal and state securities laws and regulations and regulations of any self-regulatory organizations to which the company or its securities are subject) applicable to the company or any of its subsidiaries or by which any property or asset of the company or any of its subsidiaries is bound or affected (except for such conflicts, defaults, terminations, amendments, accelerations, cancellations and violations as would not, individually or in the aggregate, have a material adverse effect). all consents, authorizations, orders, filings and registrations which the company is required to obtain pursuant to the preceding sentence have been obtained or effected on or prior to the date hereof. the company and its subsidiaries are unaware of any facts or circumstances which might give rise to any of the foregoing.",legal,ledgar:68
"the execution, delivery and performance of this credit agreement and the other fundamental documents to which it is a party, by each credit party, the grant to the administrative agent for the benefit of the administrative agent and the secured parties of the security interest in the collateral, as contemplated herein and by the other fundamental documents and, in the case of the borrower, the borrowings hereunder and the execution, delivery and performance of the notes and, in the case of each guarantor, the guarantee of the obligations as contemplated in article 9 hereof, (i) have been duly authorized by all necessary corporate or company (as applicable) action on the part of each such credit party, (ii) will not constitute a violation of any provision of applicable law or any order of any governmental authority applicable to such credit party, or any of its properties or assets, (iii) will not violate any provision of the certificate of incorporation, by-laws, limited liability company agreement or any other organizational document of any credit party, (iv) will not violate any provision of any distribution agreement, indenture, agreement, bond, note or other similar instrument to which such credit party is a party or by which such credit party or any of its properties or assets are bound, (v) will not be in conflict with, result in a breach of, or constitute (with due notice or lapse of time or both) a default under, or create any right to terminate, any such distribution agreement, indenture, agreement, bond, note or other instrument, and (vi) will not result in the creation or imposition of any lien, charge or encumbrance of any nature whatsoever, other than any permitted lien, upon any of the properties or assets of any of the credit parties other than pursuant to this credit agreement or the other fundamental documents, except, in the case of clauses (ii), (iv) and (v) above, for any such conflict, breach, violation or default that would not, individually or in the aggregate, have a material adverse effect.",legal,ledgar:169
"this agreement constitutes the entire agreement between the parties hereto and supersedes all prior agreements, understandings and arrangements, oral or written, between the parties hereto with respect to the subject matter hereof. any waiver or modification of any term of this agreement shall be effective only if it is set forth in writing and signed by all parties hereto.",legal,ledgar:57
"institution and investigator agree to comply with this agreement, the protocol, requirements of the irb in connection with the study, and all applicable federal, state and local laws and regulations, including but not limited to the privacy regulations issued pursuant to the health insurance portability and accountability act of 1996 (“hipaa”), 45 c.f.r. parts 160 & 164. institution and investigator agree that it will appropriately safeguard protected health information (“phi”). as used in this agreement, phi shall have the meaning of that term as defined in the hipaa privacy regulations. the investigator and institution shall handle all study data, including medical records of study participants, in accordance with hipaa requirements and all other applicable laws. the investigator and institution shall obtain from each study participant a valid authorization that complies with hipaa before the investigator or institution provide any study data to sponsor.",legal,ledgar:24
"these terms of service (these `` terms '') govern your use of the app, our website (http://msqrd.me/ or the `` site '') and other features, functionality, products, and services we offer or make available (collectively, the `` services '').",legal,unfair_tos:87
----------------------forwarded by ami chokshi / corp / enron on 01 / 27 / 2000 04: 16 pm---------------------------troy _ a _ benoit @ reliantenergy. com on 01 / 27 / 2000 03: 53: 02 pm to: ami chokshi / corp / enron @ enron cc: subject: (see attached file: egmnom-feb. xls)-egmnom-feb. xls,other,enron:198
"do they get it? new york, nov 12 (reuters)-online energy trading leader enrononline will merge with smaller rival dynegydirect after its parent company enron corp. (nyse: ene-news) agreed last week to a $9 billion takeover by dynegy inc. (nyse: dyn-news), dynegy said monday. the integration of the two platforms will take about six to nine months, dynegy said. in the meantime, the two will continue to operate separately. ` ` we're looking to take the best of both platforms for the integrated company, ' ' said dynegy spokesman john sousa. ` ` (the emerging platform) will continue to be based on a one-to-many philosophy as it stands now. ' ' on both enrononline and dynegydirect traders can only deal with enron and dynegy, respectively. enrononline is the biggest online energy trading platform in the united states, with a daily average of $2. 6 billion in trades in the past month. dynegydirect is a much smaller, though growing platform. it recorded nearly $10 billion in transactions in the third quarter. the two platforms offer trading in hundreds of products and services, from crude oil and refined products, to natural gas and electricity. most of the trading is done in u. s. markets, but some european markets are available as well. enron, currently north america's biggest buyer and seller of both natural gas and electricity, agreed to a dynegy buyout after it was overwhelmed by a series of problems, including a u. s. regulatory probe into the off-balance sheet dealings, a $1. 2 billion cut in shareholder equity and damaging credit rating downgrades. however, dynegy can drop its offer if more bad news emerges, or if pending lawsuits against enron lead to more than $3. 5 billion in costs. dynegy also expressed confidence the takeover will win u. s. regulatory approval and said it does not expect any antitrust concerns to impede the merger of the two electronic platforms. dynegy shares gained $5. 55, or 14. 3 percent, to $44. 31 on the new york stock exchange, while shares of enron rose 61 cents, or 7 percent, to $9. 24. the takeover halted a free-fall in enron's stock that lost about 75 percent of its market capitalization in the past month.",other,enron:13919
ces-duke en field services the purchase and sale is at felmont # 1 (point sale). we will be terminating the agreement. feb should be the last month.,other,enron:190
find your perfect fit today at www.gobiracks.com gob,marketing,ads:5945
"with respect to our opinions in paragraphs 5(a)(i) and 5(b)(i) as they relate to regulations t, u and x of the board of governors of the federal reserve system, the borrowers will comply with the provisions of the credit agreement relating to the use of proceeds.",legal,ledgar:97
mis extra lan watch on tuko extral,marketing,ads:5849
camelbak camelban more than just a cooler chillbak™ soft coolers shop now,marketing,ads:6152
"enron actuals for january 4, 2000 teco tap 110. 000 / hpl iferc teco tap 33. 750 / enron ls hpl-katy ic 22. 500 / enron",other,enron:90
"all of the restricted shares granted hereunder shall vest and be deemed earned on january 1, 2017. vesting of the restricted shares granted hereunder is conditioned upon recipient’s continued service with the company as a member of the board of directors through and including the vesting date.",legal,ledgar:264
"spotify may assign the agreements or any part of them, and spotify may delegate any of its obligations under the agreements.",legal,unfair_tos:34
"doc and merry byington's new son the message below was sent friday afternoon and came back with an incorrect address. merry gave me the corrected e-mail address shown above. new developments. merry and the baby went home this afternoon and he has now been named. he is brandon aaron byington hi there, darren & tonya, merry and doc had their new baby at 9: 26 am yesterday. no name yet. they are still trying to settle on one, so in the mean time, i'm just calling him "" new child "" byington. he weighed 7 lbs 2 oz and was 19 1 / 4 "" long. merry, doc, and "" new child "" are doing fine. doc was in there during the whole delivery (c section) so he says he was a bit shakey there a time or two. here are some digital camera pics i took when "" n. c. "" was less thasn an hour old.-attl. htm-grndsnla. jpg-grandsn 2. jpg-grandsn 3. jpg-grandsn 4. jpg-grandsn 5. jpg",other,enron:878
"communicating with other users and with blizzard entertainment representatives, in writing or orally, is an integral part of world of warcraft and is referred to in this document together as `` chat ''.",legal,unfair_tos:14
"re: noms / actual flow for 3 / 22 / 01 we agree with the nomination. "" eileen ponton "" on 03 / 23 / 2001 09: 56: 45 am to: david avila / lsp / enserch / us @ tu, charlie stone / texas utilities @ tu, melissa jones / texas utilities @ tu, hpl. scheduling @ enron. com, liz. bellamy @ enron. com cc: subject: noms / actual flow for 3 / 22 / 01 nom mcf mmbtu 38, 334 36, 871 37, 867 btu = 1. 027",other,enron:2841
"re: class request: xl 97 chart-574 excel 97, charting, william smith approved vince kaminski "" ecthou-domwebl "" on 03 / 31 / 2000 09: 38: 08 am to: vkamins @ enron. com cc: subject: class request: xl 97 chart-574 excel 97, charting, william smith your approval is required for william smith to attend the following class. to grant approval, send a reply to "" lpharr @ enron. com "" (notesmail: lerea pharr / hou / ect @ ect). be sure to include employee's name and class number in reply. excel 97, charting session dates & times: 4 / 21 / 2000 8: 30: 00 am-11: 30: 00 am location: eb 572 no show / participant fee: $110. 00 if you have any questions, please call the technology training coordinator at 713-853-1816.",other,enron:5847
aarp® americans are talking. congress must listen. end high rx prices now. the people's hearing-5/18. watch here,marketing,ads:2201
rabies prevention when going fishing in the us learn about rabies and wild rabid animals at www.rabieswatch.com us-hb3-2300019 rabies,marketing,ads:6483
8 got a big test next week? *sparknotes every study tool you need to get an a is just a click away start your 7-day free trial,marketing,ads:2656
"re: presentation louise-- never heard from shawn. any issues with me contacting on monday? jim-----original message-----from: kitchen, louise sent: wednesday, january 02, 2002 1: 16 pm to: ' shawn. k. feeney @ ssmb. com ' cc: steffes, james d. subject: re: presentation shawn we have had a lot of discussion on the contractual arrangements we would need to put in place in order to recommence trading as quickly as possible. i am working on producing a fuller list for you today. however, there is one particular contract / licence which does require special treatment-power marketing licence to be granted by ferc. in order to ensure that we start this process as quickly as possible we are looking to complete the filing documentation in advance of the bankruptcy decision on our future. our current strategy is as follows (all dates are approximate) present-january 10 th, 2002 complete filing documentation january 11 th visit with ferc (one of senior executives here plus a senior executive from our buyer) january 13 th file and request an expedited process it would be extremelly helpful if you could identify someone for the head of our regulatory group (jim steffes) to co-ordinate with at citi. thanks louise",other,enron:14584
"grep for windows. folks, those of you who have used unix are probably familiar with the grep command. it's used to extract lines from a set of files that contain a given input string, and is very useful. (if you have any questions on how to invoke it, ask me.) the grep command is now available in a pc version-- see below. joe---------------------- forwarded by joseph hrgovcic / hou / ect on 12 / 01 / 2000 10: 50 am---------------------------carlos uribe @ enron 12 / 01 / 2000 11: 23 am to: todd kimberlain / na / enron, joseph hrgovcic / hou / ect cc: malcolm wells / na / enron, michael barber / hou / ect subject: grep for windows. todd and joseph, as discussed earlier, i did recall reading somewhere that grep had been ported to windows. i did some research and was able to find the windows ported version of grep. attached you will find a compressed file that contains the grep binary and source. please let me know if i can be of any further assistance. thanks.-carlos",other,enron:7803
"fw: weather update-----original message-----from: shively, hunter s. sent: thursday, january 31, 2002 11: 41 am to: lavorato, john subject: weather update robert ricks-lead forecaster nws slidell, la arriving on tuesday or wednesday for interviews liz taylor is coordinating travel plans mike gasper-reliant forecaster, 10 years experience, dave knows him from accu-weather dave ryan is meeting with him this afternoon to determine if he will interview next week paul pastelok-accu-weather he has interest and asked that dave call him this weekend about details. chris hyde-earth sat he has interest and asked that dave call him this weekend about details. matt rogers-earth sat on vacation this week. dave is going to call him on monday bill read-lead forecaster nws houston he has interest and jay is trying to set up an off site meeting for you or me. kevin stenson-weather channel forecaster friends with steven bennett he has interest and asked that steve call him this weekend about details. i will attempt to gain access to him outside of steve.",other,enron:14944
"employee shall receive a base salary of two hundred seventy-five thousand and 00/100 dollars ($275,000), payable in regular and equal installments in accordance with the company’s regular payroll schedule and practices (“base salary”).",legal,ledgar:282
pluralsight develop the skills you never knew you had,marketing,ads:5428
"* ignarelief this dhul-hijjah, donate to a cause visit icnarelief.org ads by muslim ad network",marketing,ads:4147
"if you order a reward that is out of stock or unavailable for other reasons microsoft determines in its sole discretion, we may substitute a reward of comparable value or refund your points.",legal,unfair_tos:166
"telemarketers earn $250 + per lead uio financial services company will pay a minimum of $250. 00 (max. of $1000. 00) for every lead that results in a sale. currently many of our telemarketers are earning more than $5000. 00 a month! for more information call (402) 996-9002 and leave your contact information. we will get in touch with you within 2-3 business days. * * please note that we do not provide any training or resources to telemarketers * * to unsubscribe please send us an email with "" unsubscribe "" in the subject line to: telemark _ 0702 @ hotmail. com.---- this sf. net email is sponsored by: thinkgeek welcome to geek heaven. http: / / thinkgeek. com / sf spamassassin-sightings mailing list",marketing,enron:9714
voted #1 in six categories: end-to-end e-discovery. foreign language translation end-to-end litigation consulting managed document review predictive coding solution legal staffing tls transperfect legal solutions new york law tournal best of 2021 > winner find out why,marketing,ads:1335
"the executive acknowledges that the executive has received access to confidential information (as defined below) about the company or its affiliates, that this confidential information was obtained or developed by the company or its affiliates at great expense and is zealously guarded by the company and its affiliates from unauthorized disclosure, and that the executive’s possession of this special knowledge is due solely to the executive’s employment with the company. in recognition of the foregoing, the executive will not, at any time during or following termination of employment for any reason, disclose, use, or otherwise make available to any third party, any information relating to the company’s or affiliates’ business, products, services, customers, vendors, or suppliers; trade secrets, data, specifications, developments, inventions and research activity; marketing and sales strategies, information and techniques; long and short term plans; existing and prospective client, vendor, supplier, and employee lists, contacts, and information; financial, personnel, and information system information and applications; and any other information concerning the business of the company or its affiliates which is not disclosed to the general public or known in the industry (the “confidential information”), except with the express written consent of the company. all confidential information, including all copies, notes regarding, and replications of such confidential information will remain the sole property of the company, as applicable, and must be returned to the company immediately upon the ending of the executive’s employment. this provision is in addition to, and not in lieu of, similar provisions in any other agreement(s) between the executive and the company.",legal,ledgar:113
"experience the freedom of cloud-first chrome os. designed for secure, flexible hybrid and remote workplaces. ochrome os learn more",marketing,ads:1094
rise above... american underca premium steering and suspension,marketing,ads:3082
"fw: csfb independent power weekly-issue # 31-----original message-----from: "" sifert, bryan "" @ enron [mailto: imceanotes-+ 22 sifert + 2 c + 20 bryan + 22 + 20 + 3 cbryan + 2 esifert + 40 csfb + 2 ecom + 3 e + 40 enron @ enron. com] on behalf of "" stein, neil "" sent: monday, june 18, 2001 6: 11 am to: undisclosed-recipients:; @ enron subject: csfb independent power weekly-issue # 31 good morning, attached, please find the latest issue of our independent power weekly. > summary: 1. ipps fall 5. 1% last week our ipp composite fell 5. 1%, outperforming the nasdaq (- 8. 1%), but lagging behind the s and, 2. extend floating caps to other western states. 3. minimal impact on ipps we believe the expansion of the ferc's current market mitigation plan will have an immaterial impact on the independent power producers with california exposure-aes, cpn, mir, nrg, and rri. our reasons are as follows: 1) the bulk of their capacity is sold forward; 2. the ferc's methodology is benign; and, 3) valuations already reflect political uncertainty and normalized power prices. 4. nrg hosts conference call on friday (6 / 15), nrg hosted a conference call to address investor concerns surrounding near-term equity needs, pending acquisitions and recent regulatory developments. on the call management noted that: 1) barring a major acquisition, it will not issue equity in the near-term; 2) nrg's pending acquisition of 1, 767 mw of generation capacity from conectiv should close by june 30; and, 3) expansion of the ferc's western market mitigation measures should not impact nrg's performance. also on the call, management reaffirmed its previous 2001 eps guidance of $1. 35.. trading at 13. 2 times our 2002 estimate versus a group average of 16. 1 times, nrg represents the best relative value in the ipp group. we believe this discount is unwarranted and reiterate our buy rating and $37 price target. 5. review of orn analyst conference on tuesday (6 / 12), orion power hosted its first major investor conference in baltimore, maryland. the meeting featured presentations from 10 senior managers. we do not believe investors were previously aware of the full breadth and depth of the management team. while no major announcements were made, the meeting served to confirm that orn is on track to achieve its strategic and growth objectives. 6. coverage of geg initiated with a buy rating on june 11, 2001 csfb initiated on global power equipment group (geg) with a buy rating and a twelve-month price target of $42. we co-cover geg with john mcginty-- csfb's machinery analyst. regards, neil stein 212 / 325-4217 bryan sifert 212 / 325-3906 this message is for the named person's use only. it may contain confidential, proprietary or legally privileged information. no confidentiality or privilege is waived or lost by any mistransmission. if you receive this message in error, please immediately delete it and all copies of it from your system, destroy any hard copies of it and notify the sender. yo",other,enron:11919
"nothing in these terms is intended to affect those rights, if they are applicable.",legal,unfair_tos:164
"increasing political and market pressures to erase the us / mexico energy border-cera private report title: us / mexico trade cross-border energy interconnections at the forefront? url (s): http: / / www 20. cera. com / eprofile? u = 35 http: / / www 20. cera. com / eprofile? u = 35 increasing political and market pressures to erase the us / mexico energy border the policy focus in the administrations of both vicente fox in mexico and george w. bush in the united states, combined with the high-profile energy crisis in california and record-level gas prices, has pushed energy trade and interconnections to the forefront of the political agenda. cross-border energy flows will likely be a prominent theme between the two countries in the months ahead. however, critical technical, regulatory, and financing constraints must be overcome before these energy flows reach the potential indicated by current market fundamentals. key issues affecting us-mexico cross-border energy flows include * asymmetrical regulatory and market structures * power grid synchronization issues * high investment needs in a changing regulatory environment * uncertainty of long-term regional supply-demand imbalances * * end * * follow above url for complete cera private report (18 printed pages). e-mail category: private report cera knowledge area (s): mexico gas & power, western energy cera's autumn 2001 roundtable event dates and agendas are now available at http: / / www 20. cera. com / event to make changes to your cera. com profile go to: forgot your username and password? go to: http: / / www 20. cera. com / client / forgot this electronic message and attachments, if any, contain information from cambridge energy research associates, inc. (cera) which is confidential and may be privileged. unauthorized disclosure, copying, distribution or use of the contents of this message or any attachments, in whole or in part, is strictly prohibited. terms of use: http: / / www 20. cera. com / tos questions / comments: webmaster @ cera. com copyright 2001. cambridge energy research associates",other,enron:12630
"final prc results sally, attached is the final results from the meeting today. these results do not include the analyst and associates. the spreadsheet contains an overall picture of the meeting today and a breakdown by organization (eops, egm, eim). there are also four charts which display the overall meeting and the breakdowns as well. i have sent a copy to bob hall which does not include the vp rankings. please let me know if you need any other data. great meeting today! have a wonderful weekend. anne marie",other,enron:23601
"notwithstanding anything to the contrary herein, this letter agreement may be terminated at any time prior to the closing of the purchase transaction, (a) by mutual written consent of the parties hereto, (b) automatically, and without any action of any of the parties hereto, upon (x) any valid termination of the merger agreement by any party thereto or (y) the withdrawal of the plan of reorganization or any event that renders the plan of reorganization or an order approving the plan of reorganization null or void, (c) by oncor holdings, if the board of directors of oncor holdings determines in good faith after consultation with its outside financial advisors and outside legal counsel, and based on the advice of such counsel, that proceeding with this letter agreement would be inconsistent with its applicable fiduciary duties or (d) by oncor, if the board of directors of oncor determines in good faith after consultation with its outside financial advisors and outside legal counsel, and based on the advice of such counsel, that proceeding with this letter agreement would be inconsistent with its applicable fiduciary duties.",legal,ledgar:163
larry's market run 2023 world tour whose text uncle larry (415) 545-0125 north america live nation with monroe flo flow adve june 27 the fillmore silver spring,marketing,ads:5790
"initial meeting to kick off ena analyst and associate roundtable we will kick off the initial meeting of the ena aa roundtable on friday, august 18 th at 9: 00 am in room eb 30 cl. items on the agenda will include the following: discussion on prc immediate and future analyst and associate needs by business unit skill shortages campus and off-cycle recruitment botton 10% management projecting aa needs from core schools for summer 2001 intake existing talent in specialiast roles who should be in aa program ideas / suggestions on how we improve the program / ena retention also, please be prepared to present a list of your current aa's with start and rotation dates. chris, tim, rob and max-if you will send me the data i will represent your interests at the meeting. thanks again for all your support. ted",other,enron:23134
"meter 1553; equistar please check this meter back to the first, the deal volume is zero and it is pathed for 5 m.",other,enron:1740
"this agreement may be executed in any number of counterparts, each of which where so executed and delivered shall be an original, but all of which shall constitute one and the same instrument. it shall not be necessary in making proof of this agreement to produce or account for more than one such counterpart. delivery of an executed counterpart of a signature page of this agreement by fax transmission or other electronic mail transmission (e.g. “pdf” or “tif”) shall be effective as delivery of a manually executed counterpart of this agreement. without limiting the foregoing, to the extent a manually executed counterpart is not specifically required to be delivered, upon the request of any party, such fax transmission or electronic mail transmission shall be promptly followed by such manually executed counterpart.",legal,ledgar:150
you also give up your right to participate in a class action or other class proceeding.,legal,unfair_tos:64
crowdstrike aws how secure is your cloud? get a free health check,marketing,ads:6139
"re: credit reserve simulation for ees one the outputs would be expected loss for each of the trials (flat file) and a graph depicting the distribution (example below from an early owens illinois model)-----original message-----from: de, rabi sent: thursday, february 22, 2001 3: 20 pm to: o ' leary, martin; tribolet, michael; estrems, connie; bradford, william cc: tamarchenko, tanya; dhar, amitava; kaminski, vince; kiatsupaibul, seksan; issler, paulo subject: credit reserve simulation for ees amitava and seksan have identified the source of the discrepancy between the option prices calculated by the credit-reserve model and the stand-alone spreadsheet model used in deal pricing. we expect to put a fix in place by tomorrow. in response to your desire to see more output from credit reserve simulation, i have identified a list of possible items that may be of interest to you for credit pricing. 1. potential exposure across time 2. for each simulated credit event, display: default time exposure-- is deal-by-deal breakdown of any interest? commodity forward curves (or spot price?) at default time i would appreciate it if you could let me know your wish list at your earliest. thanks, rabi de 5-4593",other,enron:8562
"all notices, requests or other communications provided for in this agreement shall be made, if to the company, to tri pointe group, inc., attn: chief financial officer, 19540 jamboree road, suite 300, irvine, california 92612, and if to the employee, to the last known mailing address of the employee contained in the records of the company. all notices, requests or other communications provided for in this agreement shall be made in writing either (a) by personal delivery, (b) by facsimile or electronic mail with confirmation of receipt, (c) by mailing in the united states mails or (d) by express courier service. the notice, request or other communication shall be deemed to be received upon personal delivery, upon confirmation of receipt of facsimile or electronic mail transmission or upon receipt by the party entitled thereto if by united states mail or express courier service; provided, however, that if a notice, request or other communication sent to the company is not received during regular business hours, it shall be deemed to be received on the next succeeding business day of the company.",legal,ledgar:209
"get more orders for anything you sell literally overnight! opt in e-mail advertisingget more orders for anything you sellwith email marketing! send your ad or website out to millionsof our opt inlist of email recipients. reach peoplewho want to learn about your website, its products and services withour email advertising and email marketing service! effective advertising for any business large or small * the most cost effective advertising on the internet * gets instant traffic to your website * potential sales or leads for any business weprovide businesses individuals the most inexpensive, and most effective way to reach millions of people over the internet. ourservice provides assistance in setting up your ad, for maximum effect. this weeks specialsend your ad to 100, 000 people-only $189 for larger orders pleasecall for discount pricing to place an order, or for more info please call (562) 365-8100 (9 am to 6 pm eastern standard time-after hours please leave message) to be removed from further mailings, please reply to this message with remove in the subject. your email address will be removed within 24 hours.",marketing,enron:25939
point blank online music production degrees fully funded courses click for courses,marketing,ads:4642
locked on paving the way presented by state farm a podcast that shines a light on our hosts from marginalized communities & backgrounds. view now,marketing,ads:3477
officer com command staff briefing the monthly enewsletter delivering the latest in law enforcement operations. subscribe today!,marketing,ads:1211
"earthsat summer seminar fyi---mike---------------------- forwarded by mike a roberts / hou / ect on 07 / 26 / 2000 05: 49 am---------------------------todd decook 07 / 25 / 2000 01: 07 pm to: mike a roberts / hou / ect @ ect, jose marquez / corp / enron @ enron cc: subject: earthsat summer seminar---------------the earthsat summer seminar can be downloaded from the following site...?? just click on the above link to download the file, or copy the link and paste it for the url address in the browser of your choice.? if you have any questions or problems downloading this file, please contact me (scott gay) or dave birmingham at (301) 231-0664.?-scott---scott gay (sgay @ earthsat. com) staff meteorologist / computer support cropcast services earth satellite corporation phone: (301) 231-0664 fax:???? (301) 231-5246??-imageo 01. gif",other,enron:6576
"such updates are subject to these terms unless other terms accompany the updates, in which case, those other terms apply.",legal,unfair_tos:114
you will not forward chain letters through the service;,legal,unfair_tos:159
"your genesis smart home temperature control, safety, digital assistant, customized lighting, motion sensors all standard. fully installed. 22 genesis builders learn more",marketing,ads:3626
"duke situation greg, action-please call todd reid at duke background: below is the situation with duke and subs: exposure line cash l / c duke energy marketing lp / ecc ($43 mm) $10 mm $52. 35 mm $20. 5 mm duke energy trading & marketing / ena ($56 mm) $5 mm $61 mm duke energy trading & marketing / epmi ($260 mm) $20 mm $171 mm $100 mm the expiration of the letters of credit are 11 / 30 / 01. duke believes that since these l / c's have less than 20 days to expiry their value should be zero and are asking for additional cash collateral. our view of the contract is that these l / c's are good collateral until expiry and should be counted in our outgoing collateral. the roll of the letter of credit has been delayed as haedicke / mintz get comfortable with the reps under the l / c facility. duke credit guys are saying that todd reid has not received a return call from you and this holding up a resolution. bill and louise",other,enron:13914
"save $45 tlr 6, 7 & 8 streamlight. midway shop now f tle-bag stavilent",marketing,ads:4074
"west power orig update change in gross margin: blue dog moved to q 2 from q 3: $3. 5 mm psco: additional income taken due to construction completion: $5 mm las vegas: additional income taken due to toll closure: $5. 3 mm pastoria: income reduced due to expenses and related writeoffs:-$2 mm total gross margin change: $11. 8 mm gross margin to date: pastoria: $39 mm psco (fountain valley): $10 mm ($7 mm more to be recognized in q 3) turbine swap: $3. 7 mm (+ $2. 1 mm to jacoby) dwr: $7 mm las vegas: $5. 3 mm blue dog: $3. 5 mm other: $1 mm subtotal: $69. 5 mm qi qf valuation:-$5 mm total: $64. 5 mm hotlist summary: psco, q 3 $7 mm las vegas, q 3 $20 mm saguaro, q 3 $5 mm longview, q 4 $15 mm various commodity $20 mm total: $67 mm total forecast: $131. 5 mm deal update: las vegas: meetings and site visits scheduled with northland, black hills and allegheny. all have registered a lot of time on dealbench. northland brought there investment bankers (cibc) to portland and hired an independent engineering firm. we will have the info memorandum prepared this week tosend out to other potential purchasers if necessary. still on track. amps: we are negotiating with two industrials, each can take the first two units. oregon steel in portland and geneva steel in utah. geneva is a better site (permitting and infrastructure). high elevation in utah will derate the output of the units, but will likely be able to run most hours. oregon interconnects with portland general (good) but permit will restrict hours (3, 500 hours estimate). we need to talk this week to discuss the form of the contract and value / risk transfer between ena and amps. wind: we completed a term sale to edwards air force base consisting of shaped energy and green tags. tags came from our existing biomass tags and texas wind. we will purchase the balance from pacificorp. we expect more activity here with other feds, some of the munis and 6-7 developers that we are working with. generator tolls: we are trading term sheets with allegheny, reliant, idacorp, dynegy, nrg and constellation re our offer to sell at np-15, mid-c and palo-i think we will get something done this quarter. longview: we met with the head of bpa this week and got confirmation that he supports our longview process and that his agency will not slow us down with their proposed regional air study. finding epc contractors has been difficult so we may start discussions with nepco. dwr: should execute the master agreement this week which will allow short-term deals with 7 day payment.",other,enron:11818
the portion market where we b aircraft for sale by flying march sun'fun the best aircraft for sale by flying the new way to buy or sell your next plane. in digital + print get early access,marketing,ads:6446
"hpl nom for march 27, 2001 (see attached file: hplno 327. xls)-hplno 327. xls",other,enron:2864
"hi vince! please let me know if university affairs cana ssist in setting up interviews to address the ees issues raised by maheshram. i'm at beaver creek in colorado now, and will be in california making presentations of various cases for completeing my phd course work jan 3-4. back in houston on the 5 th. if anything needs to get arranged on this before then, please feel free to call mike rosen at 3-9624. he will be happy to help. thanks vince! may your new year be filled with peace-of-mind, good health and many joys! see you there! best regards!-- christie.---------------------- forwarded by christie patrick / hou / ect on 12 / 29 / 2000 12: 23 am---------------------------"" vittal, maheshram "" on 12 / 26 / 2000 10: 59: 38 am to: "" ' vince. j. kaminski @ enron. com ' "" cc: "" ' christie. patrick @ enron. com ' "" subject: re: houston trip dear vince / christie, thanks for coming to philadelphia to present an overview of the projects. we enjoyed meeting you and your colleagues and look forward to working with enron. i would also like to pass on my team's appreciation for the dinner as well. we wanted to give you an update on our project and get some feedback and additional information prior to our upcoming visit to houston on january 19 th. our project is going to be geared to the 3 rd option you mentioned. we plan on addressing some part of the retail energy services business. we are considering two options regarding this topic and would like to pursue either (i) how customers are acquired and recommending new processes and ways to serve retail customers, or (ii) studying the supply chain and coming up with recommendations for areas for further investments. however, we would like to get some more information on the retail energy services before truly scoping the project. we are also very open to suggestions, especially if you had a much broader or different scope in mind; so please let us know. we have not yet reviewed the introductory information received last week, but here are the questions we have specific to the retail energy services unit: can we look at its overall business plan or a more detailed summary than is in the annual report? what is the pricing philosophy / overall structure? who are the customers and how are they acquired? what would the customers be doing if they did not work with enron? what are the international expansion plans and capabilities? is there any important regulatory summary information we can have? if this information is not already covered in the review material you sent, will you be able recommend other sources where we may find such information? after we have reviewed the material sent to us recently, we may want to schedule a phone call with you and / or one of your colleagues directly involved in the retail energy services business. i would like to call you in the new year to discuss this further. in the meantime, please feel free to call me at (215) 546-9416 if you need any information. regards, retail ener",other,enron:8041
"by using the services, you indicate that you understand and consent to the collection, use, and disclosure of your information as described in our privacy policy, which is available at: http://www.onavo.com/privacy_policy.",legal,unfair_tos:90
"catalytica write-down on the 12 / 11 mpr to be issued on 12 / 12, we will be taking a $56 million loss on catalytica energy systems. this asset will begin trading on the open market either friday, 12 / 15 or monday, 12 / 18 under the ticker cesiv. the potential trading range of $10-$20 per share is disclosed in the company's s-1. this asset is in raptor i and therefore this write-down will exhaust $56 m of the remaining raptor i capacity. please call me at x 3-6983 with questions.",other,enron:23607
"this 2017-a servicing supplement may be executed in any number of counterparts, each of which so executed and delivered shall be deemed to be an original, but all of which counterparts shall together constitute but one and the same instrument.",legal,ledgar:73
"in the event of any third-party claim that the app or your possession and use of the app infringes that third party 's intellectual property rights, niantic will be solely responsible for the investigation, defense, settlement, and discharge of any such intellectual property infringement claim to the extent required by these terms.",legal,unfair_tos:199
"during the term of employment, the executive shall report directly to the to the president and chief executive officer and (i) shall, until the date agreed to by the company and the executive, serve as an executive officer of the company with the title senior vice president and treasurer, and, (ii) shall following the filing of the annual report on form 10-k for the year ended december 31, 2014, serve, in addition, as the chief financial officer of the company and (iii) shall perform such duties and responsibilities as may be reasonably determined by the president and chief executive officer and the board of directors of the company consistent with the executive’s title and position, duties and responsibilities as an executive officer of the company as of the effective date; provided that such duties and responsibilities shall be within the general area of the executive’s experience and skills, (iii) upon the request of the board of directors of the company, shall serve as an officer and/or director of the company and any of its subsidiaries or affiliates (provided that the company shall indemnify the executive for liabilities incurred as such in accordance with its current practices to the fullest extent permitted by applicable law); and (iv) shall render all services incident to the foregoing.",legal,ledgar:259
"this agreement shall remain in effect from the effective date through june 2, 2046 (the “term”).",legal,ledgar:171
"caiso notification-si server unavailable 8 / 28 / 01 * * urgent notification: si server will be unavailable, tuesday, august 28, 2001 (14: 20 to 14: 55 pdt) to perform a fallback to our backup si server in alhambra. please submit all hour ahead schedules for august 28 th he, 1800 and 1900 and supplemental energy schedules for, 1700 and 1800 prior to 1400. once the fallback is complete and the si system is available, please clear your memory and disk caches (edit, preferences, advanced, cache) & close all netscape windows (including messages). restart netscape and point your browsers to our backup server by utilizing the following url: https: / / alhibklb / iso. please contact benik dergevorgian (916) 351-2277 bdgevorgian @ caiso. com or michael glatz (916) 608-5727 client relations communication crcommunications @ caiso. com",other,enron:17148
pdf available now at 56 gbps nrz high-speed board-to-board connectors samtec accelerate® hp and novaray® high-performance arrays up to 56g nrz / 112 gbps pam4 learn more,marketing,ads:4219
munic still handmade by chris. d-35 000000 martin & co est.,marketing,ads:335
"re: signature's kevin, i would like to see the expense reports to monitor the rate at which we approach our group budget limits. thanks. vince kevin g moore 02 / 22 / 2000 08: 48 am to: vince j kaminski / hou / ect @ ect, mike a roberts / hou / ect @ ect, shirley crenshaw / hou / ect @ ect cc: subject: signature's hello everyone, starting today, 2 / 22 / 00 mike roberts signed a expense report. vince, i need to know from you if this is okay and do you want to see them? also shirley, if mike signs for anything else other than a expense report, i will pass it by your desk whereby you can know exactly what it is. thanks kevin moore please inform........",other,enron:5575
"be a high income entrepreneur our automated system is easy to use and you will learn how to realize a six figure yearly income. fully automated with the ability to do your business from home; this marketing system works for you 24 hours a day. one thousand us bucks earned for every sale; sales generated using our computerized marketing system that works 24 hours a day. would you rather be making money or making calls to prospects. our system works 24 hours a day and will educate your prospects before they even talk to you. let our computerized system do 98% of the work while you make the moola. leisure time becoming a thing of your past? working long hours with little to show for it? learn how to gain more time and loosen the financial load. your financial independence is within your grasp. liberate yourself and enjoy the freedom of being able to afford everything that you want. this video provides additional information and may answer more questions for you. take advantage of this time to educate yourself on the possibilities of this business. don't delay in educating yourself now and starting your business today. you will be able to see and how this business works in this informational video. please copy and paste the following link into your browser to review this powerful concept. web site link-- > > superproductall. com / gr / above for more information or to un-subscribe or to see our address. can you not realize that it is better to be considered great by the intelligent thinkers of the earth, than to be taken for a god by stupid cannibals? oh, yes, of course, said rob. i wish now that i had gone to europe but you're not the only one who has a kick coming, he continued",marketing,enron:32187
"fw: dave this woulda coulda shoulda language isn't going to work. we should stop waisting our time if we can't be more firm. i can't ask an employee to sign this.-----original message-----from: cash, michelle sent: sun 12 / 23 / 2001 9: 35 pm to: oxley, david; lavorato, john; kitchen, louise cc: schuler, lance (legal); mary. jean. potenzone @ weil. com; andrew. clark @ weil. com subject:",other,enron:14456
"revisions on tennessee gas p / l effective 6 / 8 / 00---------------------- forwarded by ami chokshi / corp / enron on 06 / 06 / 2000 03: 24 pm---------------------------"" steve holmes "" on 06 / 06 / 2000 02: 53: 20 pm to:, cc: subject: revisions on tennessee gas p / l effective 6 / 8 / 00 attached are nine changes to volumes currently flowing on tennessee gas pipeline. these changes are to be effective thursday, june 8, 2000. please let me know of any questions you have. thanks, steve-ec 254 reveffo 60800. xls-ei 315329 reveffo 60800. xls-ei 316 reveffo 60800. xls-spl 3 reveffo 60800. xls-ssl 54 reveffo 60800. xls-ssl 98 jreveffo 60800. xls-smi 265 reveffo 60800. xls-wc 45 reveffo 60800. xls-ei 365 reveffo 60800. xls",other,enron:901
solve my task 1. press the button 2. upload your task 3. get solution,marketing,ads:5651
"h what's up doc? if you're in need of medical care, check out our comprehensive guide to the best doctors across 70 specialities in the houston area. learn more",marketing,ads:2018
western conference final 20231 stars game 2 golden knights tomorrow 3:00pm et abc esft+,marketing,ads:5014
burnout balance supporting you as we build the future of assurance. kpmg apply now,marketing,ads:570
flock to the rock find your fun in lasalle county! www.flock to the rock.com heritage corridor seitinatish rock iliingis,marketing,ads:3760
any continued use by you of the services following publication or notification of revised terms shall constitute your acceptance to the revised terms.,legal,unfair_tos:106
"ca style. beauty, good vibes only. follow us o @whowhatwear k",marketing,ads:2820
"any term or provision of this guarantee or any other credit document to the contrary notwithstanding, the guarantor will execute any and all further documents, financing statements, registrations, agreements and instruments, and take all such further actions (including the filing and recording of financing statements and registrations), which may be required under any applicable law, or which the administrative agent may reasonably request, to effectuate the transactions contemplated by the credit documents or to grant, preserve, protect or perfect the liens created or intended to be created by this agreement or the validity or priority of any such lien, all at the expense of the guarantor.",legal,ledgar:122
"re: informal exploratory interview with enron research group valeria: 3: 30 pm tomorrow the 9 th will be fine. we will have to change the schedule a little bit, but i believe it will work. kevin kindall 3: 30 pm grant masson 4: 00 pm tanya tamarchenko 4: 30 pm vince kaminski 5: 00 pm same scenario-upon arrival in the lobby go to the security desk and ask for me. i will meet you in the lobby of the 19 th floor. thanks so much for your flexibility! shirley crenshaw valeria. i. stone @ exxon. sprint. com on 09 / 07 / 2000 08: 56: 24 am to: shirley. crenshaw @ enron. com cc: subject: re: informal exploratory interview with enron research group date: september 7, 2000 from: stone, v. i. (valeria) vistone-americas to: ext-shirley. crenshaw (a) enron. co shirlecl-fpexmail subject: re: informal exploratory interview with enron research group sure, tomorrow is fine with me. is it possible to schedule it at 3: 30 pm? and i am sure it is not an easy task to fit the schedule of several people to be available at the same time window. so please feel free to let me know if you will need to do another time adjustment.-----original message-----from: ext-shirley. crenshaw (a) enron. co sent: thursday, september 07, 2000 9: 47 am to: stone, v. i. (valeria) subject: re: informal exploratory interview with enron research group valeria: please do not think we are always this unorganized, but things just seem to be happening right now and it is disrupting everyone's schedule. would you possibly be able to come tomorrow the 8 th? kevin kindall will not be here on the 15 th and he would definately like to interview you. then vince kaminski will be gone for two weeks after the 15 th. it seems like tomorrow might be the best time for everyone, if it is for you. we can begin the interviews at 3: 00 pm and probably end them at 5: 00 or 5: 30 pm. please let me know. thanks so much for your understanding. [stone, v. i. (valeria)]: regards, shirley crenshaw valeria. i. stone @ exxon. sprint. com on 09 / 07 / 2000 07: 46: 13 am to: shirley. crenshaw @ enron. com cc: subject: re: informal exploratory interview with enron research group date: september 7, 2000 from: stone, v. i. (valeria) vistone-americas to: ext-shirley. crenshaw (a) enron. co shirlecl-fpexmail subject: re: informal exploratory interview with enron research group [stone, v. i. (valeria)] 0 definitely-any of these days sound good to me. the only concern that i have, is that i have my graduate class on thursday night at 6 pm which is september the 14 th. so if you will schedule the interview on the 14 th of september, i would need to leave around 5: 15 pm so i could attend my class. it actually might be more convenient for me to meet with the interviewers on the 15 th of september. if this day does not fit the schedule of any of the interested in interviewing individuals, i surely will be able to meet with them on the 14 th. i will be looking forward to your reply. sincerely, valeria stone-----original message-----",other,enron:6988
"re: interview with enron corp. cliff: thank you for replying and we want to wish you the best in your new endeavor. texaco is also a good company and i am sure you will be pleased. best of luck! sincerely, shirley crenshaw cliff parsons on 06 / 27 / 2000 02: 05: 13 pm to: shirley crenshaw cc: vince j kaminski, pinnamaneni krishnarao, osman sezgen, cp 38 @ andrew. cmu. edu subject: re: interview with enron corp. dear ms. crenshaw: i recently accepted a quant position with texaco in houston. lara berry from enron contacted me just after that, and i told her of the situation. i agreed to send her my resume (which i did) and keep in touch. enron is a fabulous corporation with exciting opportunities. mr. kaminski is very well known in the energy field, and i have read some of his material. i am extremely pleased that you all would be interested in me; however, i have given my word to texaco. the texaco position offers a lot of opportunity and risk. this is the kind of challenge for which i am looking. if things do not work out, however, i would definitely contact enron again and cherish any opportunity for an interview. thank you very much, cliff parsons-- on monday, june 26, 2000, 11: 27 am-0500 shirley crenshaw wrote: > > > good morning mr. parsons: > > the enron corp. research dept. would like to conduct a telephone > interview with you at your convenience. > > the interviewers would be: > > vince kaminski managing director > p. v. krishnarao director > osman sezgen manager > > please give me some dates and times either this week or july 5, 6 & 7 > of next week that you would be available and i will coordinate the > calendars. > > look forward to hearing from you. > > regards, > > shirley crenshaw > administrative coordinator > enron corp. research > 713 / 853-5290 > email: shirley. crenshaw @ enron. com > >",other,enron:6361
"jurirne get latest softwares, 99% savings. cqunecc microsoft windows xp professional $50 adobe photoshop 7. 0 $60 microsoft office xp professional $60 microsoft windows 2000 professional $50 adobe pagemaker 7. 0 $60 adobe illustrator 10 $60 corel draw graphics suite 11 $60 microsoft visual studio. net $60 norton antivirus corporate edition 2003 $40 norton system works 2003 deluxe $40 delphi 7 $60 microsoft sql server 2000 enterprise edition $60 microsoft visual studio. net architect edition $120 you are welcome",marketing,enron:3974
"west muram all lottery high hand prizes $40 to $5,000! from find a retailer please play responsibly. high hand 1² da |:00 tead 23 real ✓$100 lommed!",marketing,ads:3995
your earned points can be redeemed for items (`` rewards '') in the redemption center.,legal,unfair_tos:7
start date: 1 / 28 / 02; hourahead hour: 15; start date: 1 / 28 / 02; hourahead hour: 15; no ancillary schedules awarded. no variances detected. log messages: parsing file-- > > o: \ portland \ westdesk \ california scheduling \ iso final schedules \ 2002012815. txt,other,enron:17916
"west shore -h o me america's most admired home remodeling brandⓡ contactar click for a free quote ale patrocrofl: croides, ofc14dega: good14 poin pc md mich nicoh ples pa pa pis contact hr #263, hans invement conor lice d1000 terpop, rp0",marketing,ads:2789
"re: dealbench, tobias munk ok-- level set. the tone of my message was not meant to be confrontational. i had a number of meetings with tobias to discuss his plans, which as of thursday had not panned out. i simply wanted to make sure that ross and i were getting the latest news from ena especially if you were considering using the platform in any longer-term manner, which is new information. don has been one of our biggest supporters, and i certainly want to make sure he gets some input on the direction of dealbench. i just didn't want it to go through tobias first. sorry for the confusion, brad-----original message-----from: kitchen, louise sent: sun 9 / 23 / 2001 1: 24 pm to: piper, greg; richter, brad cc: pickering, mark subject: re: dealbench, tobias munk sorry this is getting a bit messed up. as i said on friday, tobias came to see me to say goodbye and sated that he may consider buying dealbanch if he can raise the money (this would obviously be great for enw). i told hiim we (ena) would be a customer of dealbench (as we intend to continue using it next year or find another method). i intorduced don and tobias and said that we could give him some sort of contract if he were to pitch a dealbench buyout.. as you all know he only left friday and has had no discussions with anyone and this is purely conceptual, my guess is he gets another energy trading job in europe. i only forwarded the note to you for information post our friday discussion to ensure you were happy with us replying and what you wanted us to say. the response to don is somewhat inappropriate as it wasn't tobias contacting don out of the blue but following the conversation i relayed to greg. let us know whether you are happy for ena to agree to a contract or not should he ever buy it from you-its that simple and a really long shot. as discussed on friday, ena will not support dealbench on an allocated basis, the economics of being the only customer simply do not work. if we continue on the same charging basis with perhaps a minimum that's fine. no idea how we got down this path.-----original message-----from: piper, greg sent: sunday, september 23, 2001 10: 55 am to: richter, brad cc: kitchen, louise; pickering, mark subject: re: dealbench, tobias munk has tobias shown us who is backing him and how much money he can get? we still need to, in parallel, deal with the business units on if they will support it through an allocation processs in 2002. thanks. gp-----original message-----from: richter, brad sent: saturday, september 22, 2001 3: 09 pm to: miller, don (asset mktg) cc: piper, greg; kitchen, louise subject: fw: dealbench, tobias munk don-- since tobias munk is no longer an employee of enron as of last week, please direct all correspondance concerning dealbench to either me or ross mesquita. we will then contact potential purchasers or investors at the appropriate time. as you know, we are currently formulating our plans for the platform and we would appreciate any input y",other,enron:12972
"if you are using the service on behalf of a legal entity, you represent that you are authorized to enter into an agreement on behalf of that legal entity.",legal,unfair_tos:111
asus asus zenbook 14 flip oled intel® evo™ platform powered by intel® core™ i5 processor learn more intel. asus no. oled evo laptop brandin malaysia & the world 15,marketing,ads:3202
start date: 1 / 5 / 02; hourahead hour: 11; start date: 1 / 5 / 02; hourahead hour: 11; no ancillary schedules awarded. no variances detected. log messages: parsing file-- > > o: \ portland \ westdesk \ california scheduling \ iso final schedules \ 2002010511. txt,other,enron:17598
"the seller shall pay, or cause to be paid, to each purchaser agent for the benefit of the purchasers and liquidity providers in the related purchaser group in accordance with the provisions set forth in section 1.4(d) certain fees in the amounts and on the dates set forth in one or more fee letter agreements, dated the closing date (or dated the date any such purchaser and member of its related purchaser group become a party hereto pursuant to an assumption agreement, a transfer supplement or otherwise), among the seller, and the applicable purchaser agent, respectively (as any such fee letter agreement may be amended, restated, supplemented or otherwise modified from time to time, each, a “ purchaser group fee letter ” and each of the purchaser group fee letters may be referred to collectively as, the “ fee letters ”).",legal,ledgar:83
"except as provided in this section 3(e), the executive shall forfeit to the company, without compensation, any and all unvested shares of restricted stock upon the executive’s termination of employment for any reason. additionally, in the event the executive engages in detrimental activity prior to, or during the one year period after, any vesting of restricted stock, the committee may direct that all unvested restricted stock shall be immediately forfeited to the company and the executive shall pay to the company an amount equal to the fair market value at the time of vesting of any restricted stock which had vested in the period referred to above.",legal,ledgar:136
"this agreement, taken together with the company disclosure schedule, (a) constitutes the entire agreement, and supersede all prior agreements and understandings, both written and oral, among the parties with respect to the transactions and (b) are not intended to confer upon any person other than the parties any rights or remedies.",legal,ledgar:191
"fw: interruptible gas forms please advise. vickers had told me no "" interruptible "" in phase 1. please note long descriptions on certain firm gas products (constrained points) include an excuse of performance. this may simply be a terminology issue.-----original message-----from: lisa. feld @ ubsw. com @ enron sent: thursday, january 31, 2002 4: 44 pm to: cook, mary subject: re: interruptible gas forms this is contrary to what we had heard from louise. she is back tomorrow, can you kindly confirm. reagrds, lisa feld credit risk control _ _ _ _ _ _ _ _ _ _ _ _ _ _ _ _ _ _ _ _ _ _ _ _ _ _ _ _ _ _ reply separator _ _ _ _ _ _ _ _ _ _ _ _ _ _ _ _ _ _ _ _ _ _ _ _ _ _ _ _ _ _ _ _ _ subject: interruptible gas forms author: mary. cook (mary. cook @ enron. com) at unix, mime date: 1 / 30 / 02 6: 51 pm no online forms since this product will not be traded online in phase 1 per comm ercial desk. > > > > cordially, mary cook enron north america corp. 1400 smith, 38 th floor, legal houston, texas 77002-7361 (713) 345-7732 (713) 646-3393 (fax) mary. cook @ enron. com this e-mail is the property of enron corp. and / or its relevant affiliate and may contain confidential and privileged material for the sole use of the intended r ecipient (s). any review, use, distribution or disclosure by others is strictly prohibited. if you are not the intended recipient (or authorized to receive for the recipient), please contact the sender or reply to enron corp. at enron. messa ging. administration @ enron. com and delete all copies of the message. this e-mail (and any attachments hereto) are not intended to be an offer (or an acceptance) and do not create or evidence a binding and enforceable contract between enron c orp. (or any of its affiliates) and the intended recipient or any other party, a nd may not be relied on by anyone as the basis of a contract by estoppel or othe rwise. thank you. visit our website at http: / / www. ubswarburg. com this message contains confidential information and is intended only for the individual named. if you are not the named addressee you should not disseminate, distribute or copy this e-mail. please notify the sender immediately by e-mail if you have received this e-mail by mistake and delete this e-mail from your system. e-mail transmission cannot be guaranteed to be secure or error-free as information could be intercepted, corrupted, lost, destroyed, arrive late or incomplete, or contain viruses. the sender therefore does not accept liability for any errors or omissions in the contents of this message which arise as a result of e-mail transmission. if verification is required please request a hard-copy version. this message is provided for informational purposes and should not be construed as a solicitation or offer to buy or sell any securities or related financial instruments.",other,enron:14942
"get a green card to usa-apply online today are you dreaming about living and working permanently in usa? now you have the opportunity! get a permanent residence and work permit (green card) for usa. apply online today... apply today an us green card office ltd. will submit your online application directly to the u. s. government in exactly the right way and at exactly the right time.. guaranteed! note: if you're already a holder of a green card then please forward this e-mail to a friend who might be interested. copyright us green card office ltd. 1998-2004 us green card office ltd 29 harley street london, london wlg 9 qr uk",marketing,enron:20721
"this agreement shall be governed by and construed in accordance with the laws of the state of new jersey, without reference to principles of conflict of laws that would result in the application of any law other than that of the state of new jersey. in construing this agreement, if any portion of this agreement shall be found to be invalid or unenforceable, the remaining terms and provisions of this agreement shall be given effect to the maximum extent permitted without considering the void, invalid or unenforceable provision.",legal,ledgar:276
"site license for power world gentleman, kevin presto concurred on the purchase of a site license as recommended by vince. what are the thoughts of others? i am available to demo the package if others would like to see it. thanks, lance---------------------- forwarded by lance cunningham / na / enron on 11 / 20 / 2000 01: 51 pm---------------------------vince j kaminski @ ect 11 / 10 / 2000 09: 16 am to: vince j kaminski / hou / ect @ ect, richard lewis / lon / ect @ ect, tim belden / hou / ect @ ect, tim. heizenrader @ enron. com, kevin m presto / hou / ect @ ect, george hopley / hou / ect @ ect cc: lance cunningham / na / enron @ enron subject: site license for power world gentlemen, i recommend that we purchase this package and split the cost 3 ways between 3 power trading desks. i think that we should go for option 3 (~ $15, 000). lance cunningham in my group looked at this software package and found it very useful for modeling transmission problems. please, feel free to ask him for technical details in support of this recommendation. vince---------------------- forwarded by vince j kaminski / hou / ect on 11 / 10 / 2000 09: 17 am---------------------------lance cunningham @ enron on 11 / 09 / 2000 06: 15: 14 pm to: vince j kaminski / hou / ect @ ect cc: vasant shanbhogue / hou / ect @ ect subject: site license for power world vince, we have three options to increase our availability across enron for the power world load flow software. option 1, upgrade to a site license for the load flow software only. price $9, 990. 00 this would give all of enron the ability to perform load flows, but not determine marginal cost or available transfer capacity (atc) because only the optimal power flow (opf) version can perform that task. option 2, site license for the load flow and purchase 1 opf package for walter coffer's group. price $11, 240. this would give all of enron the ability to perform load flows and one other group the ability to determine marginal cost and atc. option 3, site license for load flows, opf and atc. price $14, 990. 00 this would give all of enron the ability to perform load flows, marginal cost, and atc. regards, lance",other,enron:7683
564 tacom acoma g 貝 tacoma4g.com.com,marketing,ads:5470
"fwd: follow-up call return-path: received: from rly-yho 3. mx. aol. com (rly-yho 3. mail. aol. com [172. 18. 147. 35]) by air-yho 2. mail. aol. com (v 77 _ rl. 36) with esmtp; mon, 21 may 2001 17: 26: 01-0400 received: from nx. numerix. com ([63. 71. 167. 197]) by rly-yho 3. mx. aol. com (v 77 _ rl. 36) with esmtp; mon, 21 may 2001 17: 25: 21-0400 received: from nx. numerix. com (localhost [127. 0. 0. 1]) by nx. numerix. com (8. 9. 3 / 8. 9. 3) with esmtp id raao 5633 for; mon, 21 may 2001 17: 24: 32-0400 received: from dtallam (hercules. numerix. com [63. 71. 167. 196]) by nx. numerix. com (8. 9. 3 / 8. 9. 3) with smtp id raao 5628; mon, 21 may 2001 17: 24: 32-0400 from: "" dean tallam "" to: cc: subject: follow-up call date: mon, 21 may 2001 17: 18: 41-0400 message-id: mime-version: 1. 0 content-type: multipart / alternative; boundary = ""---- = _ nextpart _ 000 _ 0054 _ 01 coe 21 a. 15 b 849 co "" x-priority: 3 (normal) x-msmail-priority: normal x-mailer: microsoft outlook cws, build 9. 0. 2416 (9. 0. 2911. 0) x-mimeole: produced by microsoft mimeole v 5. 50. 4133. 2400 importance: normal vince, i hope all is well with you. dimitri raevsky, formerly the head of quantitative analysis and risk for global credit derivatives at jp morgan chase, has joined numerix as the product manager for credit products. at jp morgan chase, one of the leading players within the credit derivatives market, dimitri played an active role in the structuring, valuing and marketing of credit derivative products. dimitri provides numerix with strong expertise in credit-related analytics / valuation methodologies as well as market practices. dimitri will be responsible for developing state-of-the-art credit software solutions for numerix. one of the first credit software products he will be developing is a toolkit for credit derivatives that will provide end-users with all the analytical tools and modules necessary for building credit derivatives solutions. we would be pleased to have dimitri speak with you and your colleagues at enron to review our plans for credit derivatives. we are available any time on friday may 25 th. please advise as to whether this date would be convenient. dean",other,enron:9530
"power port calc issues the power risk group continues to experience severe instability with the power port calc. the same memory allocation issue which i discussed in the message below is not resolved (we have had this problem for about four months now). due to business reasons, we calculated the east power books on monday (enron holiday). we received all of the required data to calc by 9: 30 am and should have been completely done by 11: 30. however, the calc crashed six times and finally completed on the seventh try. we were able to leave by 4: 00. the point i am trying to make is that i feel that we are at such a state that there is risk that we could not provide positions to the traders by the start of the next business day. this could have a financial impact on our company. once again, i am urgently and desperately asking for resolution of this problem. furthermore, it came to my attention on friday that ees is now using enpower and the power port calc and they too are using the same server that we are. i question this decision since we cannot seem to support the existing business that is using that server. per discussion with kevin presto, the agreement made regarding ees's use of enpower was there would be no expense or degradation to ena's business process. i think they need to move to another server. please call to discuss when this will be resolved. thank you. kristin albrecht 3-4763---------------------- forwarded by kristin albrecht / hou / ect on 07 / 05 / 2000 09: 35 am---------------------------enron north america corp. from: kristin albrecht 05 / 15 / 2000 09: 48 am to: beth perlman / hou / ect @ ect, randy matson / corp / enron @ enron, jarod jenson / hou / ect @ ect, christine nguyen / hou / ect @ ect, zhiyong wei / hou / ect @ ect, ravi ramachandran / hou / ect @ ect, stacey w white / hou / ect @ ect, jenny latham / hou / ect @ ect cc: subject: athena vs quark with regards to the message below, we must have athena (server) to run our nightly risk books for the power group. we run one of our three east power calcs on this machine (the second largest one). since an acceptable solution for the big power calc has not been provided to us, athena cannot be taken away from us. the east power calc crashed 3 out of 5 days last week. we usually start calcing at about 4: 00. the calc time is now running at 1. 5 hours and we have about 1. 5 hours ' worth of work after the calc's successful completion. so you do the math on what time my group leaves the building when the calc crashes at 4: 30. furthermore, the west power calc has crashed 3 out of 5 nights weekly for the last 3 weeks. this is not acceptable. we are about to enter the busiest and most volatile time of the year and our system is not stable. i feel like we have been very patient at the expense of many late nights. i am going to speak to kevin presto and tim belden today about these problems. i think we need to meet immediately about this problem and i am exhausted with the fing",other,enron:23050
"as used in this section 24, “ expenses ” shall include, without limitation, damages, losses, judgments, liabilities, fines, penalties, excise taxes, settlements, costs, attorneys’ fees, accountants’ fees, disbursements and costs of attachment or similar bonds, costs of investigations, and any expenses of establishing a right to indemnification under this agreement.",legal,ledgar:217
gas master all: attached you will find a clean and marked version of the master firm gas purchase / sale agreement. your thoughts would be appreciated as this is somewhat of a departure from the previous approach. i will continue to review as this was thown together fairly quickly and i have not had the opportunity to carefully put all the pieces together. jeff,other,enron:15012
"suemar berryman well the inlet to the gulf plains plant is undernom'd, and i see that they berryman well, meter 989766, ticket 470753, is flowing about 25, 500 dth / day. currently, we have scheduled 20, 046. we may need to bump it up. thank you, mary",other,enron:3189
"upon the occurrence of a default hereunder, holder may, at its election and without presentment, demand or notice or protest of any kind, all of which are expressly waived by maker, take any action permitted at law or in equity, including, without limitation declare the entire balance of principal and interest thereon immediately due and payable, together with all costs of collection, including reasonable attorneys’ fees and all expenses incurred in connection with collection of all sums due hereunder. maker expressly agrees that this note, or any payment hereunder, may be renewed, modified or extended from time to time and at any time by holder. this provision shall not, however, be construed as extending the time for payment of any amount hereunder and shall in no event constitute a waiver of maker’s default with respect to such overdue amount nor prevent holder from exercising any of its other rights and remedies with respect to such default. at such time as this note becomes due in full, whether by acceleration (upon default or otherwise), by the occurrence of the maturity date or otherwise, if maker fails to pay all amounts due the unpaid principal balance, accrued interest and costs incurred (and any judgment or decree with respect thereto) shall from and after the date due bear interest until paid at a rate equal to seven and one half percent (7.5%) per annum. the rights, powers, privileges, options and remedies of holder, as provided in this note, in the security agreement, or otherwise available at law or in equity shall be cumulative and concurrent, and may be pursued singly, successively or together at the sole discretion of holder, and may be exercised as often as occasion therefor shall occur.",legal,ledgar:260
where small leads become big stories. the by-line project.okp. learn more,marketing,ads:2545
"the borrower will, and will cause each of its subsidiaries to, maintain, with financially sound and reputable insurance companies (a) insurance in such amounts (with no greater risk retention) and against such risks as are (as determined in good faith by the borrower) customarily maintained by companies of established repute engaged in the same or similar businesses operating in the same or similar locations, to a date not less than six months following the maturity date and (b) all insurance required to be maintained pursuant to the security documents. the borrower will furnish to the lenders, upon request of the administrative agent, information in reasonable detail as to the insurance so maintained.",legal,ledgar:102
"schedule 3.15 sets forth, as of the effective date, (a) a correct and complete list of the name and relationship to the company of each and all of the company’s subsidiaries, (b) a true and complete listing of each class of authorized equity interests of each borrower (other than the company), of which all of such issued shares are validly issued, outstanding, fully paid and non-assessable (to the extent such concepts are applicable), and owned beneficially and of record by the persons identified on schedule 3.15, (c) the type of entity of the company and each of its subsidiaries and (d) a complete and correct list of all joint ventures in which the company or any of its subsidiaries is a partner. all of the issued and outstanding equity interests owned by any loan party in its subsidiaries have been (to the extent such concepts are relevant with respect to such ownership interests) duly authorized and issued and are fully paid and nonassessable.",legal,ledgar:35
"re: tenaska iv-cleburne plant darren, i will be meeting with sandi in the morning to get a download. i will get with you after that to assess where we need to go. thanks.-----original message-----from: farmer, daren j. sent: tuesday, june 19, 2001 1: 43 pm to: nemec, gerald subject: tenaska iv-cleburne plant gerald, i understand that you will be taking on some of sandi's projects since she left the company. i have been working with sandi on an agency agreemtent between ena and tenaska iv partners, related to the gas supply for the cleburne plant. has she brought you up to speed on what we need? we are looking into selling our stake in the plant and need to finalize the agreement as soon as we can. please let me know what you need to finish this. thanks. daren",other,enron:3336
"there are no actions, suits, proceedings or investigations pending against the company or its properties, nor has the company received notice of any threat thereof, and the company is not a party or to its knowledge subject to the provisions of any order, writ, injunction, judgment or decree of any court or government agency or instrumentality, that question the validity of this agreement, or the right of the company to enter into this agreement, or to consummate the transactions contemplated hereby, or that could reasonably be expected to have a material adverse effect or result in any change in the current equity ownership of the company, nor is the company aware that there is any basis for any of the foregoing.",legal,ledgar:145
you shall never use another user 's account without such other user 's prior express permission.,legal,unfair_tos:147
"zzzz, hello are you tired of spending a fortune on printer cartridges? are you tired of making a mess trying to refill your old cartridges? then here's your answer...... printer cartridges for up to 50% off store prices the average person spends over $150 on new cartridges per year..... don't be one of them... email today! please do not use the reply button click here: printerinkl @ cbphost. net just include your printer or cartridge type, and we will email you back the price, its that simple. this will save you lots of money!! be sure to ask about our referral discount for passing the savings on to a friend. if we don't save you $$, you have lost nothing! in addition, just reply with your printer type, and be automatically entered in our monthly $50 gift certificate drawing. we just wanted to save you some money, but to unsubscribe to this mailing email here: printerink 2 @ cbphost. net and just type ' remove ' in the subject line",marketing,enron:24908
master™ apem electronics an dec company buy direct with master ist.1963 authorized distr buy online,marketing,ads:1627
"enron / hpl actuals for november 10-12, 2000 november 10, 2000 teco tap 40. 000 / enron; 66. 667 / hpl iferc november 11, 2000 teco tap 40. 000 / enron; 104. 583 / hpl iferc november 12, 2000 teco tap 40. 000 / enron; 110. 000 / hpl iferc",other,enron:2025
"re: epgt 2 / 99 ogunbunmi, hakeem; swisher, stephen subject: re: epgt 2 / 99 & 3 / 99 deal 1038590 should cover the oasis / hpl katy pool. deal 1038591 should cover the pge / oasis pool. d-----original message-----from: olsen, michael sent: monday, september 10, 2001 1: 09 pm to: farmer, daren j. subject: fw: epgt 2 / 99 schumack, sherlyn; kinsey, lisa subject: fw: epgt 2 / 99 olsen, michael cc: schumack, sherlyn subject: re: epgt 2 / 99 swisher, stephen subject: epgt 2 / 99 & 3 / 99 mike: i have an inter-pipeline pool balance for feb. and mar. of 1999. i need a transport usage ticket to clear these balances feb. 1999 epgt meter number is 504-183 (injection) oasis meter number is 1265 (withdrawal) march 1999 epgt meter number 504-183 epgt meter number 834-134 oasis meter number 1265. hakeem ogunbunmi volume management enron net works 713-853-1801 hakeem. ogunbunmi @ enron. com",other,enron:3475
rugby xplorer live rugby. live radio. live news. download the app get it on google play download on the app store,marketing,ads:228
something on your mind? v reach out to a friend about their mental health. learn more seize the awkward ad american se jed,marketing,ads:4089
"re: i am getting a bit fed up attached please find the list of reports that you have had access to. on the home page each of these reports should be "" blue "" and any reports you do not have access to should be in "" black "". please let me know which reports not listed in the attachment you should have access to. i apologize of any inconveniences. chris abel manager, risk controls global risk operations 713. 853. 3102-----original message-----from: kitchen, louise sent: sunday, october 21, 2001 10: 57 pm to: abel, chris subject: i am getting a bit fed up with not being able to access our own reports-this is the second time i have asked. please open up the reports to me. or is there someone else i should be asking?",other,enron:13400
dying liver? 个个个 4 signs your liver can't stand your lifestyle any longer (#2 is scary!) >,marketing,ads:1922
"if any provision of this guarantee is held to be illegal, invalid or unenforceable, (a) the legality, validity and enforceability of the remaining provisions of this guarantee shall not be affected or impaired thereby and (b) the parties shall endeavor in good faith negotiations to replace the illegal, invalid or unenforceable provisions with valid provisions the economic effect of which comes as close as possible to that of the illegal, invalid or unenforceable provisions. the invalidity of a provision in a particular jurisdiction shall not invalidate or render unenforceable such provision in any other jurisdiction.",legal,ledgar:144
"profiled comapny forecasts, read before investing they is about to soar. similar companies in the field are tradlng at almost eight dollars a share. at what it's tradlng for at this time, you do the matth. their trading moving due to recent corporate marketing articles. marrkket symmbol: dbsj going at: fiffffteeeen cennnnts one week time period target: $. 99 15 month object: $4. 00 excel 1 ent buy we prevail upon you to read more about this notable corporation at any site they do investment prospectus reporting, such as quote.. com or justquotes.. com. much of the notification contained in this article may contain "" forrwarrrd loooooking sttatmentts "" witthin the meaaanning of sektion twennty sevven a of the seccurrittiees act of year 1933 and sektion 21-b of the seccurrittiees exxchhhange act of 1934. many report that express or comprise discussions with pertinance to predictions, ambitions, forcasts, theorems, tactic, predictions, aim, postulation or forward actions or performance are not announcements of historrical fact and may be "" forrwwarrrd looking statements "" be advised that no statements contained in this notice shall indicate a promise or an offer to aquistion or sel 1 any security mentioned here. this newsletter is neither a official market investment advisor nor linked with any brokerage firm or brokerage firm. this notice is not in concordence with the named corporation. this email was written and put out by an un-linked third party. this advertisment was granted american dollars to express and disseminate these conclutions through www conveyences. all accounts made are our exxpress assessments only and should be viewed with this in mind. we could retain, buy and exchange for money any securities featured at any time. this email includes "" forrwarrd loooooking statments "" contained in the intent of the prrivatte seccurrittiees litigattion reform act of 1995. it is wise do your private due dil 11 igence before invesstingg with any single profiled company. you could lose money when investtlnggg.",marketing,enron:21306
"r make a splash zen pool + bar is the place to meet. indulge with friends in a modern cabana or relax under the sun in a poolside lounger. either way, the summer is yours to enjoy. learn more",marketing,ads:4718
cara-carmo erraricrito great wines for gifting & gathering. shop now ferrari-carano,marketing,ads:189
start date: 1 / 14 / 02; hourahead hour: 11; start date: 1 / 14 / 02; hourahead hour: 11; no ancillary schedules awarded. no variances detected. log messages: parsing file-- > > o: \ portland \ westdesk \ california scheduling \ iso final schedules \ 2002011411. txt,other,enron:17722
"there may be delays, omissions, and interruptions in the availability of the service.",legal,unfair_tos:94
bath fitter save 10% off up to $400 before start today ►,marketing,ads:3166
the foregoing recitals are hereby incorporated within and made an integral part of this assignment as if fully set forth herein. capitalized terms used in this assignment but not otherwise defined shall have the meanings ascribed to them in the agreement.,legal,ledgar:87
"the plan shall become effective upon its adoption by the board. it shall continue in effect until terminated by the board. subject to applicable laws, awards may be granted under the plan upon its becoming effective.",legal,ledgar:197
"the term of this agreement shall commence on september 10, 2015 and shall continue in effect, unless terminated pursuant to paragraph 5 of this agreement (the “ term ”).",legal,ledgar:185
"re: clustering for power jaesoo, as we discussed last week on wednesday meeting can you, please, implement clustering for power curves by geographical region. this involves the following: 1. deciding together with risk control how many geographical regions we want to use and which enron's curves belong to each region. 2. deciding together with risk control how to choose core curves for each region. this decision can be maid based on the a) position size; b) statistical analysis. there might be other considerations. 3. doing regression analysis for each curve versus the corresponding core curve. winston, can is it possible to run var for the clustering results obtained by jaesoo with clustering done by sas? should we wait for the stage re-fresh and what is the status on this? tanya.",other,enron:9078
"if you repeatedly infringe other people 's intellectual property rights, we will disable your account when appropriate.",legal,unfair_tos:120
"legal marketing email is the best growing marketing tool. we offer e-marketing with quality service. 1. target email addresses we can provide target e-mail addresses you need, which are compiled only on your order. we will customize your customer email addresses. * we have millions of email addresses in a wide variety of categories. 2. send out target emails for you we can send your email message to your target customers! we will customize your email addresses and send your message for you. * we can bullet proof your web site $dedicated server. hope to hear from you soon. regards! peter www. oy 8. com support @ oy 8. com take your address: http: / / 61. 117. 43. 86 / off. html",marketing,enron:15261
"transport and logistics customer happy hour please mark your calendar for the transportation and logistics customer happy hour on thursday sept. 21 st. it will be at ninfa's starting at 4: 00 pm. thanks, pat",other,enron:1402
all questions concerning the execution of this agreement and the rights of the parties hereunder shall be decided in accordance with the laws of the commonwealth of pennsylvania.,legal,ledgar:265
coupon codes available get codes capital one shopping the coupon-finding browser extension i i,marketing,ads:64
ochen tvis cocountinl 1798 chenango county now hiring case worker & social welfare examiner apply here,marketing,ads:5816
bloomberg terminal do you want a separate bloomberg terminal or use your current monitor on your right? tammie schoppe enron americas-office of the chair assistant to louise kitchen 713. 853. 4220 office 713. 646. 8562 fax 713. 253. 2131 mobile,other,enron:13930
"* promotions guidelines: these guidelines outline the policies that apply if you offer contests, sweepstakes, and other types of promotions on facebook.",legal,unfair_tos:99
"mr. sud rebecca, i share some of your concerns regarding mr. sud. he is retired and he chose to contact us rather indirectly (or on the spur of the moment). i understand that things are done differently in different cultures but i did not meet him and could not form my judgment based on personal observations. however, the information he gave us seems to be too important not to convey to you and not to act upon. vince kaminski",other,enron:8674
"the holder hereby waives, effective as of the effective time: (i) the company’s restriction to incur indebtedness (as defined in the 2015 notes) in accordance with section 17(a) of the 2015 notes, (ii) the company’s restriction to incur liens (as defined in the 2015 notes) in accordance with section 17(b) of the 2015 notes, (iii) the company’s restriction to incur indebtedness that ranks pari passu with the 2015 notes pursuant to section 16 of the 2015 notes, (iv) the company’s restriction in incur liens (as defined in the 2015 notes) on certain types of intellectual property in accordance with section 17(g) of the 2015 notes, in each case of sections (i) – (iv), solely with respect to entering into the new transaction documents and consummating the transactions contemplated thereby, (v) any breach of the 2015 rra prior to and including the date hereof under section 2(a) of the 2015 rra for the company’s failure to have the initial registration statement (as defined in the 2015 rra) brought effective by the initial effectiveness deadline (as defined in the 2015 rra), (vi) the holder’s right to registration delay payments (as defined under the 2015 rra) prior to and including the date hereof for the company’s failure to have the initial registration statement brought effective by the initial effectiveness deadline and (vii) from and including the date hereof through august 31, 2016, the company’s obligations under section 2(a) to file or bring effective a registration statement under the 2015 rra for the resale of the registrable securities (as defined in the 2015 rra) (collectively, the “ waiver ”).",legal,ledgar:261
logitech discover lift vertical ergonomic mouse learn more natural handshake position for day-long comfort,marketing,ads:4106
"p + option valuation model mark, after recently reviewing the booking of the p + options, it is my understanding that these options are being valued using a standard spread option model where the price evolution of the two legs of the spread are assumed to be correlated geometric brownian motion processes (i. e. the price process assumptions are consistent with standard black-76 model assumptions extended to two commodities). the payoff for a call option is: payoff = max (0, a ) b ) k). where: a = nxwti (delivery price for nymex) b = posting price = (wti swap) ) (posting basis) k = posting bonus (fixed). the only complication of this option as compared to most other spread options is that leg "" b "" of the spread is a combination of three prices, the two futures prices which make up the wti swap for the given month, and the average posting basis during the delivery month. combination of these prices is easily addressed by simply setting the volatility of leg "" b "" and the correlation to correctly account for the volatility of this basket of prices and its correlation with the nxwti price. i believe that this approach is more straightforward than the alternative, which would be to use a three or four-commodity model with its associated volatility and correlation matrices. in summary, i believe that this is an appropriate model for valuation of these types of options, assuming that the inputs are set correctly. regards, stinson gibner v. p. research",other,enron:8986
get daily tips to eat well subscribe to our nutrition newsletter sign up healthline,marketing,ads:3241
"demo w / louise hey tom and sally, i just wanted to give a status report of my meeting with louise kitchen yesterday. four main issues were of confirm central were discussed: legal loose ends and ramifications, user interface, functionality, and future enhancements. starting with the legal aspect louise wanted mark taylor brought into the process. she felt his experience from eol would be useful, and would help make any seams between eol and cl disappear. i am setting up ameeting for early next week between mark t., mark g., and alan to get this process rolling. the user interface louise thought needed some work she definitely did not like the colors of the website. she had good comments on how to improve the look and feel. we will try to incorporate louise's suggestions as quickly as possible. i am not to concerned about these comments since we have spent the last 4 weeks developing functionality and have not yet focused on this issue. louise was happy with the actual functionality of the site. she actually said we did an excellent job. finally, on future relases she wanted us to focus on financial & physical power, financial & physiacl gas in the u. s. she felt that this is a market where we could make money, where enron has enough volume that we could really relieve some pain on our counterparties. other commodities such as liquids, global products, metals, she felt either did not have enough voume to justify the business model or would take to long to integrate into cl. as far as additional features to the site incorpoating an importing function for cp data was high on the list, next was reporting confirmation statistics, exporting data, and finally automatching. take away message from the meeting was that louise was extremely happy with the site and our progress to date. brad",other,enron:23585
"refinance calculator 1.99%rate 2.01%*apr *terms & conditions apply. mortgage.net. nmls #1912050 (nmisconsumeraccess.org). loan amount $530,000 credit score excellent loan term 15-year fixed ▾ calculate payment 1917 d",marketing,ads:2441
- news finan our team is dedicated to delivering you top news and information daily sign up now tnd,marketing,ads:1963
need a coupon code? get it here i | i i coupert!,marketing,ads:1378
=? utf-8? q? i can offer you the? = =? utf-8? q? superfine choice co? = =? utf-8? q? mputer programs? = i can extend you the optimum select soft with lowest workable price. we transmit by worldwide airpost for free. inspect my company website for news.,marketing,enron:30847
"each party shall be responsible for its own fees and expenses (including without limitation the fees and expenses of investment bankers, accountants and counsel) in connection with the entering into of this agreement, the performance of its obligations hereunder and the consummation of the transactions contemplated hereby; provided, that in the event of any action arising out of or relating to this agreement, the non-prevailing party in any such action will pay its own expenses and the reasonable documented out-of-pocket expenses, including without limitation reasonable attorneys' fees and costs, reasonably incurred by the prevailing party.",legal,ledgar:127
start date: 2 / 6 / 02; hourahead hour: 8; start date: 2 / 6 / 02; hourahead hour: 8; no ancillary schedules awarded. no variances detected. log messages: parsing file-- > > o: \ portland \ westdesk \ california scheduling \ iso final schedules \ 2002020608. txt # # # cannot locate a preferred or revised _ preferred schedule that matches the final individual interchange schedule. unable to assign deal number.,other,enron:18033
"research prc next steps the pep system is no longer available to accept feedback from reviewers. if necessary, you can still call the employee's reviewers who have not submitted feedback via the pep system. verbal feedback can be included as part of the consolidated review. the following is a list of action items for next steps for supervisors: action item deadline print consolidated feedback wednesday, nov 22 thanksgiving holidays thursday-friday november 23-24 review / approve employees peer group and supervisor (hr will provide report by 11 / 21) tuesday, november 28 pre-rank employees based on consolidated feedback tuesday, november 28 send pre-rankings to norma via encrypted e: mail wednesday, november 29 vince will review pre-rankings monday, december 4, 2000 ena research prc meeting friday, december 8 written / verbal review provided to employee december 20-january 20 signed review form due to hr january 27, 2000 forward to appropriate parties, with sensitivity of the confidentiality of this information. if you have questions regarding the prc process please feel free to call me. norma villarreal x 31545",other,enron:7689
"safety bulletin the team concept has given us numerous opportunities for improvements over the past several years with team members continuing to be recognized and rewarded for their positive efforts and accomplishments. as accomplishments are made, trust and responsibilities increase, and the team experiences growth, maturity, and the associated rewards. a part of this growth and maturity must include the realization and acceptance of the teams responsibility to monitor and enforce company policies and procedures. as you heard from me in 2000, i will protect those who are complying with and enforcing our requirements, but i have zero tolerance for those who choose not to do so. along with the rewards for positive efforts, there are also consequences for those who fail to act when circumstances call for action. during the year 2000, several ets employees received disciplinary action as a result of their failure to act and / or ignoring safe work practices. these cases were distributed to all employees in the form of a safety bulletin. it has been my intention that we all learn from these instances to make our work place even safer. as we publish this first, and hopefully only, safety bulletin in 2001, i would like to share with you two instances from last year. after repeatedly counseling a fellow team member observed violating several safety requirements (including hard hat, safety glasses, frc), one team took action, which ultimately resulted in this person being discharged. while this may seem to be a harsh outcome, it is much better than the person injuring themselves, or even worse, a fellow team member. this person had others expressing concern over his well-being and chose to ignore the warnings. individual team members acted on their responsibility and the team as a whole accepted their accountability. in the second case, a team member chose to drive a company vehicle without using a seatbelt. the employee was involved in an accident ejecting him from the vehicle, causing injuries that could have been prevented if the seat belt would have been properly used. this employee is lucky to be alive. use of seat belts by all occupants of company vehicles is one of the most basic elements of our program and has been a requirement for over 20 years. as the use of seat belts is habit forming, could this have been the first time the employee failed to use them? is it possible that other team members had observed this failure in the past and not acted? could this have been prevented through positive interaction? had positive interaction been taken but ignored? when the declaration of interdependence was introduced in 1998, we made the commitment to each other that we would be our brothers and sisters keeper and to remind each other of the need to comply with safety requirements at all times. while some employees may feel uncomfortable enforcing our requirements, that does not relieve the person from their responsibility. likewise, a team is responsib",other,enron:28473
"registration for "" north american gas storage conference ""-june 22, 2001 please register wincenty j. (vince) kaminski, managing director, research enron wholesale services, to the subject conference to be held in houston on june 22, 2001. if you need more information, please contact me at: shirley crenshaw administrative coordinator enron research group 713-853-5290 email: shirley. crenshaw @ enron. com",other,enron:9252
"however, with regards to installable software that was delivered on a physical storage medium, you may transfer the entire software and accompanying documentation on a permanent basis to another person as long as you retain no copies (including archival or backup copies) of the software, accompanying documentation, or any portion or component of the software accompanying documentation, and the recipient agrees to the terms of this eula the software is intended for private use only.",legal,unfair_tos:37
"the plan was adopted effective as of january 1, 2013 (the “effective date”). the plan hereby is amended and restated effective as of january 1, 2015 (the “restatement effective date”).",legal,ledgar:153
save up to 35% find your dream hotel momondo search now,marketing,ads:3770
"re: spam hi my name is jason, i recently visited bruce. pennypacker. org / spamrules. html and wanted to offer my services. we could help you with your spam website. we create websites that mean business for you! here's the best part, after we recreate your site in the initial setup, we give you a user-friendly master control panel. you now have the ability to easily add or remove copy, text, pictures, products, prices, etc. when you want to! i would be happy to contact you and brainstorm some ideas. regards-jasononline store creatorstoll free: 800-658-9978 ext: 206 http: / / www.. com",marketing,enron:25873
philipp plein black friday subscribe to get the early access,marketing,ads:1617
please provide us with the following information in your notice of a suspected copyright violation:,legal,unfair_tos:43
thank you!!!! gring dep show them your support operation gratitude,marketing,ads:3497
"entouch if your team would like to contribute to this week's newsletter, please submit your business highlight or quote by noon, wednesday, february 28. thank you! kathie grabstald x 3-9610",other,enron:11084
"alapeño's bar & grill thank you to our staff and the community for voting us best mexican restaurant! family owned and operated, proudly serving the community for 15 years! visit us",marketing,ads:834
the federal arbitration act governs the arbitrability of all disputes between you and onavo.,legal,unfair_tos:75
"custom-marketing to webmaster @ ezmlm. org: email is the best promote tool. we offer online marketing with quality service. 1. target email list we can provide target email list you need, which are compiled only on your order. we will customize your client email list. * we have millions of lists in a wide variety of categories. 2. send out target list for you we can send your email message to your target clients! we will customize your email list and send your message for you. our site: www. marketingforus. com * we also offer web hosting & mail server. regards! jason marketing support sales @ marketingforus. com no. thanks: byebye @ msn. com? subject = webmaster @ ezmlm. org",marketing,enron:32086
ashley update the look of your updated space shop now → fea andr,marketing,ads:4130
"ppi index short-term models hi martina i believe that the forecasts are accurately reflecting this. please see graphs below: both models really need our rpi curve to be linked (at the moment i have just copied the 2. 3% number forward). because the auto-regressive error term is not very important, we can run the models forward with reasonable confidence. as i mentioned, i don't think we can really run this model more than 12 months, in fact, i think we should run for 9-12 months and blend the next 3-4 months out with the long-term model. hope i can fix the long-term ones now with some new insight! regards, anjam x 35383 pllu: dzcv:",other,enron:5771
find your match dc edgebanding grommets brackets distributing www.dc-dist.com,marketing,ads:3976
"fw: power: edison mission energy lines up $750 mln loan to refinance debt fyi-----original message-----from: jon cartwright [mailto: jcartwright @ fi. rjf. com] sent: thursday, july 26, 2001 3: 02 pm to: rjf energy-gram (e-mail) subject: power: edison mission energy lines up $750 mln loan to refinance debt 2001-07-26 15: 30 (new york) rosemead, california, july 26 (bloomberg)-- edison mission energy, a subsidiary of edison international, is lining up a $750 million loan to help refinance $1. 25 billion of maturing bank debt, according to people close to the company. credit suisse first boston is leading the transaction, which will be held by a small number of banks, those familiar with the loan said. the generating company is a separate legal entity from edison and its insolvent utility subsidiary, southern california edison. a holding company that owns all of edison mission's stock was set up earlier this year to protect the company's assets in case the utility ends up in bankruptcy. ` ` it would be harder to get any financing done at any of the edison subsidiaries after a bankruptcy filing ' ' by southern california edison, said jon kyle cartwright, a senior energy credit analyst at raymond james & associates, inc. in st. petersburg, florida. edison mission borrowed from its three bank lines and has to repay bank debt of $250 million by mid-august. the new loan will replace the $1 billion of bank credit lines that the company has to repay by oct. 10, the people said. ` ` getting this financing done is probably one of the reasons that socaled hasn't filed ' ' for bankruptcy protection, cartwright said. negotiating a solution southern california edison ran up more than $5. 4 billion in debts to pay for soaring wholesale power costs last year. the state's power deregulation laws prohibited the company from passing on those costs in the form of higher consumer rates. in an effort to conserve cash, the utility defaulted on more than $930 million of notes and commercial paper in january. the utility also owes energy providers more than $1 billion. any three unsecured creditors can file a petition to put the utility into involuntary bankruptcy. ted craver, chief financial officer at edison, said that the company believes that bankruptcy isn't an answer to the ` ` political / regulatory problem ' ' that put the utility into this position. ` ` we continue to seek a negotiated solution to restore ' ' the utility's creditworthiness, craver said on a conference call with investors holding the defaulted debt. while southern california edison is junk-rated, edison mission energy has the lowest investment grade credit ratings-- ` ` bbb-' ' from standard & poor's and ` ` baa 3 ' ' from moody's investors service. investment grade edison mission sold $600 million of 10-year notes in april, which are trading between 96 and 97 cents on the dollar, up from between 92. 5 and 95 cents on the dollar at the end of june. moody's based the company's investment grade rati",other,enron:12317
"re: i know that power will open at 6: 30. will the gas markets be open then? we figured that we might go with 7 so that both were open.-----original message-----from: kitchen, louise sent: tue 9 / 11 / 2001 7: 36 pm to: kean, steven j.; denne, karen; koenig, mark; palmer, mark a. (pr); palmer, mark a. (pr); lavorato, john cc: whalley, greg; derrick jr., james subject: re: lavo said 6: 30 am? we will have 7: 00 am on the home page-let me know (or jay webb if it wants changing.)-----original message-----from: kean, steven j. sent: tuesday, september 11, 2001 7: 27 pm to: kean, steven j.; denne, karen; koenig, mark; palmer, mark a. (pr); palmer, mark a. (pr); lavorato, john; kitchen, louise cc: whalley, greg; derrick jr., james subject: re: first quote from greg should read: "" we see no reason for gas and power markets to become unstable in the aftermath of yesterday's tragedies ""...-----original message-----from: kean, steven j. sent: tue 9 / 11 / 2001 7: 19 pm to: denne, karen; koenig, mark; palmer, mark a. (pr); palmer, mark a. (pr); kean, steven j. cc: whalley, greg; derrick jr., james subject: see draft release for first thing in the am. enron appeals for calm in us natural gas and power markets enron appealed today for calm in us natural gas and power markets. enron will be available to buy and sell natural gas and power both over the phone and through its online platform enrononline. "" we see no reason for gas and power markets to panic in the aftermath of yesterday's tragedies, "" said greg whalley, president and chief operating officer. "" these are domestic commodities and the physical infrastructure is secure and operating. "" enrononline will be open for gas and power transactions from 7: 00 am to 12: 00 noon, cdt to enable market participants to make purchases and sales and adjust their positions as necessary. [boilerplate]",other,enron:12777
"re: kenneth parkhill stinson: norma has checked the internal equity in the group, and kenneth is fine in a senior specialist spot at that salary. i will be happy to extend an offer to him. did you discuss anything concerning the relocation package with kenneth? molly x 34804 stinson gibner 11 / 01 / 2000 06: 18 pm to: molly magee / hou / ect @ ect cc: vince j kaminski / hou / ect @ ect subject: kenneth parkhill molly, we would like to go ahead with an offer to kenneth. after talking to him again, i think he will accept. we would like to offer him the equivalent package to an incoming associate, which i understand would be $76 k base and a signing bonus of $20 k. he position would be a specialist or senior specialist (whichever fits the salary) reporting to me. thanks for your help, stinson x 34748",other,enron:7488
"exposure to 100's of thousands monthly.-gqa hey i just found an super deal for you to put your website promotion on autopilot, you wont have to worry about it ever again. here's all the details: http: / / www. 37 khitsnow. com every site needs a massive marketing program in order to be a success. the most essential part of any campaign is traffic and sales. its easy to get exposure to hundreds of thousands every month. imagine-your traffic and sales problem solved forever. what will you do with all the extra time on your hands? spots in this program are limited, so hurry on over: http: / / www. 37 khitsnow. com no more?: http: / / www. 37 khitsnow. com / opts. html apothecary bismark companion amidst cacti. schoolmaster apply gave nate variable. barrier christen tellurium fusty asynchronous. begrudge ambush extroversion metabole immunization. spiny cassiopeia tumultuous cacao citric. dualism croquet haley insurmountable reformatory. bushnell bridle defer osier snakelike. broom kirk pebble sketchpad reindeer. orange distaff minesweeper leatherneck regulatory. lookup erickson hath proprietary vasquez. timon escritoire amphetamine patrimonial abater. adsorptive anarch embroider fix palladia. gelatine raytheon maloney illiteracy ambitious. impious captor dexter veteran decrypt. greatcoat kraut spinal needlepoint labour. paul chordata fuss silage cartilage.",marketing,enron:21811
"if you believe that microsoft has charged you in error, you must contact us within 90 days of such charge.",legal,unfair_tos:155
"skype reserves the right to change the terms related to skype numbers and/or skype to go numbers, including without limitation to impose or amend any residency requirements and/or require the provision of further user information for continued access to such numbers.",legal,unfair_tos:132
"if you do not agree at that time, you are not permitted to use the services.",legal,unfair_tos:27
"zynga may, in its sole discretion limit, suspend, terminate, modify, or delete accounts or access to the service or any portion of it and prohibit access to our games and sites, and their content, services and tools, delay or remove hosted content and zynga is under no obligation to compensate you for any such losses or results.",legal,unfair_tos:10
"re: fyi---------------------- forwarded by david baumbach / hou / ect on 07 / 17 / 2000 11: 07 am---------------------------enron north america corp. from: megan parker @ enron 07 / 17 / 2000 10: 43 am to: david baumbach / hou / ect @ ect cc: subject: re: since we cannot fix the deal, go ahead and put a fixed price of $2. 81359 on both lines of the may 2000 deal. this will allow us to pay correctly. if you can, please put some comments in the deal noting the true deal price so we have an audit trail. just let me know when it is done. thanks, megan",other,enron:1201
"the company has all requisite corporate power and, except for the filing of the certificate of designation with the secretary of state of the state of delaware, has taken all requisite action on the part of the company, its officers, directors and stockholders necessary for (a) the authorization, execution and delivery of the related agreements, (b) the authorization of the performance of all obligations of the company thereunder, and (c) the authorization, issuance (or reservation for issuance) and delivery of the preferred securities and warrants. each of the related agreements has been (or upon delivery will have been) duly executed by the company and is, or when delivered in accordance with the terms hereof, will constitute a valid and binding obligation of the company enforceable against the company in accordance with its terms, except as may be limited by: (i) applicable bankruptcy, insolvency, reorganization or other laws of general application relating to or affecting the enforcement of creditors’ rights generally; (ii) applicable united states federal or state securities laws limits on indemnification; and (iii) the effect of rules of law governing the availability of equitable remedies.",legal,ledgar:48
"all payments hereunder shall be made free and clear, and without deduction or withholding, or on account of any present or future taxes, duties, levies, withholdings or other similar charges, including any interest, additions to tax and penalties (“ taxes ”). each party acknowledges that the purchase price for the goods and services provided hereunder does not include any value added taxes, which may be charged in addition if legally owed by celgene. each party shall bear any taxes imposed on such party in connection with the performance of this agreement. if any stamp duty is payable on this agreement, it shall be borne by beigene. beigene shall bear all customs duties or other fees or charges in connection with the import of the product. celgene shall have the right to set-off any amounts due to celgene under this agreement from beigene for any purpose under this agreement.",legal,ledgar:93
"re: i am zhendong sure thing!-----original message-----from: kaminski, vince sent: thursday, april 12, 2001 3: 21 pm to: molly magee / hou / ect @ enron cc: gibner, stinson; crenshaw, shirley subject: i am zhendong molly, we would like to hire this person for the summer (standard offer). thanks. vince---------------------- forwarded by vince j kaminski / hou / ect on 04 / 12 / 2001 03: 22 pm---------------------------zhendong xia on 04 / 11 / 2001 09: 14: 01 pm to: vince. j. kaminski @ enron. com cc: subject: i am zhendong hi, dr. kaminski: i am zhendong, the student of dr. deng. i think dr. deng has sent my resume to you. i am very happy to have an opportunity to work with you this summer. i am a student in both ms qcf and ph. d eda programs in georgia tech now. i plan to find a job in industry instead of academic after my graduation. so i intend to do internship during the process of prusuing my degree to acquire some experience for my future career. i hope to start on 5 / 14 / 2001 and end on 8 / 17 / 2001. thanks a lot. zhendong xia georgia institute of technology school of industrial and systems engineering email: dengie @ isye. gatech. edu dengie @ sina. com tel: (h) 404-8975103 (o) 404-8944318",other,enron:9032
"re: follow-up interview on 8 / 21 / 00 dear vince, thank you very much for updating me on the status of my job application.? i got another good news last week.? i am happy to inform you i passed the 2000 cfa level i examination. the pass rate for level i examination this year is 52%. i look forward to hearing from you. sincerely, rabi de??? vince. j. kaminski @ enron. com wrote: rabi, thanks for your message. everybody who interviewed you was greatly impressed with your technical skills and professional attitude. we shall extend an offer to you within a day or two. vince rabi deon 08 / 22 / 2000 02: 57: 37 pm to: vince kaminsky cc: subject: follow-up interview on 8 / 21 / 00 dear dr. kaminsky: thank you very much for arranging the follow-up interview with your internal clients. i visited mr. ted murphy and his staff at rac and mr. dennis benevides at ees yesterday. i was impressed with level of risk technology employed by enron to achieve its business objectives. i want to reiterate my strong interest in joining your group, which is held in very high esteem both inside and outside of enron.? i look forward to h! earing from you. sincerely, rabi s. de do you yahoo!? yahoo! mail-free email you can access from anywhere! do you yahoo!? yahoo! mail-free email you can access from anywhere!",other,enron:6917
"daren, i have no problem sticking around with the group, it is a compliment and i am glad that you all appreciate what i have been able to contribute to the group. i just want your opinion on something. one of my many goals while a part of the analyst program is to become a senior analyst or third year analyst. it is a promotion that also brings with it a bit of a pay increase. in no way do i want to imply greed, or that i will only stay for money, but if in your opinion i may be deserving of this, then maybe we could run it by bob or the program, or whoever is in control of that. just a thought, let me know what you think. mike",other,enron:3588
"article: ' dynegydirect arrives in uk ' (enron mention) please find attached the above article from the european electricity report, september 5, 2001. kind regards sarimah black",other,enron:12708
"data room binders complete came up to the 6 th floor to see you a little after 5: 00 today, but it was very quite on 6. sorry that i missed you. i had earlier delivered to mary cook 5 binders of operational information for ea. brought my copy by just to show you what we had put together. mary is planning to e-mail you the index list from the binders. the binders are well-organized, color-coded and filled with information that appropriately addresses the controls and operational reporting that are used in managing the gas and power business. i will take my copy home with me over the weekend so that i can address any questions that may come up. we expect to substitute a more updated version of our cash collections process flow on monday, assuming that leslie reeves has returned from jury duty. she apparently has the "" prettier "" version of the process flow, but has been tied up fullfilling her civic duty.-sally weekend numbers: home 281-370-8568 cell 713-417-1591",other,enron:14374
collaborate on video transcripts) with remote teams! speech to text to magic trint speech to text to magic get started,marketing,ads:1673
nom change for increased midcon gas...---------------------- forwarded by ami chokshi / corp / enron on 06 / 29 / 2000 02: 50 pm---------------------------royal _ b _ edmondson @ reliantenergy. com on 06 / 29 / 2000 12: 13: 38 pm to: ami _ chokshi @ enron. com cc: subject: nom change for increased midcon gas... (see attached file: hpl-june. xls)-hpl-june. xls,other,enron:1107
"your order n 50-289-9705 will be executed and will be delivered dear customer, my name is goldie brand, i sel 1 license software product. i want to remind you that we are offering now more than 85000 popular software for low price with your personal customer's discount. for low price with your personal customer's discount. please spend few moments of yours precious time to check our updated software store: http: / / rodgers. potuyq. com / 12 / with regards, customer service department, goldie brand",marketing,enron:20060
"neither the borrower nor any of its restricted subsidiaries is engaged in any unfair labor practice that would reasonably be expected, either individually or in the aggregate, to have a material adverse effect. there is (i) no unfair labor practice complaint pending against the borrower or any of its restricted subsidiaries or, to the knowledge of the borrower, threatened in writing against any of them, before the national labor relations board, and no grievance or arbitration proceeding arising out of or under any collective bargaining agreement is so pending against the borrower or any of its restricted subsidiaries or, to the knowledge of the borrower, threatened in writing against any of them, (ii) no strike, labor dispute, slowdown or stoppage pending against the borrower or any of its restricted subsidiaries or, to the knowledge of the borrower, threatened against the borrower or any of its restricted subsidiaries, (iii) no union representation question exists with respect to the employees of the borrower or any of its restricted subsidiaries, (iv) no equal employment opportunity charges or other claims of employment discrimination are pending or, to the borrower’s knowledge, threatened in writing against the borrower or any of its restricted subsidiaries and (v) no wage and hour department investigation has been made of the borrower or any of its restricted subsidiaries, except (with respect to any matter specified in clauses (i) – (v) above, either individually or in the aggregate) such as, individually or in the aggregate, would not reasonably be expected to have a material adverse effect.",legal,ledgar:64
the agreements in this section 9.7 shall survive termination of this agreement.,legal,ledgar:211
"re: consulting arrangement thanks vince---i will be teaching this afternoon. if you can't reach me this morning, we can talk tomorrow. sheridan at 05: 28 pm 1 / 24 / 01-0600, you wrote: > > sheridan, > > i have just checked with rac (david gorte) and we have a green light > to go ahead with the project. i shall you tomorrow to discuss the details. > > vince > > > > > > sheridan titman on 01 / 24 / 2001 02: 45: 50 pm > > to: > cc: > subject: consulting arrangement > > > vince: > > i just wanted to check with you regarding the consulting arrangement we > discussed a couple of weeks ago. > > perhaps, we should start with just a 1 or 2 day contract where i give some > thoughts to the kind of issues that we discussed and come to houston to > present my preliminary thoughts and possible avenues for additional work. > > regards, > > sheridan > sheridan titman > department of finance > college of business administration > university of texas > austin, texas 78712-1179 > > 512-232-2787 (phone) > 512-471-5073 (fax) > > titman @ mail. utexas. edu > > > > > > sheridan titman department of finance college of business administration university of texas austin, texas 78712-1179 512-232-2787 (phone) 512-471-5073 (fax) titman @ mail. utexas. edu",other,enron:8362
"notwithstanding the termination of the executive’s employment, or the manner of termination, the provisions of sections 6 and 7 of this agreement and the non-disclosure agreement shall survive such termination.",legal,ledgar:242
"no ownership of numbers: if skype allocates to you a skype number (previously known as `` online number '') or skype to go number, you do not own the number or have a right to retain that number forever.",legal,unfair_tos:112
"re: coastal oil & gas corporation daren, fyi. bob---------------------- forwarded by robert cotten / hou / ect on 07 / 11 / 2000 11: 48 am---------------------------enron north america corp. from: melissa graves 07 / 11 / 2000 08: 17 am to: robert cotten / hou / ect @ ect cc: vance l taylor / hou / ect @ ect subject: re: coastal oil & gas corporation albrecht # 4 well meter 098-4179, goliad co., tx bob, yes, when i typed the original message i had to double check the price as well. the request is for if / hsc and not gas daily. thank you, melissa enron north america corp. from: robert cotten 07 / 10 / 2000 05: 17 pm to: melissa graves / hou / ect @ ect cc: subject: re: coastal oil & gas corporation albrecht # 4 well meter 098-4179, goliad co., tx melissa, i have been asked to confirm that the price is houston ship channel index rather than gas daily? please advise. thanks. bob enron north america corp. from: melissa graves 07 / 10 / 2000 02: 18 pm to: hillary mack / corp / enron @ enron cc: robert cotten / hou / ect @ ect subject: re: coastal oil & gas corporation albrecht # 4 well meter 098-4179, goliad co., tx hillary, see below for your answer. thanks, melissa---------------------- forwarded by melissa graves / hou / ect on 07 / 10 / 2000 02: 17 pm---------------------------joanne wagstaff @ enron 07 / 10 / 2000 02: 14 pm to: melissa graves / hou / ect @ ect cc: robert cotten / hou / ect @ ect subject: re: coastal oil & gas corporation albrecht # 4 well meter 098-4179, goliad co., tx melissa, i have confirmed through emails from bob walker that the name of the counterparty for the albrecht # 4 well is coastal oil & gas corp. please let me know if you have any questions. thanks, joanne x 68228 from: melissa graves @ ect 07 / 10 / 2000 10: 14 am to: joanne wagstaff / na / enron @ enron cc: robert cotten / hou / ect @ ect subject: re: coastal oil & gas corporation albrecht # 4 well meter 098-4179, goliad co., tx joanne, can you confirm the counterparty name on this please. thanks, melissa---------------------- forwarded by melissa graves / hou / ect on 07 / 10 / 2000 10: 13 am---------------------------enron north america corp. from: robert cotten 07 / 10 / 2000 10: 11 am to: melissa graves / hou / ect @ ect cc: subject: re: coastal oil & gas corporation albrecht # 4 well meter 098-4179, goliad co., tx melissa, hillary mack called me about the following deal. he believes the counterparty should be coastal oil & gas usa, l. p. rather than coastal oil & gas corp. please advise. thanks. bob---------------------- forwarded by robert cotten / hou / ect on 07 / 10 / 2000 10: 08 am---------------------------enron north america corp. from: robert cotten 07 / 10 / 2000 09: 01 am to: melissa graves / hou / ect @ ect cc: daren j farmer / hou / ect @ ect, o ' neal d winfree / hou / ect @ ect, susan smith / hou / ect @ ect, vance l taylor / hou / ect @ ect, george weissman / hou / ect @ ect, hillary mack / corp / enron @ enron, amelia alland / hou / ect @ ect",other,enron:1164
"avoid trip hazards, stairs, low ceilings, fragile or valuable items that could be damaged.",legal,unfair_tos:6
enhance your expertise with drexel's school of education online education degree and certificate programs drexel university,marketing,ads:5803
"delivered: re: enron bid, cps rfq 14886-bid clarification / quest ions > your message to: bswilliams @ cps-satx. com; dfarmer @ enron. com cc: pawiatrek @ cps-satx. com; ddmcwhirter @ cps-satx. com; mdwerner @ cps-satx. com subject: re: enron bid, cps rfq 14886-bid clarification / questions sent: thu, 12 jul 2001 15: 47: 26-0500 was delivered to the following recipient (s): williams, barry s. on thu, 12 jul 2001 15: 48: 02-0500 message-id: from: daren. j. farmer @ enron. com to: bswilliams @ cps-satx. com, dfarmer @ enron. com cc: pawiatrek @ cps-satx. com, ddmcwhirter @ cps-satx. com, mdwerner @ cps-satx. com subject: re: enron bid, cps rfq 14886-bid clarification / questions date: thu, 12 jul 2001 15: 47: 26-0500 return-receipt-to: daren. j. farmer @ enron. com mime-version: 1. 0 x-mailer: internet mail service (5. 5. 2653. 19) x-ms-embedded-report: content-type: text / plain",other,enron:3381
"only our software is guaranteed 100% legal. name-brand software at low, low, low, low prices everything comes to him who hustles while he waits. many would be cowards if they had courage enough.",marketing,enron:26164
"the effective date of this agreement shall commence on the date first written above (“ effective date ”) and shall end on the earlier of (a) subject to extension in order to give effect to the notice and cure provisions contained in the definition of good reason, the second anniversary of the date a change in control occurs, or (b) the date on which executive experiences a separation from service under circumstances that do not constitute a covered termination; provided that terms of this agreement which must survive the termination this agreement in order to be effectuated (including the provisions of sections 2, 3, 6, 7 and 8) will survive.",legal,ledgar:7
capitalized terms used in this agreement that are not otherwise defined in this agreement are defined in appendix a.,legal,ledgar:283
almac almac pharma services tailor-made solutions you can rely on find out more almac,marketing,ads:6584
45% of airbnb hosts in colorado say hosting helped them afford to stay in their learn more source: self-reported via survey to hosts @,marketing,ads:4750
"this agreement shall be interpreted in accordance with the laws of the commonwealth of pennsylvania, without regard to its principles of conflicts of law. any action relating to this agreement shall be instituted in the commonwealth of pennsylvania, bucks county, and the parties agree to submit to the jurisdiction of the state and federal courts of pennsylvania for this purpose.",legal,ledgar:290
"clickathome is coming soon! want a new high speed computer? 866 mhz pentium iii processor fast enough? want high speed internet? broadband, cable modem, dsl, satellite. then get ready... all eligible u. s. employees get innovative at home beginning march, 2001. go to http: / / clickathome. enron. com to learn more about the offerings. non-u. s. eligible employees get innovative at home beginning late 2001 and 2002.",other,enron:28487
"the institution of any litigation, arbitration proceeding or governmental proceeding on the borrower, the servicer, the performance guarantor, the transferor, or any originator, which with respect to any person other than the borrower, could reasonably be expected to have a material adverse effect.",legal,ledgar:165
"executive will receive an annual base salary of $175,000 per year effective as of march 28, 2016, less applicable payroll withholdings and payable in accordance with cdti’s normal payroll practices. this salary shall be subject to annual review by cdti in accordance with its general policies as in effect from time to time.",legal,ledgar:275
"except to the extent expressly permitted in sections 11.3.b and 11.3.c or in connection with the exercise of a redemption right pursuant to section 8.6, a limited partner may not transfer all or portion of its partnership interest, or any of such limited partner’s rights as a limited partner, without the prior written consent of the general partner, which consent may be withheld in the general partner’s sole and absolute discretion. any transfer otherwise permitted under sections 11.3.b and 11.3.c shall be subject to the conditions set forth in section 11.3.d and 11.3.e, and all permitted transfers shall be subject to section 11.4, section 11.5 and section 11.6.",legal,ledgar:298
new value lab fyi..... ajo---------------------- forwarded by amy oberg / hou / ees on 08 / 16 / 2000 02: 22 pm---------------------------richard causey @ enron 08 / 16 / 2000 01: 42 pm to: amy oberg / hou / ees @ ees cc: subject: re: update i have a conference call scheduled with them on friday. thanks to: richard causey / corp / enron @ enron cc: subject: update rick: we're trying to reschedule the new value lab meeting. what's the status of your conversation w / your collegues at aa? thanks. amy,other,enron:6807
ex3 hans pic walmart shoppers dressed to kill ara *** ww,marketing,ads:1485
"these pages, the content and infrastructure of these pages, and the online reservation service provided on these pages and through the website are owned, operated and provided by booking.com b.v. and are provided for your personal, non-commercial use only, subject to the terms and conditions set out below.",legal,unfair_tos:29
"the next generation in online meetings! gotomeeting: the next generation in online meetings has arrived-try it free today! gotomeeting is the easiest and most cost-effective way to organize and attend secure online meetings. sign up for a free trial today with no obligation to buy! host meetings on-the-fly with sales prospects, perform live demos in real-time to multiple customers or collaborate on projects with your colleagues. you'll be able to host unlimited online meetings-with up to 10 attendees per meeting! 1. sales demonstrations: give spontaneous demonstrations during sales calls. 2. presentations: conduct presentations as if you were in the same room with your attendees. 3. collaboration: boost productivity by collaborating with colleagues in real-time. 4. training: save the hassle and expense of travel by conducting live training sessions with gotomeeting. find out for yourself how gotomeeting can change the way you do business. try it free today! affid: zoolant 66673 getresponse marketing p. 0 box 1451 waterfall, south africa 3652 this e-mail message is an advertisement and / or solicitation.",marketing,enron:25406
"from and after the date hereof, the company shall not, and shall use its commercially reasonable efforts to ensure that no affiliate of the company shall, sell, offer for sale or solicit offers to buy or otherwise negotiate in respect of any security (as defined in section 2 of the securities act) that may reasonably be expected to be integrated with the offer or sale of the shares in a manner that would require the registration under the securities act of the sale of the shares to the purchaser, or that may reasonably be expected to be integrated with the offer or sale of the shares for purposes of the rules and regulations of any trading market such that it would require the company to obtain stockholder approval prior to the closing or the closing of such other transaction.",legal,ledgar:101
we can't wait... aer lingus book now terms and conditions apply,marketing,ads:3293
re: integration meeting who is comming in on thur-------------------------- sent by mark muller,other,enron:14449
there may be more limited discovery than in court.,legal,unfair_tos:129
"this agreement is binding upon and shall inure to the benefit of the members, the company, and their respective executors, administrators, successors, and legal representatives.",legal,ledgar:76
"98-2601 hi daren, i'm attempting to clear the above mentioned meter from an error report (revenue volume comparison report). howard apprised me, in a meeting last week, that the reason this meter is appearing in the aforementioned report is due to no volumes being scheduled in pops but volumes appearing in mops. the volumes @ this meter is for 4449 (sitara deal tickets 240095 and 227697. due to this being a "" check meter "" the volumes will not bridge to pops from mops. i'd like to request to revise the nome of 4449 to show "" 0 "" instead. can you approve this modification? thanks-jackie -",other,enron:711
"services shall include, but not be limited to, any services vivino performs for you, any applications or widgets offered by vivino that you download from the site or, subject to the terms set out under the `` third party sites and services '' section below, from third party application stores (e.g., itunes ® store, blackberry app world ™, or google apps marketplace) authorized by vivino, as well as the offering of any materials displayed or performed on or through the services (including content (as defined below)).",legal,unfair_tos:125
the best of san 23 antonio current,marketing,ads:5746
"sales down? accept credit cards font-size: 12 px; color: # 000080 }. footer { font-family: verdana, arial, helvetica, sans-serif; font-size: 10 px; color: # 000000 } a: link { text-decoration: none; color: # 0808 fl } a: visited { text-decoration: none; color: # 0808 fl } a: active { text-decoration: none; color: # ffo 000 } a: hover { text-decoration: none; color: # 1 b 3351 } no money down merchant accounts! if you own your own business, you're starting a new business or know someone who is... being able to accept major credit cards can make all the difference in the world! click here just the fact that you accept credit cards adds credibility to your business. especially if you are a new, small or home based business. no payment for the first month! setup within 3-5 days approval is quick and our set up times range from 3-5 days. guaranteed approval on all leases for equipment or software. bad credit, no credit, no problem! accept credit cards online or offline!! click here if you'd like to be removed from our mailing list, please click on the link below. we protect all email addresses from third parties. thank you. please remove me.",marketing,enron:24356
aal alfred state college of play the week weny sports alfred state pioneers vote here!,marketing,ads:5889
"we do not control, and are not responsible for, controlling how or when our users use our services or the features, services, and interfaces our services provide.",legal,unfair_tos:127
tom sinas voted best personal injury attorney in grand rapids best of grand rapids 2020-21 readers p s sinas dramis since 1951,marketing,ads:3191
"the borrowers agree, on a joint and several basis, (a) if the closing date occurs, to pay or reimburse the administrative agent and the arranger for all reasonable and documented out-of-pocket costs and expenses incurred in connection with the preparation, negotiation, syndication, execution, delivery and administration of this agreement and the other loan documents, and any amendment, waiver, consent or other modification of the provisions hereof and thereof (whether or not the transactions contemplated thereby are consummated), and the consummation and administration of the transactions contemplated hereby and thereby, including all attorney costs, which shall be limited to jones day and, if reasonably necessary, one local counsel in each relevant jurisdiction (which may include a single special counsel acting in multiple jurisdictions) material to the interests of the lenders taken as a whole and (b) from and after the closing date, to pay or reimburse the administrative agent, the l/c issuers and the lenders for all reasonable and documented out-of-pocket costs and expenses incurred in connection with the enforcement or protection of any rights or remedies under this agreement or the other loan documents (including all such costs and expenses incurred during any legal proceeding, including any proceeding under any debtor relief law, and including all respective attorney costs, which shall be limited to attorney costs of one counsel to the administrative agent and the lenders taken as a whole and, if reasonably necessary, one local counsel in each relevant jurisdiction material to the interests of the lenders taken as a whole and, solely in the case of an actual or perceived conflict of interest, one additional counsel in each relevant jurisdiction to each group of similarly situated affected parties). the agreements in this section 10.04 shall survive the termination of the aggregate commitments and repayment of all other obligations. all amounts due under this section 10.04 shall be paid within 30 days following receipt by the borrower representative of an invoice relating thereto setting forth such expenses in reasonable detail. if any loan party fails to pay when due any costs, expenses or other amounts payable by it hereunder or under any loan document, such amount may be paid on behalf of such loan party by the administrative agent in its discretion following five business days’ prior written notice to the borrower representative. for the avoidance of doubt, this section 10.04 shall not apply to taxes, except any taxes that represent costs and expenses arising from any non-tax claim.",legal,ledgar:295
"new donors receive up to $800 your first month. biomat usa 2120 southwest 6th ave, topeka (785) 233-0079 2002 gr all nights scan to learn more! grifols network of plasma donation centers",marketing,ads:6292
"barrister thambo i am barrister andrew thambo an attorney of clifford alexander's attorney in johannesburg, south africa. a special client of mine mandated me to look for over sea's company, agent or an individual who can act as his over sea's partner's in his proposed investment in real estate / property in their country and also investment in some blue chip company's however the companies or individual's involvement will be properly paid for although the term's and condition's are negotiable? expecting your swift response. our second chamber's email is andy _ thambo _ jhb @ yahoo. com regard's barrister andrew thambo",marketing,enron:32819
"re: enron default swaps darrell, i am sending you 2 technical notes on enron default swaps: i hope that they will be useful. i shall read the articles on weekend. i am curious if you find these explanations satisfactory. we are very slow in preparing a number of technical documents for you for model reviews. we still hope you will be able to find some time to review our credit models (for our london credit trading) and var and option pricing related models. also, please check your invoices. i still think we owe you money. vince darrell duffie on 03 / 28 / 2001 08: 07: 38 am to: vince j kaminski cc: subject: re: enron default swaps vince: according to a bank of america publication, your (enron) default swap spreads are consistently trading about 80 basis points wider than your asset swaps. any idea of what is going on here? thanks for any guidance, darrell darrell duffie mail gsb stanford ca 94305-5015 usa phone 650 723 1976 fax 650 725 7979 email duffie @ stanford. edu web http: / / www. stanford. edu / ~ duffie /",other,enron:8837
"hi apology sorry company bent, summer moved air really but countries street "" history continuous are expect, fancy ticket sharp success? softwares super cheeap & shiip to all countrieswe have every popular softwares u need! you name it normal: $299. 00; you saave $249. 00 microsoft office xp professional-my price: $100; normal: $499. 95; you saave $399. 95 microsoft office 2003 professional-my price: $80; normal: $499. 95; you saave $419. 95 norton antivirus 2004 professional-my price: $15; normal: $69. 95; you saave $54. 95 adobe acrobaat v 6. 0 professional pc-my price: $100; normal: $449. 95; you saave $349. 95 adobe photoshop cs v 8. 0 pc-my price: $80; normal: $609. 99; you save $529. 99 adobe pagemaker v 7. 0 pc-my price: $80; normal: $599. 95; you saave $519. 95 coreldraw graphics suite v 12 pc-my price: $100; normal: $349. 95; you saave $249. 95 we do have full range softwares: mac, 321 studios, adobe, alias maya, autodesk, borland, corel, crystal reports. executive, file maker, intuit, macrmedia, mc / \ fee, microsoft. nero, pinnacle systems, powerquest, quark, red hat, riverdeep, roxio, suse. symantec, vmware softwares & 262 more popular titles for you > > checkk out 262 more popular softwares on our site start from $15-$60 each softwareabsolute no expensive price for you-- = = = come to our site here = = =---dont want any situation neighbor red special began taste eye stories. started friday state supper privilege and trees woman sort cries, eleven which lost smiling conscious. language comes end fail breakfast round glad occasion everyone fool? used given ought help or.",marketing,enron:4315
"except as set forth on schedule 5.1(p), as of the agreement date, no credit party or any restricted subsidiary of a credit party owns any registered intellectual property, and has no pending registration applications with respect to any of the foregoing. no other intellectual property is necessary for the operation of the business of the credit parties and their restricted subsidiaries. except as set forth on schedule 5.1(p), no material licenses or certifications are necessary for the operation of the credit parties’ and their subsidiaries’ business.",legal,ledgar:139
"the company has full power and authority and, has taken all requisite action on the part of the company, its officers, directors and stockholders necessary for (i) the authorization, execution and delivery of the transaction documents, (ii) authorization of the performance of all obligations of the company hereunder or thereunder, and (iii) the authorization, issuance (or reservation for issuance) and delivery of the securities. the transaction documents constitute the legal, valid and binding obligations of the company, enforceable against the company in accordance with their terms, subject to bankruptcy, insolvency, fraudulent transfer, reorganization, moratorium and similar laws of general applicability, relating to or affecting creditors’ rights generally.",legal,ledgar:251
"business risk management as a follow up to the 2000 audit plan, please be advised that we have not received to date the matrix reporting packages to enable my group to update the brm database on all audits since the beginning of the 2000 plan year as well as the capital books audit for 1999. would you please make sure we get the following reports as soon as possible so we can get them in the database. if you have any questions, please let me know. thank you. donna reports needed: capital books (1999) enron online trading controls group database system management coal equity comparables merchant asset portfolio grms risk controls group pulp, paper & lumber related party & affiliate activities investment portfolio activity reporting & analysis phoenix / lim this includes all reports that were scheduled to be completed through june 2000.",other,enron:23140
"each of this this amendment and the amended & restated credit agreement shall constitute a loan document, and together with the other loan documents, incorporates all negotiations of the parties hereto with respect to the subject matter hereof and is the final expression and agreement of the parties hereto with respect to the subject matter hereof.",legal,ledgar:231
"re: report for louise hey there! congrats with scott william. i hope all is going well. fifteen days and counting till our third arrival. i've attached the dash that documented the divestiture. the quick summary of the economics per heather kroll are as follows: original basis of $8 mm. signed the purchase and sale agreement on may 16 for $22 mm (gain of $14 mm) sold put for $3. 5 mm with $1. 7 mm granted to origination. i don't know for sure what the desk booked. the coal supply contract resulted in $5 mm mark to market to egm. the ferc 203 filing has been made regarding market power. they are not expecting any issues with ferc or the north carolina commission and expect final approval by the beginning of july. net gain of about $21 mm on transaction. chris lee, the managing partner of highstar, has requested the opportunity to take you and i out to dinner sometime after you've returned and settled back in to discuss the merits of enron's investment in highstar. if that's of interest let me know and i can schedule some time. once again, congratulations. do you have an expected return date yet? joe-----original message-----from: schoppe, tammie sent: tuesday, may 29, 2001 4: 18 pm to: deffner, joseph subject: report for louise hi joe, louise would like you to send her an update on aig highstar via email. please let me know if you have any questions. thanks, tammie x 34220",other,enron:11829
"new invoice for energy and weather vince,? please find attached a replacement invoice for invoice number 215.? this invoice includes the correction in charges for the weather course, and for only one attendee for the energy derivatives course.? if you should have any questions, please contact me.? sincerely, julie-enron 283 _ 9 _ 04 _ 01. doc",other,enron:9510
"this agreement may be amended only by an instrument in writing executed by all of the parties and expressly identified as an amendment or modification; provided, however, that the officers may make any amendments to any of the schedules to this agreement from time to time to reflect transfers of member interests and issuances of additional member interests and the associated units. copies of such amendments shall be delivered to the members promptly following execution thereof.",legal,ledgar:43
may 23 nom---------------------- forwarded by tom acton / corp / enron on 05 / 22 / 2001 09: 30 am---------------------------ronald _ s _ fancher @ reliantenergy. com on 05 / 22 / 2001 09: 21: 58 am to: tom. acton @ enron. com cc: subject: may 23 nom (see attached file: hpl-may. xls)-hpl-may. xls,other,enron:3267
"promptly after any responsible officer of the borrowers obtains knowledge thereof, notice of (i) the occurrence of any event which constitutes a default or an event of default, (ii) any default or event of default under the abl credit agreement or any refinancing thereof, any permitted pari passu notes documents or any permitted junior debt or other debt instrument in excess of the threshold amount, (iii) any litigation, or governmental investigation or proceeding pending against parent or any of its subsidiaries which would reasonably be expected, either individually or in the aggregate, to have a material adverse effect or (iv) any other event, change or circumstance that would reasonably be expected, either individually or in the aggregate, to have a material adverse effect.",legal,ledgar:61
"in consideration of the executive’s performance of the obligations under this agreement, the company shall pay or cause to be paid to the executive a salary at the annual rate of $155,541, payable according to the regular payroll practices of the company. the executive’s salary shall be subject to annual review. the executive’s salary, as the same may be modified from time to time, is referred to in this agreement as the “base salary.” all compensation under this agreement shall be subject to customary income tax withholding and such other employment taxes as are imposed by law.",legal,ledgar:235
"hpl nom for may 25, 2001 (see attached file: hplno 525. xls)-hplno 525. xls",other,enron:3285
"re: london spreadsheet feeds. fyi on spread sheet feeds.---------------------- forwarded by james new / lon / ect on 08 / 12 / 2000 09: 36---------------------------enron europe from: hugo moreira 07 / 12 / 2000 17: 17 to: david hardy / lon / ect @ ect cc: jubril oguja / lon / ect @ ect, james new / lon / ect @ ect, debbie r brackett / hou / ect @ ect, phil yoxall / lon / ect @ ect, john paskin / lon / ect @ ect, ganapathy ramesh / hou / ect @ ect, john d powell / hou / ect @ ect, david a wall / risk mgmt / lon / ect @ ect subject: re: london spreadsheet feeds. david, i confirm that all spreadsheets but spreadid 2, 8 and 9 will be sent to risktrac test and cas test. spreadid no. 2 will be sent to risktrac & cas production. per rac, spreadid no. 8 and 9 will be roll-out later. hugo david hardy 07 / 12 / 2000 15: 45 to: jubril oguja / lon / ect @ ect, hugo moreira / lon / ect @ ect, james new / lon / ect @ ect, debbie r brackett / hou / ect @ ect, phil yoxall / lon / ect @ ect, john paskin / lon / ect @ ect, ganapathy ramesh / hou / ect @ ect, john d powell / hou / ect @ ect cc: subject: london spreadsheet feeds. all, my understanding is that all the spreadsheets listed on the attachments will be sent to houston tomorrow. all except spreadid no. 2 will be sent to risktrac test and cas test. spreadid no. 2 will be sent to risktrac & cas production. please advise (all the above addressees) if this is not the case / going to happen. regards david",other,enron:23606
how to trade options catorcensbet how to trade options free strategy guide tradewins ما را در این است wendy kirkland our trading guide shows beginners how to earn extra income trading options. get it free today,marketing,ads:5410
panhandle hih foundation repair complete affordable foundation repair 373.4000 we're from here... and we're always here when you need us. click here to visit our expert connection page.,marketing,ads:6385
20 fest may 20 tennessee riverpark 11:00am gates open,marketing,ads:4584
"ets planning weekly attached is the ets facility planning weekly report for the week ending thursday october 25, 2001. please call with any questions or distribution list requests.-morgan gottsponer",other,enron:28920
golf curbside + in-store galaxy pickup available sid= order now,marketing,ads:1602
"enron mentions enron taps $3 billion from bank lines in pre-emptive move to ensure liquidity---firm will pay debt, keep cash cushion the wall street journal, 10 / 26 / 01 deals & deal makers: enron officials sell shares amid stock-price slump the wall street journal, 10 / 26 / 01 enron's financial troubles reverberate to bonds with poor liquidity and credit-rating concerns the wall street journal, 10 / 26 / 01 most analysts remain plugged in to enron the wall street journal, 10 / 26 / 01 enron draws down $3 bln in credit to boost investor confidence bloomberg, 10 / 26 / 01 enron liked by analysts despite complicated dealings, wsj says bloomberg, 10 / 26 / 01 enron draws down $3 billion from its credit lines, wsj reports bloomberg, 10 / 26 / 01 action by enron halts stock's fall houston chronicle, 10 / 26 / 01 corporate us on track for bailout the guardian, 10 / 26 / 01 harvey pitt's s. e. c.: from guard dog to friendly puppy? the new york times, 10 / 26 / 01 enron draws down at least 1 bln usd from credit lines to boost mkt confidence afx news, 10 / 26 / 01 the five dumbest things on wall street this week thestreet. com, 10 / 26 / 01 stocks post gains after a rough morning the washington post, 10 / 26 / 01 sudhakar will head enron probe panel the times of india, 10 / 26 / 01 enron taps $3 billion from bank lines in pre-emptive move to ensure liquidity dow jones business news, 10 / 25 / 01 enron chief executive resigns from board of i 2 technologies associated press newswires, 10 / 25 / 01 as enron's woes unnerve investors about energy sector, analysts say its problems are isolated associated press newswires, 10 / 25 / 01 enron's credit outlook downgraded to negative by s no calif pwr contract talks dow jones energy service, 10 / 25 / 01 spector, roseman & kodroff, p. c. files class action suit against enron corporation pr newswire, 10 / 25 / 01 tgs q 3 net profit up 22 pct yr-on-yr on higher ngl sales, transport revenues afx news, 10 / 25 / 01 enron draws down credit facility dow jones news service, 10 / 25 / 01 enron employees watch options devalue as shares fall (correct) bloomberg, 10 / 25 / 01 enron taps $3 billion from bank lines in pre-emptive move to ensure liquidity---firm will pay debt, keep cash cushion by wall street journal staff reporters john r. emshwiller, rebecca smith and jathon sapsford 10 / 26 / 2001 the wall street journal cl (copyright (c) 2001, dow jones & company, inc.) enron corp. drew down about $3 billion, the bulk of its available bank credit lines, in a bid to restore confidence in its financial strength and liquidity. enron will use part of the money to offer to redeem about $1. 85 billion of outstanding commercial paper-- short-term corporate ious-- according to a person familiar with the matter, with the remainder providing the energy concern with a cash cushion. some observers believe the move is a pre-emptive step by enron to ensure that it had adequate liquidity should its access to bank lines be interrupted. the",other,enron:13537
"sap security mailbox functional again the technical difficulties with the sap security email box have been resolved. you may once again follow the normal submission process as noted in the instructions for the sap security request form and the ibuyit eprocurement request form. if you submitted a request for security during the week of july 16-20 and have not received a notification of it's receipt, please resubmit the form. we can not be certain that all mail directed to the box during this period was actually received. we apologize for any inconvenience that this may have caused you.",other,enron:16904
"until the third (3 rd) anniversary of the closing date, such seller shall not, and shall cause each of such seller’s affiliates to not, at any time after the closing, disclose to any person or use for any purpose any confidential information; provided, however, that such seller and such seller’s affiliates may make such disclosures of confidential information (i) as are required under applicable law, in each case as long as such person (a) provides reasonable advance notice to the extent practical and legally permissible of such requirement to the purchaser so that the purchaser may seek a protective order or other appropriate remedy, (b) reasonably cooperates with the purchaser at purchaser’s expense to obtain an appropriate protective order or other reliable assurance that confidential treatment shall be accorded to such information and (c) discloses only such information as such person is advised by outside legal counsel in writing that such person is legally required to disclose or (ii) as permitted by or as necessary for purposes of exercising such person’s rights or remedies under this agreement, the transaction documents to which such person is a party or any other written agreement between such person and the purchaser or the target companies. the purchaser acknowledges that: (1) the sellers and certain of their affiliates make investments in companies in the ordinary course of business, and, as a result of such investments, such companies may be deemed to be affiliated or associated with the sellers and such affiliates; (2) certain other persons that may be deemed to be directly or indirectly affiliated or associated with a seller represent institutions over which such seller has no or limited control; and (3) the sellers and their affiliates’ ownership of the target companies has served to give the sellers and their affiliates increased knowledge and understanding of the target companies’ industry and business in a way that cannot be reasonably expected to be forgotten or separated from the sellers and their affiliates’ overall knowledge base. therefore, notwithstanding anything in this section 5.15 to the contrary, the purchaser, on behalf of itself and its affiliates, agrees that, (x) to the extent a seller has not disclosed and does not disclose, directly or indirectly (including through one or more of its affiliates), any confidential information to, and has not used and does not use confidential information for the benefit of such affiliated companies or other persons in violation of this section 5.15, none of the terms of this section 5.15 shall apply to such affiliated companies or other persons, and (y) without in any way limiting the obligations of the sellers under this agreement, the sellers will not be deemed to be in breach of this section 5.16(b) by reason of remembering, retaining, and using in their business their increased knowledge as described in item (3) of the preceding sentence.",legal,ledgar:16
"tyson hereby agrees to continue to employ you and you hereby accept continued employment with tyson. the duties and services required to be performed by you shall be consistent with your position, as assigned by tyson in its sole discretion from time to time, and shall be consistent with the level and responsibility of the duties and services performed by other similarly situated employees. at tyson’s sole discretion, your position is subject to change during your term of employment. you agree to devote substantially all of your working time, attention and energies to the business of tyson. you may make and manage personal investments (provided such investments in other activities do not violate, in any material respect, the provisions of section 6 of this agreement), be involved in charitable and professional activities, and, with the prior written consent of tyson’s general counsel or chief human resources officer, serve on boards of other for profit entities, provided such activities do not materially interfere with the performance of your duties hereunder. you agree that during your employment with tyson, you will not engage in any (i) competitive outside business activities, (ii) outside business that provides goods or services to tyson, or (iii) outside business that buys products from tyson, other than with tyson’s prior written approval. you will devote your best efforts to the performance of your duties and the advancement of tyson and shall not engage in any other employment, profitable activities, or other pursuits which would cause you to disclose or utilize confidential information (as defined in section 6(a)), or reflect adversely on tyson. this obligation shall include, but is not limited to, obtaining tyson’s consent prior to performing tasks for business associates of tyson outside of your customary duties for tyson, giving speeches or writing articles, blogs, or posts, about tyson’s business, improperly using tyson’s name or identifying your association or position with tyson in a manner that reflects unfavorably upon tyson. you further agree that you will not use, incorporate, or otherwise create any business entity or organization or domain name using any name confusingly similar to the name of tyson or the name of any affiliate of tyson or any other name under which any such entities do business.",legal,ledgar:293
"00 conversations, made better: level up your site's comments section insticator chad chairs the absolute best christmas at our doorsteps des chilla promoter learn more",marketing,ads:496
"re: lsu seminar visit dear vince, would you mind emailing to me a short biography / vita sometime when you get a chance? also, if you have a paper to circulate or any powerpoint slides that you'll want to use either in your presentations to my students thursday afternoon, 2 / 3, or to the faculty seminar on friday morning, 2 / 4, please email these to me. this would be greatly appreciated. my colleagues and i are looking forward to your visit on feb. 3-4 to lsu. sincerely, jim garven james r. garven william h. wright, jr. endowed chair for financial services department of finance 2158 ceba e. j. ourso college of business administration louisiana state university baton rouge, la 70803-6308 voice (225) 388-0477 | fax: (800) 859-6361 e-mail: jgarven @ lsu. edu home page: http: / / garven. lsu. edu vita: http: / / garven. lsu. edu / dossier. html research paper archive: http: / / garven. lsu. edu / research. html-attl. htm",other,enron:5345
"pg & e plan of reorganization all: attached is a csfb synopsis of pg & e's plan of reorganization (por). the key to successful consummation of the por is being able to move pg & e's retained generating assets (primarily diablo canyon nuclear and the hydro) from cpuc jurisdiction to ferc jurisdiction, under a disaggregation of the assets (genco, disco, electransco & gastransco). the current cost of service generation rate at cpuc for these assets is approximately 2. 8 cents per kwh. the por envisions a ppa between genco and disco at approximately 4. 5 cents per kwh. the ferc would use a concept of benchmarking in approving this rate. benchmarking is a market rate comparison. while the por contemplates no rate increase from the existing average generation rate of 9. 4 cents per kwh, with the now lower cdwr revenue requirement, the cpuc could possibly reduce rates in the interim. this could give the cpuc cover in alleging that the por is a rate increase. the critical legal point in the por is preemption in the bankruptcy court. under this doctrine, federal law can preempt state law, as part of the por. judge montali will have to approve this move. while pg & e envisions por consummation by 12 / 31 / 02, given the precedent setting nature of this move and what will surely be an adverse cpuc attitude, the process could drag on longer as it is fully adjudicated through the appeals process. on our claims, the por at consumation would pay 60 cents cash and 40 cents in reconstituted notes designed to trade at par. interest would be paid from por confirmation to consummation. our $403 million in px credits claims are listed as contested. the challenges listed are based on: 1) the rate freeze having ended and 2) the effect of ferc price mitigation on the px clearing price. regards, michael",other,enron:13002
"12.4 no conditions, warranties or other terms (including any implied terms as to satisfactory quality, fitness for purpose or conformance with description) apply to the service except to the extent that they are expressly set out in the terms.",legal,unfair_tos:122
"except for the system leases, the crez lease and any other lease, the borrower will not, nor will it cause or permit any subsidiary to, enter into any arrangement providing for the leasing by the borrower or any subsidiary of real or personal property which has been or is to be transferred by the borrower or such subsidiary to a lender or investor or to any person to whom funds have been or are to be advanced by such lender or investor on the security of such property or rental obligations of the borrower or any subsidiary.",legal,ledgar:225
"hpl nom for sept. 9, 2000 (see attached file: hplo 909. xls)-hplo 909. xls",other,enron:1573
on sale software looking for inexpensive high-quality software? we might have just what you need. windows xp professional with sp 2 full version.......... u $79. 95 office 2003 professional............................... u $89. 95 adobe photoshop cs with imageready cs.................. u $99. 95 macromedia dreamwaver mx 2004 + flash mx 2004.......... u $109. 95 corel draw graphics suite 11........................... u $59. 95 and lots more...,marketing,enron:26650
"re: institute of international finance-annual subscription shirley yes. vince shirley crenshaw 03 / 05 / 2001 02: 25 pm to: vince j kaminski / hou / ect @ ect cc: subject: institute of international finance-annual subscription vince: is this ok to pay?---------------------- forwarded by shirley crenshaw / hou / ect on 03 / 05 / 2001 02: 19 pm---------------------------from: sharon purswell / enron @ enronxgate on 03 / 05 / 2001 12: 53 pm to: shirley crenshaw / hou / ect @ ect, vince j kaminski / hou / ect @ ect cc: subject: institute of international finance-annual subscription robert johnston has asked me to charge vince's department for 1 / 3 of the cost of the annual subscription to iif. the annual cost is $47 k. therefore the cost for 1 / 3 is $15, 666. 67. this information is for maureen raymond's use. i will be happy to process the invoice for payment but in order for me to do so, i will need the proper coding for vince's department. please let me know if you are agreeable to this. if you have questions, you may wish to contact robert johnston directly at 3-9934. thanks, sharon 5-7212",other,enron:8642
"re: enron position. hello all. we just received notification that our bank has received the cad $3 mm out of cad $8 mm originally expected. thanks kenny-----original message-----from: kenny foo [mailto: kenny. foo @ ngx. com] sent: monday, november 26, 2001 1: 44 pm to: ' jason williams (e-mail) '; ' randy otto (e-mail) '; ' mike cowan (e-mail) ' cc: ' louise kitchen (e-mail) '; gary gault; ron manitowich subject: enron position. importance: high it has been our understanding (credit area, both companies) that enron must prepay for all its purchases including all forward positions ever since enron was downgraded to bbb minus. unfortunately for enron canada corp., i cannot convince my board nor my bank to do otherwise. enron will still get interest from pre-payments that have not been used to pay for gas that has already been delivered and invoiced. with the above in mind, here is the current status: cad $$carried forward from yesterday 2, 725, 000 today's purchases (14, 225, 000) large part of which is dec gas today's wire 8, 000, 000 which incidentally has not arrived as yet balance (short) (3, 500, 000) jason, kindly * please followup with your treasury area to see where cad $8 mm is? * please, for today's value date, arrange to send another cad $3. 5 mm plus whatever $$your traders need for tomorrow? * your calgary traders have another 30 tjs of room for day gas at time of writing this email (purchases so far today 3, 660 tjs). once the 30 tjs is filled, you will be halted. we thank you for your co-operation. kenny foo credit and risk manager ngx financial inc 140-4 avenue sw, suite 2330 calgary, alberta, t 2 p 3 n 3 ph: (403) 974-1737 fx: (403) 974-1719",other,enron:14096
"the rights and obligations of the parties under the provisions of this agreement shall survive, and remain binding and enforceable, notwithstanding the expiration of the term, the termination of this agreement, the termination of consultant’s services hereunder or any settlement of the financial rights and obligations arising from consultant’s services hereunder, to the extent necessary to preserve the intended benefits of such provisions.",legal,ledgar:140
aerostar manufacturing cnc machining services request a quote,marketing,ads:5584
"li sun i've asked vince to get involved with you about getting li into vince's group. this issue needs to be resolved by week's end-- we look like we don't have our act together, and that bothers me. especially since we are about to make a significant monetary investment at wharton, and we could have a new wharton recruit disgruntled. vince, can you set up a meeting with you, me and mark palmer to follow up with our meeting with skilling? thanks very much... jeff",other,enron:6863
"the houston expl dec 2000 darren: elizabeth hernandez fixed this deal for me. i don't need for you to look into it. thanks anyway.---------------------- forwarded by megan parker / corp / enron on 07 / 27 / 2001 01: 46 pm---------------------------from: megan parker 07 / 19 / 2001 10: 27 am to: daren j farmer / enron @ enronxgate cc: subject: the houston expl dec 2000 daren: i'm not sure if you can help me, but i have a danny conner deal from december 2000 that has a price issue. we were buying gas from the houston exploration company on black marlin, high island 138 / hpl meter 98663, deal 508426. the deal was priced at hsc-0. 14. in december, a new platform came on, high island 115 / hpl meter 986431. it did not start flowing until the 20 th. danny did not put a new deal in for this meter, so we combined the gas on deal 508426. the houston exploration thinks that the gas at hi 115 should be kept separate and priced at hsc gd-0. 14 since it did not begin flowing until the 20 th. we agree that we received the gas. we have the pipeline statement from black marlin. we just don't have the same pricing. the houston exploration shows that we owe them an additional $222 k due to this price difference. we only purchased this gas in dec 2000 and jan 2001. the deal for jan, 547063, was priced at gd-0. 14. can you verify how this deal should be priced? i sent this issue to danny back in january and he said the if price was correct, but the houston exploration is sticking to their price. if you need to talk to their trader, his name is lester lipperdt 713-830-6960. megan",other,enron:3403
"this commitment letter and the commitments and undertakings hereunder shall not be assignable by any party hereto without the prior written consent of each other party hereto, and any attempted assignment without such consent shall be void and of no effect; provided, however, each commitment party may assign its commitment and other rights and obligations hereunder, in whole or in part, (a) to any of its affiliates (including, for the avoidance of doubt, assignments between gs bank and gslp), (b) as provided in section 2 hereof, to any additional arranger or its affiliates and (c) subject to section 2 and 3 hereof, in connection with the syndication of the facilities or the arrangement of the existing credit facility amendment; provided that, other than as contemplated by sections 2 and 3 hereof and except for assignments between gs bank and gslp or assignments to permitted lenders, such commitment party shall not be released from the portion of its commitment hereunder so assigned to the extent such assignee fails to fund the portion of the commitment assigned to it on the closing date notwithstanding the satisfaction of the conditions to such funding set forth herein. any assignment in violation of the foregoing shall be null and void. this commitment letter is intended to be solely for the benefit of the parties hereto and the indemnified persons and is not intended to confer any benefits upon, or create any rights in favor of or be enforceable by, any person other than the parties hereto and the indemnified persons, except that the commitment parties may perform the duties and activities described hereunder through any of their respective affiliates or branches and the provisions of section 9 shall apply with equal force and effect to any of such affiliates or branches so performing any such duties or activities.",legal,ledgar:45
"april---flexible katy gas fyi---here is what i show so far for april baseload / term katy flexible purchase gas: oasis meter # 6780: aquila 10. 000 duke 20. 000 richardson 1. 312 conoco 15. 000 total 46. 312 flexible lonestar meter # 67: duke 47. 850 (50. 000-2. 150 inflexible) mitchell 20. 000 crosstex (6. 200) (baseload sale) total 61. 650 flexible thanks, mark x 33396",other,enron:2916
"fw: sep ytd originations-----original message-----from: carter, carol sent: thursday, october 04, 2001 4: 57 pm to: killen, faith subject: sep ytd originations",other,enron:13152
you will not use facebook if you are under 13.,legal,unfair_tos:86
"the failure of a party hereto at any time or times to require performance of any provision hereof shall in no manner affect its right at a later time to enforce the same. no waiver by a party of any breach of any provision of this agreement shall be effective unless set forth in an instrument in writing signed by the party or parties to be bound thereby and specifically referencing the breach of the provision to be waived, and no waiver in any one or more instances shall be deemed to be a further or continuing waiver of any such breach in other instances or a waiver of any other breach of any other provision.",legal,ledgar:46
αρεχ settlement group pay your medical bills sell life insurance policy for cash,marketing,ads:1251
"re: ebs var transaction policy that would be great. b. vince j kaminski @ ect 06 / 29 / 00 10: 27 am to: barry pearce / enron communications @ enron communications cc: stinson gibner / hou / ect @ ect, tanya tamarchenko / hou / ect @ ect, grant masson / hou / ect @ ect, vince j kaminski / hou / ect @ ect subject: ebs var transaction policy barry, stinson forwarded your message to me. i am meeting ted murphy today and i shall bring it up with him. we have unit at research (tanya tamarchenko, reporting to grant mason) who is responsible for v @ r support. vince---------------------- forwarded by vince j kaminski / hou / ect on 06 / 29 / 2000 10: 28 am---------------------------stinson gibner 06 / 29 / 2000 09: 55 am to: vince j kaminski / hou / ect @ ect cc: subject: ebs var transaction policy fyi---------------------- forwarded by stinson gibner / hou / ect on 06 / 29 / 2000 09: 54 am---------------------------barry pearce @ enron communications 06 / 29 / 2000 09: 09 am to: stinson gibner / hou / ect @ ect, dale surbey / lon / ect @ ect, ted murphy / hou / ect @ ect cc: lou casari / enron communications @ enron communications, john echols / enron communications @ enron communications, jim fallon / enron communications @ enron communications subject: ebs var transaction policy hey you guys, we are trying to implement a ' var transaction ' policy-and would like your opinion. this is going to be tough-because i'm not sure we have implemented a similiar policy across any of our other ' books '-that is-we looking to bring in all the accrual / operational assets as well as the mtm stuff (lambdas). to have a real-live ' configuration ' of the system. if assets / routes / servers etc... are added-what is the impact on the ' value ' of the system and what it's worth. john has attached a draft below-for your review and thoughts. i can see how this works in a trading environment-when you actually know the var of your whole trading portfolio. however-i've not seen this done with a mixture of mtm & accrual assets. add the spice of a ' operational system ' valuation-and this will be tough to quantify and model. step 1-configure system and value it step 2-calculate a var on this. we will need to do some work here! step 3-calculate the incremental var of new deals / amendements / reconfigs etc-tough.... see what you think? b. john echols 06 / 28 / 00 05: 41 pm to: jim fallon / enron communications @ enron communications, barry pearce / enron communications @ enron communications, lou casari / enron communications @ enron communications cc: subject: policies here is a first rough draft of a "" value @ risk "" transaction policy. i would like you to start looking at where we are going on the policy and get some early thinking going on limits for the v @ r. for example, should we effectively shut down all server relocations without approval, or allow some level of mb of storage to be moved around or reconfigured? i need some commercial and industry realism for this. w",other,enron:6386
information collection and use; privacy policy,legal,unfair_tos:184
"ou alumni list-gis attached you will find a list of ou alumni from the gis system. please look it over and let me know if there are any alumni that you feel should be added to our ou team. the information in this spreadsheet is taken directly from gis, so it should be fairly accurate and complete. please let me know if you have any suggestions. thank you for your help. have a great day! lexi 3-4585",other,enron:23111
"to request the issuance of a letter of credit, the borrower shall hand deliver or telecopy (or transmit by electronic communication, if arrangements for doing so have been approved by the issuing bank) to the issuing bank and the administrative agent (reasonably in advance of the requested date of issuance) a notice requesting the issuance of a letter of credit and specifying the date of issuance (which shall be a business day), the date on which such letter of credit is to expire (which shall comply with paragraph (c) of this section), the amount of such letter of credit, the name and address of the beneficiary thereof and such other information as shall be necessary to prepare such letter of credit. if requested by the issuing bank, the borrower shall complete a letter of credit application on the issuing bank's standard form in connection with any request for a letter of credit. a letter of credit shall be issued only if (and, upon issuance, amendment, renewal or extension of each letter of credit, the borrower shall be deemed to represent and warrant that), after giving effect to such issuance (i) the lc exposure shall not exceed the lc sublimit, and (ii) the total facility exposure shall not exceed the total commitment amount. any letter of credit issued may, at the request of the borrower and with the consent of the letter of credit issuer and the administrative agent, be amended, renewed or extended, provided that no default then exists and that after giving effect thereto, such letter of credit (if the same had been issued at such time) would comply with all requirements of this section.",legal,ledgar:210
nominate a butler county first responder hometown heroes butler county.,marketing,ads:3004
"aiesec polska-eurolds 2000 jarek, czy enron moze pomoc w organizacji tej imprezy? bylaby to dobra okazja nawiazania wielu pozytecznych kontaktow. wicek---------------------- forwarded by vince j kaminski / hou / ect on 02 / 17 / 2000 08: 51 am---------------------------"" andrzej wodnicki "" on 02 / 16 / 2000 02: 50: 05 am to: vince j kaminski / hou / ect @ ect cc: subject: aiesec polska-eurolds 2000 szanowny panie kaminski! nazywam sie andrzej wodnicki i jestem czlonkiem stowarzysznia studentow aiesec przy szkole glownej handlowej (dawnej sgpis). prosze o poswiecenie paru chwil na przeczytanie tego maila. (kontakt do pana otrzymalem od kolegi, ktory organizowal prezentacje firmy enron na sgh, a posrednio od pana jarka astramowicza, przedstawiciela enron na polske.) w imieniu aiesec polska chcialbym zwrocic sie do pana z wielka prosba pomocy przy wydarzeniu, ktore w tym roku organizujemy. aiesec polska, a w szczegolnosci aiesec przy szkole glownej handlowej ma zaszczyt organizowac w tym roku european leadership development seminar. jest to seminarium na temat przywodztwa skierowne do obecnych i przyszlych czlonkow rad wykonawczych komitetow lokalnych aiesec w calej europie. po raz pierwszy aiesec polska ma mozliwosc organizacji takiego wydarzenia i stanowi ono dla nas olbrzymie wyzwanie. przygotowywalismy sie do niego od kilku lat i obecnie jestesmy juz w koncowej fazie organizacji eurolds 2000. projekt rozpoczyna sie 7 marca 2000 roku oficjalnym otwarciem przez pana prezydenta aleksandra kwasniewskiego w sali kongresowej. pozniej odbeda sie dyskusje panelowe (udzial wielu znakomitych gosci-m. in jan krzysztof bielecki, jacek saryusz wolski, andrzej olechowski) oraz wyklady i prezentacje regionow polski w auli spadochronowej szkoly glownej handlowej, a nastepnie delegaci udadza sie do hotelu mrongovia na szkolenia, casy i wyklady na temat przywodztwa. (szczegolowy program eurolds 2000 przesylam w zalaczniku.) jak do tej pory staralismy sie mozliwie najwiecej dokonac wlasnymi silami, jednak obecnie na 3 tygodnie przed tym wydarzeniem stoimy przed pewnym problemem i stad tez pojawil sie pomysl skontaktowania pana, jako osoby, ktora moglaby nam wydatnie pomoc. chcielibysmy poprosic pana o wsparcie finansowe. wspolpracujemy juz z wieloma firmami i instytucjami (m. in. deloitte & touche, arthur andersen, fundusz phare, fundacja konrada adenauera oraz wieloma innymi), jednak na obecnym etapie organizacji projektu wciaz brakuje nam 12000 $. poczatkowo chcielismy nawiazac kontakt z pania eileen price z londynu, jednak wydaje nam sie, ze pan jako zalozyciel aiesec w polsce powienien po pierwsze o takim wydarzeniu wiedziec, a po drugie mamy nadzieje, ze moze nam pan pomoc. bardzo prosze o odpowiedz, z powazaniem andrzej wodnicki prezydent eurolds 2000 aiesec szkola glowna handlowa-attl. htm-eurolds _ prezentacja. ppt",other,enron:5539
"clear benefits of creative design lt is really hard to recollect a company: the market is full of suqgestions and the information isoverwhelming; but a good catchy logo, stylish stationery and outstanding webslte wili make the task much easier. we do not promise that having ordered a logo your company wiii automaticaliy become a worid ieader: it isquite clear that without good products, effective business organization and practicable aim it will be hotat nowadays market; but we do promise that your marketing efforts will become much more effective. here is the list of clear benefits: creativeness: hand-made, original logos, specially done to reflect your distinctive company image. convenience: logo and stationery are provided in all formats; easy-to-use content management system letsyou change your website content and even its structure. promptness: you will see logo drafts within three business days. affordability: your marketing break-through shouldn't make gaps in your budget. 100% satisfaction guaranteed: we provide unlimited amount of changes with no extra fees for you to be surethat you will love the result of this collaboration. have a look at our portfolio _ _ _ _ _ _ _ _ _ _ _ _ _ _ _ _ _ _ _ _ _ _ _ _ _ _ _ _ _ _ _ _ _ _ _ _ _ _ _ _ _ _ _ _ _ _ _ _ _ _ _ _ _ not interested... _ _ _ _ _ _ _ _ _ _ _ _ _ _ _ _ _ _ _ _ _ _ _ _ _ _ _ _ _ _ _ _ _ _ _ _ _ _ _ _ _ _ _ _ _ _ _ _ _ _ _ _ _",marketing,enron:10394
create your own zombie game studies game art and animation game design game production and management (ms) game programming of versity learn. e advancing technology uat experience innovate learn more >>,marketing,ads:6183
save $2 on any one (1) nature made letters or multivitamins at publix click here pharmacist recommended nature made c gummies 250 mg stary sp gummies,marketing,ads:2393
"re: tomorrow's origination meeting louise: apologies, but i will not be able to attend or call into tomorrow's meeting. heather and i are going to tulsa to meet with williams to discuss a toll off of midway and ft. pierce. fred, however, will attend. i have the following updates on our q 4 deals: 1. aes haywood-no change in status. expect to receive final $2 million upside payment in q 4. 2. doyle-negotiating definitive sale documents with walton. expect to sign docs by end of next week. deal is subject to ferc approval, to be requested upon doc execution. ferc approval is anticipated to take 60 days. 3. onondaga-have received expressions of interest from two parties (united capital and trust company of the west). will move toward binding term sheet within next several weeks. indicative values are $11 million. 4. midway and ft. pierce-have issued investment memorandum to several interested parties, and expext indicative bids in 45 days. have also bid midway, deerfield, and corbett sites into fpl rfp (short list to be announced late october). also pursuing potential tolling deals with williams and mirant. 5. georgia-have sent calpine definitive purchase docs for two sites (athens and hartwell). expect comments back late this week. will also use sites to bid into georgia power rfp due this week. please let me know if you have any questions. regards,-------------------------- ben jacoby (713) 853-6173",other,enron:13108
"you must see a person charged in any state with treason, felony, or other crime, who shall flee from justice, and be found in another state, shall on demand of the executive authority of the state from which he fled, be delivered up, to be removed to the state having jurisdiction of the crime. looking for not expensive high-quality software? we might have just what you need. windows xp professional 2002............. $50 adobe photoshop 7. 0...................... $60 microsoft office xp professional 2002.... $60 corel draw graphics suite 11............. $60 and lots more... top quality software: special offer # 1: windows xp professional + microsoft office xp professional = only $80 special offer # 2: adobe-photoshop 7, premiere 7, illustrator 10 = only $120 special offer # 3: macromedia dreamwaver mx 2004 + flash mx 2004 = only $100 also: windows 2003 server windows 2000 workstation windows 2000 server windows 2000 advanced server windows 2000 datacenter windows nt 4. 0 windows millenium windows 98 second edition windows 95 office xp professional office 2000 office 97 ms plus ms sql server 2000 enterprise edition ms visual studio. net architect edition ms encarta encyclopedia delux 2004 ms project 2003 professional ms money 2004 ms streets and trips 2004 ms works 7 ms picture it premium 9 ms exchange 2003 enterprise server adobe photoshop adobe pagemaker adobe illustrator adobe acrobat 6 professional adobe premiere macromedia dreamwaver mx 2004 macromedia flash mx 2004 macromedia fireworks mx 2004 macromedia freehand mx 11 corel draw graphics suite 12 corel draw graphics suite 11 corel photo painter 8 corel word perfect office 2002 norton system works 2003 borland delphi 7 enterprise edition quark xpress 6 passport multilanguage enter here? tivy _ ktxox 4 mfzzqupaasq "" > discontinue the judicial power of the united states, shall be vested in one supreme court, and in such inferior courts as the congress may from time to time ordain and establish. but how admit that the construction of this submarine boat had escaped the public eye? for a private gentleman to keep the secret under such circumstances would be very difficult, and for a state whose every act is persistently watched by powerful rivals, certainly impossible!!! the human mind delights in grand conceptions of supernatural beings;",marketing,enron:30967
"complexity science seminar confirmation confirmation date: april 18 th, 2001 time: 11: 30 am-1: 30 pm location: koch industries 20 e. greenway plaza conference room 1 dress is business casual. parking is free. there is parking available in the koch building or across the street in a lot. lunch will be provided and is scheduled to start at 11: 15 am. please feel free to pass along the word to anyone you think might like to join us. information can be found on our website at http: / / www. nesanet. org / or the can contact me at (713) 856-6525 with any questions. thanks, lana moore",other,enron:9023
"the company shall cause the executive to be paid an annual base salary (the “base salary”) as determined by the board of directors of anc or its compensation committee (the “compensation committee”), which base salary, however, shall not be less than $314,150 per year, subject to all applicable withholdings. the base salary shall be paid in approximately equal installments to the executive in accordance with established payroll practices of the company (but no less frequently than monthly).",legal,ledgar:168
"no grantor has any material contracts, agreements or licenses which are non-assignable by their terms, or as a matter of law, or which prevent the granting of a security interest therein.",legal,ledgar:11
"proj. x analytics diligence paul, vince and i spent some time thinking about the diligence process for the trading analytics. there is a limited amount that can be accomplished in a two day time period. i think a reasonable start would be the following: 1. obtain an audited history of the trading strategies which have been implemented in order to verify profitability, and p / l volatility of each. 2. review needed working capital and risk capital requirements and compare these to projections for trading income. 3. review current level of access to electronic markets and verify that a change of ownership would not have adverse consequences, i. e. are there guarantees of continued access using the current systems? 4. review feasibility of entry into proposed new markets? it is far from clear that there will be any synergy with most commodity markets given the current limited "" electronic "" liquidity. 5. review, at least qualitatively, the current trading strategies being used. try to develop some estimate of how fast the profitability of these strategies will disappear as other's implement similar trading models. what is the trade off between trade quantity and slippage. 6. review the methodology used to generate new trading strategies which will be needed to replace the current models as they become unprofitable and outdated. 7. try to determine if there will be any value in transfer of trading technology to enron's other markets, given the illiquidity of these markets as compared to the financial equity markets. if there were a sufficiently long time horizon for our analysis, we would probably want to run their system on a test set of data. let me know if you have other suggestions.-- stinson",other,enron:7801
the app provider and its subsidiaries are third-party beneficiaries of these terms as it relates to your license to the applications.,legal,unfair_tos:145
you may discontinue your use of the services for any reason and at any time.,legal,unfair_tos:39
"we want to check your pulse once again, it's time to find out what you think about your work experience at enron and enron transportation services company, and what we can do to help make it better. that's why we want to check your pulse. in fact, we've changed the name of last year's "" excellence through communication "" employee survey to the pulse. we believe the pulse more accurately captures the purpose of the survey. your diagnosis will help us correct problem areas so we can continue to make enron a great place to work. is available: monday, oct. 16-friday, oct. 27 is located at: survey. enron. com there are a few things we want you to remember about the pulse: 1. your survey responses will be confidential. you can complete your survey from special computer kiosks that will be set up in some of our larger offices. several group computer terminals also will be available in smaller field offices. we want to provide you with the most comfortable environment possible, as your participation is of vital importance to us. alternatively, you can key in your responses from your desktop computer. the responses keyed from your desktop will be confidential as well. 2. we will respond actively to your comments. we are going to do our best to cure some of the current problems that exist and put into action preventative processes that will help identify smaller problems before they become major ones. we may ask for your help in resolving some of the issues that are collected in the survey-your active role will help us identify the best solutions. in last year's survey, you identified several problem areas regarding internal communications, workload and performance management. we've already acted on many of your recommendations. these are a few of the things we've accomplished in direct response to your input:  ets strengthened management focus on intellectual capital and employee through the initiation of:  table talk sessions with ets office of the chairman, which give employees the opportunity to have frontline discussions,  the "" innovation series, "" which invites employees to share their ideas openly and ensures management commitment to evaluating ideas,  e-speak sessions with ets leaders to exchange ideas, and  our name change to enron transportation services to recognize our most strategic asset-you.  we made workload planning and management training / development available to ets employees to address workload issues, the greatest ets concern in the survey.  we improved the consistency of performance management, the survey topic that received the most employee comments, by extending the use of the performance evaluation process (pep) system and the performance review committee (prc) process to all levels in ets at mid-year in 2000. please take a few minutes to check your pulse and tell us what you think and how you feel about your job and about enron. we look forward to hearing from you",other,enron:28074
"the company shall reimburse the lead buyer for all reasonable costs and expenses incurred by it or its affiliates in connection with the structuring, documentation, negotiation and closing of the transactions contemplated by the transaction documents (including, without limitation, as applicable, all reasonable legal fees of outside counsel and disbursements of kelley drye & warren llp, counsel to the lead buyer, any other reasonable fees and expenses in connection with the structuring, documentation, negotiation and closing of the transactions contemplated by the transaction documents and due diligence and regulatory filings in connection therewith) (the “ transaction expenses ”) and shall be withheld by the lead buyer from its purchase price at the closing, less $20,000 previously paid by the company to kelley drye & warren llp; provided, that the company shall promptly reimburse kelley drye & warren llp on demand for all transaction expenses not so reimbursed through such withholding at the closing. the company shall be responsible for the payment of any placement agent’s fees, financial advisory fees, transfer agent fees, dtc (as defined below) fees or broker’s commissions (other than for persons engaged by any buyer) relating to or arising out of the transactions contemplated hereby (including, without limitation, any fees or commissions payable to the placement agent, who is the company’s sole placement agent in connection with the transactions contemplated by this agreement). the company shall pay, and hold each buyer harmless against, any liability, loss or expense (including, without limitation, reasonable attorneys’ fees and out-of-pocket expenses) arising in connection with any claim relating to any such payment. except as otherwise set forth in the transaction documents, each party to this agreement shall bear its own expenses in connection with the sale of the securities to the buyers.",legal,ledgar:110
"each of the representations and warranties made by or on behalf of the borrower, the guarantors or any of their respective subsidiaries contained in the credit agreement, the other loan documents or in any document or instrument delivered pursuant to or in connection with the credit agreement or this amendment is true and correct in all material respects as of the date hereof, with the same effect as if made at and as of the date hereof, except to the extent of changes resulting from transactions permitted by the loan documents (it being understood and agreed that, with respect to any representation or warranty which by its terms is made as of a specified date, such representation or warranty is reaffirmed hereby only as of such specified date). to the extent that any of the representations and warranties contained in the credit agreement, any other loan document or in any document or instrument delivered pursuant to or in connection with the credit agreement or this amendment is qualified by “material adverse effect” or any other materiality qualifier, then the qualifier “in all material respects” contained in this paragraph 10(d) shall not apply with respect to any such representations and warranties.",legal,ledgar:22
"fw: request for rehearing, elo 0-95-031-----original message-----from: alvarez, ray sent: friday, july 20, 2001 7: 12 am to: wolfe, greg subject: request for rehearing, elo 0-95-031 greg, we are pushing ferc at every opportunity to clarify the mitigation measures. please see the clarification requests at the end of the attched "" rehearin. doc "" we filed just yesterday. will try to call you later to discuss. thanks! ray-seabrona. doc-rehearin. doc",other,enron:16896
"fw: enron accused of infringing patent for electronic trading this story appeared in bloomberg today. it's true that we were served today. based on vance meyer's (pr) conversation with legal, our current media response is that we don't comment on litigation. mark taylor, richard sanders, travis mccullaugh and an attorney from v meyer, vance; philipp, meredith; denne, karen subject: enron accused of infringing patent for electronic trading enron accused of infringing patent for electronic trading 2001-09-21 15: 07 (new york) enron accused of infringing patent for electronic trading marshall, texas, sept. 21 (bloomberg)-- enron corp., the largest energy trader, and its online unit are accused in a lawsuit of infringing a texas company's patent for an electronic trading system. bid / ask llc of baird, texas, formerly called auction source llc, said it is the sole rights owner of a patent issued in may 2000 for a ` ` real-time network exchange with seller specified exchange parameters and interactive seller participation. ' ' houston-based enron and its enrononline unit are improperly using that patented technology through its internet-based electronic trading facility, according to the lawsuit filed sept. 17 in federal court in marshall, texas. enron trades commodities such as natural gas and electricity on that trading network. bid / ask seeks a court order blocking enron from infringing the patent, and is asking for damages. enrononline began trading electricity and natural gas in november 1999. between then and the second quarter of 2001, it's handled more than 1 million transactions valued at more than $685 billion, the company has said. enron, which also trades space on fiber-optic networks, coal, paper and other commodities, had net income of $979 million on revenue of $100. 8 billion in 2000. an official with enron couldn't immediately be reached for comment. shares of enron rose 13 cents to $28. 52 in midafternoon trading.",other,enron:12963
"enron actuals for june 28, 2000 teco tap 120. 000 / hpl gas daily ls hpl katy 30. 000 / enron",other,enron:1115
"in financial planning time is your friend we offer personalized services designed to fit your investment strategies with over 20 years of experience, commitment and service. in financial planning, time is your friend and your enemy. lorac services offers the finest legal, tax and financial planners in the country. let us help you achieve peace of mind in a volatile marketplace. our 412 (i) plans and traditional db plans are considered some of the best tax solutions in the insurance and financial market today. services we offer qualified retirement plans 1. defined benefit plan 2. profit-sharing plan 3. defined contribution plan 4. 401 k individual insurance 1. life insurance 2. annuities non qualified retirement plans 1. business insurance a. key person b. business life insurance c. buy-sell agreements visit our web site at http: / / www. loracservices. com /",marketing,enron:10621
"corhshucker daren---- the invoices are being paid by us now.... james armstrong is taking care of them, so that is who i am forwarding them to. he apparently is paying for them of an account set up for this. he is out of the office, but he called me back and said to keep forwarding him the invoices. let me know if we have any questions, thanks, mark x 33396",other,enron:1639
"the spud shack shareholder has the authority to enter into this agreement and the transactions contemplated herein, and, when this agreement is executed and delivered by the spud shack shareholder, it shall constitute a legal, valid and binding obligation, enforceable against him or it in accordance with its terms.",legal,ledgar:130
"enron / hpl actuals for august 23, 2000 teco tap 34. 167 / hpl gas daily; 30. 000 / enron ls hpl lsk ic 20. 000 / enron",other,enron:1454
"we do not represent or endorse the accuracy or reliability of any profile, advice, opinion, statement or other information displayed, uploaded or distributed through the service by betterpoints.uk, our partners or any user of the service or any other person or entity.",legal,unfair_tos:107
"this joinder agreement shall be construed in accordance with, and governed by, the laws of the state of new york.",legal,ledgar:82
"woops.... on beaumont methanol, i made a mistake for the noms at the start of the month.... for feb 6 to 29 on ticket 93199, i entered 18, 500 / d.... and it should have been 18, 000 / d please change the ticket... thanks lee",other,enron:264
"the company has timely filed all reports, schedules, forms, statements and other documents required to be filed by it with the sec pursuant to the reporting requirements of the securities exchange act of 1934, as amended (the “1934 act”) (all of the foregoing filed prior to the date hereof and all exhibits included therein and financial statements and schedules thereto and documents (other than exhibits to such documents) incorporated by reference therein, being hereinafter referred to herein as the “sec documents”). upon written request the company will deliver to the buyer true and complete copies of the sec documents, except for such exhibits and incorporated documents. as of their respective dates, the sec documents complied in all material respects with the requirements of the 1934 act and the rules and regulations of the sec promulgated thereunder applicable to the sec documents, and none of the sec documents, at the time they were filed with the sec, contained any untrue statement of a material fact or omitted to state a material fact required to be stated therein or necessary in order to make the statements therein, in light of the circumstances under which they were made, not misleading. none of the statements made in any such sec documents is, or has been, required to be amended or updated under applicable law (except for such statements as have been amended or updated in subsequent filings prior the date hereof). as of their respective dates, the financial statements of the company included in the sec documents complied as to form in all material respects with applicable accounting requirements and the published rules and regulations of the sec with respect thereto. such financial statements have been prepared in accordance with united states generally accepted accounting principles, consistently applied, during the periods involved and fairly present in all material respects the consolidated financial position of the company and its consolidated subsidiaries as of the dates thereof and the consolidated results of their operations and cash flows for the periods then ended (subject, in the case of unaudited statements, to normal year-end audit adjustments). except as set forth in the financial statements of the company included in the sec documents, the company has no liabilities, contingent or otherwise, other than (i) liabilities incurred in the ordinary course of business subsequent to september 30, 2015, and (ii) obligations under contracts and commitments incurred in the ordinary course of business and not required under generally accepted accounting principles to be reflected in such financial statements, which, individually or in the aggregate, are not material to the financial condition or operating results of the company. the company is subject to the reporting requirements of the 1934 act.",legal,ledgar:50
"january report / february forecast-cera private report title: when push comes to shove: natural gas demand resistance in a high price environment url: http: / / www 20. cera. com / eprofile? u = 35 & m = 2213 record high natural gas prices in north america are leading market participants to wonder just how high prices can go. industrial end users and power generators have already reduced demand a substantial amount  * lending crucial restraint to price. * by mid-january as much as 6 percent of market demand had already been forced out, and somewhat more flexibility is available, if needed. * the range of influences extends beyond interplay with oil markets  * to markets for ammonia, methanol, and ethane, as well as for other manufactured products. * the decisions being forced in the short term are likely to reverberate over the long term and will affect the pace of growth toward a 30 tcf market. * * end * *",other,enron:28398
final version rohm & haas has been added and the sale for union carbide for april has been added.,other,enron:2952
trusted for reliable email delivery at scale try for free twilio sendgrid you're on your let's conyour email addres confirm,marketing,ads:6587
ashley | tempur-pedic shop now,marketing,ads:4178
"re: maureen raymond-castaneda extension maureen, i apologize that your phone was disconnected in error. at this time your phone is working and your voice mail box needs to be set up. i would like to add however, i do not appreciate your disrespect and unreasonable demands placed on my employees. they were not the cause of this problem and can only relay your information to the appropriate group. enron has values of respect, integrity, communication and excellence. i would appreciate you taking the time to review them. robert knight director voice communications stella l ely 03 / 08 / 2000 11: 08 am to: move-team / epsc / hou / ect @ ect, telephone mods / corp / enron @ enron, dolores sustaita / epsc / hou / ect @ ect, robert knight / hou / ect @ ect cc: subject: maureen raymond-castaneda extension please reinstate maureen's extension immediately, if possible. it was disconnected this past weekend when we had it taken off of the phone at eb 3073 f. her extension was on two phones at two different locations and should not have been disconnected at eb 1939. her extension no. is 30396. sorry for the confusion. please let me know timing asap. thank you. stella ely",other,enron:5685
"re: possible temporary move of hpl to 1201 louisiana russell, thanks for the update. can you provide a rough quote / schedule to kit out the louisiana space for 130 people-please contact lillian carroll to get an exact count. we don't need recorded phones. also please lay out a schematic of the hardware configuration between enron, louisiana and aep's offices for this solution. deborah, can you provide lillian with a floor plan so that she can start locating the hpl staff by function. also, what do you recommend regarding furniture? we should be able to come up with an interim solution based on the space coming available in 3 allen or any additional furniture we have in warehouses or in the louisiana bldg. your thoughts on cost for this? once we have a plan / schedule i will follow up with aep to let them know of our plans. they already know we are headed in this direction, given their delay in leasing space. regards, brian from: russell long / enron @ enronxgate on 03 / 14 / 2001 06: 54 pm to: brian redmond / hou / ect @ ect cc: tommy yanowski / enron @ enronxgate, louise kitchen / hou / ect @ ect, philippe a bibi / enron @ enronxgate, vincent fox / enron @ enronxgate, keith dziadek / enron @ enronxgate, jim coffey / hou / ect @ ect, deborah bubenko / epsc / hou / ect @ ect, paul foust / epsc / hou / ect @ ect, robert humlicek / enron @ enronxgate, jeffrey vincent / enron @ enronxgate, andrew hawthorn / enron @ enronxgate, heather a johnson / enron @ enronxgate subject: possible temporary move of hpl to 1201 louisiana i finished the walk through of the 15 th floor space located at 1201 louisiana this afternoon. on the walk through with me were paul foust (facilities), robert humlicek, jeffrey vincent and andrew hawthorn. i previously talked with deborah bubenko and vincent fox about this space. comments from the review are as follows: most of the floor is composed of offices with some large group areas (conference rooms etc.) included. the floor can accommodate up to 150 people. however, with this amount of people in the area, space will be very tight. almost all offices will need to hold at least two people. large offices will need to hold three or four. the larger areas will need to have cubicles installed to make complete use of the space. with maximum doubling up in the offices, you might fit a couple of conference rooms on the floor with one kitchen area. there are nooks just off some of the hallways that would accommodate several network printers. as tommy stated in his earlier e-mail on the allen center space, the fire code will require us to put a strobe in each office with multiple occupants. one area of concern is the amount of furniture currently on the floor. the floor plan shows approximately 90 desks on the floor. some offices were locked so we could not verify the total. however, this number appears correct. also, for the most part, there were only desks in the offices unless they were occupied. chairs, filing cabinets, credenzas,",other,enron:11156
"re: summer internship shirley, fyi. it looks like cantekin will be starting on may 22 (summer intern). can we find him space on 19?-- stinson---------------------- forwarded by stinson gibner / hou / ect on 04 / 20 / 2000 02: 41 pm---------------------------"" cantekin dincerler "" on 04 / 20 / 2000 11: 21: 11 am please respond to to: "" ' stinson gibner ' "" cc: subject: re: summer internship stinson, i just received a word from associate & analyst program that the official starting dates are may 22, and june 2. they seem to be strict about this. hopefully i'll make it to may 22. regards,---------oooo-----oooo---------- cantekin dincerler doctoral candidate the university of texas at austin graduate school of business department of finance office: (512) 471-1676 fax: (512) 471-5073 home: (512) 472-5356 http: / / uts. cc. utexas. edu / ~ cantekin-------------oooo-----oooo---------- >-----original message-----> from: stinson gibner [mailto: stinson. gibner @ enron. com] > sent: thursday, april 13, 2000 5: 13 pm > to: cantekin @ mail. utexas. edu > subject: summer internship > > > > > cantekin, > > you should be getting an offer of a summer internship within > the next few days. > if you don't, please let me know. > > i think you will be working with me on a combination of enron > broadband services > and enron north america projects and am looking forward to > having your help. > some of the projects should be a lot of fun. > > > when are available to start so i can plan ahead for you? > > best regards, > > stinson > >",other,enron:5974
decanter wine experiences discover the rhône with decanter,marketing,ads:3694
world lacrosse men's championship san diego 2023 rady children's june 21-july 1,marketing,ads:6224
"for the purpose of this agreement, notices and all other communications provided for in the agreement shall be in writing and shall be deemed to have been duly given when delivered by hand or overnight courier or three days after it has been mailed by u.s. registered mail, return receipt requested, postage prepaid, addressed to the respective addresses set forth below in this agreement, or to such other address as either party may have furnished to the other in writing in accordance herewith, except that notice of change of address shall be effective only upon receipt.",legal,ledgar:284
"industrials here is the november industrial spreadsheet. there are two outstanding issues. meter 1431, deal # 454436 and meter 1373, deal # 244610. i am waiting on word from julie meyers to get these in sitara. let me know if you have any questions. you can find the spreadsheet in o: logistics / aimee / hadix taccount novo 0. aimee",other,enron:1984
"skype further does not represent or warrant that the software, products and/or skype websites will always be available, accessible, uninterrupted, timely, secure, accurate, complete and error-free or will operate without packet loss, nor does skype warrant any connection to or transmission from the internet, or any quality of calls made through the software.",legal,unfair_tos:157
"we may give our rights, or our obligations, under these terms, feature terms, community rules, or our privacy policy to any person or entity at any time with or without your consent.",legal,unfair_tos:78
limited time! debt consolidation learn more loans adventure credit union ncua,marketing,ads:5912
"r ロロ 41-194 brill casual icon"".",marketing,ads:5443
the descriptive headings herein are inserted for convenience of reference only and are not intended to be a substantive part of or to affect the meaning or interpretation of this side letter.,legal,ledgar:273
"site update tue, 28 jun 2005. subject: site update tue, 28 jun 2005. thank you for using our online store and for your previous order. we have updated our online software store-now we have more latest version of programs. our full catalog with 2100 freshest software titles available for instant download at web-site http: / / sacrament. tabloidez. com / we hope that you will tell others about your positive experience with us. with best wishes, managing director-ceo hannah whitfield latest news: slide show: the month in space pictures albania prepares to vote amid accusations of fraud and intimidation http: / / www. dateline. msnbc. com / read more of the web's best original reporting nasa  s deep impact probe takes aim at comet",marketing,enron:26639
"in no event will the total liability of niantic, tpc, or tpci arising out of or in connection with these terms or from the use of or inability to use the services or content exceed one thousand dollars ($1,000).",legal,unfair_tos:173
shopafa new arrivals b-21 uam fore never forget afa service. • valor • sacrifice,marketing,ads:5070
"re: drift louise-current status on drift expense allocations.... we have reviewed the $11. 8 million in question and that amount is correct given the methodology being used by gary to allocate costs. when gary is back in the office on thursday, i will go through his allocations with him to determine if we need to change that methodology and thus change the allocation percentages. i will let you know the outcome of that meeting. also, keep in mind that the $11. 8 million represents a plan amount. actuals should be much less since we are currently well under plan headcount amounts and not all plan expenses have been made. let me know if you have any questions-i will keep you updated. regards, brent-----original message-----from: kitchen, louise sent: wednesday, march 21, 2001 6: 08 pm to: price, brent a.; killen, faith cc: mcconnell, mike subject: drift brent, mike and i have discussed the drift plan and clearly there was an allocation issue somewhere along the line. please let us have our new numbers. thanks louise",other,enron:11306
"wings for humanity raffle w4h grand prize piper colt n53027 only 3,000 tickets will be sold! $50 for 1 ticket / $135 for 3 tickets go to wings4humanity.org or call 1-888-477-8945 supporting global humanitarian efforts",marketing,ads:526
golden check you want to check up on your parents. but they're in florida and you're not. golden check are here when you can't be. click here to access promo code,marketing,ads:1264
"simultaneously with the consummation of the transactions contemplated by the exchange agreement, beaumont conveys to the company all respective right, title and interest in and to the purchased shares.",legal,ledgar:208
"need to sign up looking for a stable income? want a simple to operate business that creates huge "" residual income ""? there is so many "" wonder juices "" saturating the market at the moment but none of them seem to work. however the health juice market is huge and needs a unique juice to supply proven demand. there is a revolutionary juice that does work and it's taking the health drink industry by suprise. it has certified proof that it works and customers are queuing up to test it out. forget the hype-if you are interested in a product that will generally help your health visit my site to join the revolution. get healthier using secrects of the amazon. the acai berry is one of the most nutritious and powerful foods in the world it's nature's perfect energy fruit. it's jam packed with nutrients, health-givers including antioxidants, omega 3 and 6 essential fatty acids, vitamin a and c and countless phytonutrients. this product is picking up momentum with tv commercials and huge media promotion. don't miss this fabulous opp / ortunity. join me and get _ paid to make yourself healthier. email me for more information: cherylbaxter @ isp-q. com please put "" send "" in the subject line. if you would like to be deleted from this lis. ting please send an email to: cherylbaxter @ isp-q. com with "" remove "" in the subject line and also accept my sincere apologies for any inconvenience i have caused you. good luck and health cheryl baxter i am being mentored by teem curtis tcm. you read my advert, they must be good. email: tcm media-teemcurtistcm @ isp-q. com-please quote this ref code: 00036004",marketing,enron:26981
start date: 1 / 5 / 02; hourahead hour: 6; start date: 1 / 5 / 02; hourahead hour: 6; no ancillary schedules awarded. variances detected. variances detected in load schedule. log messages: parsing file-- > > o: \ portland \ westdesk \ california scheduling \ iso final schedules \ 2002010506. txt---- load schedule---- $$$variance found in table tblloads. details: (hour: 6 / preferred: 35. 75 / final: 35. 72) trans _ type: final load _ id: pge 2 mkt _ type: 2 trans _ date: 1 / 5 / 02 sc _ id: enrj,other,enron:17601
"re: credit. com cv's shirley, how are we doing on bringibg these people to houston for an interview? vince---------------------- forwarded by vince j kaminski / hou / ect on 05 / 11 / 2000 08: 20 am---------------------------bryan seyfried 05 / 10 / 2000 04: 51 pm to: vince j kaminski / hou / ect @ ect cc: subject: re: credit. com cv's vince thanks for helping out..... we really need more dedicated assistance. zak is probably more pure research and his son phil would possibly be on the desk..... let's discuss after you have met them.. vince j kaminski 05 / 08 / 2000 10: 46 pm to: rosalinda resendez / hou / ect @ ect cc: vince j kaminski / hou / ect @ ect, shirley crenshaw / hou / ect @ ect, bryan seyfried / lon / ect @ ect subject: re: credit. com cv's rosie, we are making arrangements to bring them to houston for an interview. vince rosalinda resendez 05 / 08 / 2000 11: 10 am to: vince j kaminski / hou / ect @ ect, shirley crenshaw / hou / ect @ ect cc: subject: credit. com cv's vince, i've been asked to forward these resumes to you. rosie---------------------- forwarded by rosalinda resendez / hou / ect on 05 / 08 / 2000 11: 06 am---------------------------louise bratby 05 / 08 / 2000 10: 11 am to: rosalinda resendez / hou / ect @ ect cc: subject: credit. com cv's rosalinda i work with melanie doyle in london hr. i have two candidates who i'm trying to arrange (for bryan seyfried) to come in and see vince kaminski however i'm finding it difficult to co-ordinate from this end. would it be possible for you to forward these cv's on to vince's assistant as i'm not sure who the correct person is. thanks for your help and if you need more details my number is 44 20 7783 6945. regards louise",other,enron:6083
"seller parent, seller and/or each company has filed when due or will file when due in correct form all federal and state income tax returns for all periods ending on or prior to the closing date which are required to be filed by seller parent, seller and/or each company on or prior to the closing date. other than extensions to file seller parent’s, seller’s or each company’s tax returns, there are no agreements by seller parent, seller or any company for the extension of time for the assessment of any tax. all federal, state, county and local taxes due and payable by seller parent, seller and/or any company on or before the effective date have been paid and any taxes due and payable at any time between the effective date through the closing will be paid prior to closing, and there are no federal, state or local tax liens pending or threatened against seller parent, seller, any company or the real property. there is no open audit of any of seller parent’s, seller’s or any company’s federal, state, local income, sales use or property tax returns pending, and none of seller parent, seller or any company has received a notice of the pendency of any such audit or examination. none of seller parent, seller or any company holds or had held a certificate or other authorization issued by any tax collection body for the purpose of avoiding the payment by seller parent, seller or any company of sales and use taxes upon seller parent’s, seller’s or such company’s purchases of goods and services, nor has seller parent, seller or any company applied for such a certificate or other authorization.",legal,ledgar:80
"easy as 123-accept credit cards...  turn browsers into buyers  get your mercount today! same day approvals visa * mastercard * american express * discover * electronic check click here to visit our website. it takes less than a minute for you to complete the free request form for your mercount. are you starting a business? do you already have a business? you can not compete with out accepting credit cards or some sort of payment solution we offer the best programs in the industry! start making more money! online, on the phone, in your store, in your shop, from your office or home right away! click here for the best programs available today! you may be paying to much for your existing merchant account. in just one minute you can complete the request form to receive a free statement analysis. don't wait another day! increase your sales by as much as 1000%---- save the planet, save the trees! advertise via e-mail. no wasted paper! delete with one simple keystroke! click here to be removed.",marketing,enron:24255
"this agreement is effective as of the date of this agreement. except for the provisions of this agreement that specifically provide they will survive the expiration, termination, or cancellation of this agreement, this agreement shall continue in full force and effect until (i) the indebtedness is paid in full (including principal, interest, costs, expenses, attorneys' fees, and other fees and charges); (ii) this agreement is terminated or canceled as provided in this agreement; or (iii) this agreement is terminated pursuant to a written agreement signed by the parties.",legal,ledgar:10
"re: recruiting good afternoon. packing emails-- its just my style:) currently, it is my understanding that we would like to interview the comp. fin. students during the same period that we interview the mba's. tentatively speaking, one schedule should be sufficient. i will attempt to produce an official job description shortly. kristen is out of town for the remainder of the week, so her response to any inquiries may be delayed. her contact info: kristin. gandy @ enron. com 713 345 3214 regarding the satellite program, vince is interested in the ecommerce program. we think that it would be easier to keep the program full as compared to the comp. fin. program. it was a pleasure to be back in pittsburgh and i enjoyed meeting all the students from this year's comp. fin. class. i look forward to seeing you in a few weeks.-kevin kindall jean eisel on 11 / 06 / 2000 03: 34: 05 pm to: kevin. kindall @ enron. com cc: sgould @ andrew. cmu. edu subject: re: recruiting hi kevin wow you sure do pack one e-mail. i will try to answer questions... after each of you... look in the email for answers.-- on monday, november 06, 2000, 2: 39 pm-0600 kevin. kindall @ enron. com wrote: > hello. it was a pleasure to come back to cmu, and i enjoyed > interacting with the students. vince k. has expressed interest in > interviewing the computational finance students. enron will conduct first > round interviews with the mba students in december, and would like to set > up seperate interviews for the comp. fin. students. enron would like to > interview all the pittsburgh based comp. fin students, and we need to > select a date and a time. we are excited that you want to interview the comp finance students. do you want to do it in dec. or before? let me know what best suits you. since there are only 16 individuals in the pittsburgh area... we should be able to accomodate you... would you want one or two schedules..? what is the formal protocol in such matters? > all you need to do is let me know some ideal dates... and you send a job description and names of the students you want to interview. we will try to be as accomodating as possible. > enron is also interested in the ecommerce students as we have > ecommerce initiatives underway. it is my understanding that kristen > gandy will be the contact for such activities. if you can send me an e-mail address for kristen, i can get this strating asap. > > regarding a houston based satellite program, vince needs a proposal > in writing. would you be so kind as to send one? what program is vince interested in having a satellite program? when he was here he seemed less intererted in comp finance and more interested in e-commerce. i sent a note to michael shamos and tridas discussing this. let me know which program and i will see if we can work anything out? > thanks so much, and i look forward to seeing you again in a few > weeks. > thanks kevin for you speedy response. > > > > jean e. eisel, ph. d. associate dean, admissions, coc a",other,enron:7565
discover what's inside the latest issue impactful design south african informed innovative inspired home owner welcome home decorate with wood boldi still only r-42.90 still only r42.90-of it chilled fridged cool gy fer click here to see more home owner,marketing,ads:2654
special admonitions for international use and export and import compliance,legal,unfair_tos:124
"epson inkjet cartridges from 5. 99 save up to 75% on inkjet, laser & copier supplies quality products, with 100% satisfaction guarantee easy, fast, affordable shipping worldwide plenty of payment options to meet your needs! > > special: free shipping to us & canada on orders over $50 < < visit us on the web at http: / / www. aceinkjet. com epson so 20089............. $6. 95 (normally $28. 45) epson so 20093............. $5. 95 (normally $23. 70) epson so 20108............. $5. 95 (normally $28. 45) epson so 20187............. $5. 95 (normally $23. 70) epson so 20189............. $5. 95 (normally $28. 45) epson so 20191............. $6. 95 (normally $28. 45) epson tol 7201............. $6. 95 (normally $28. 45) epson tol 8201............. $7. 95 (normally $23. 70) epson tol 9201............. $5. 99 (normally $28. 45) epson to 27201............. $8. 95 (normally $21. 84) epson to 32120............. $5. 95 (normally $33. 24) epson to 40120............. $6. 95 (normally $28. 45) epson to 41020............. $7. 95 (normally $28. 45) brother lc 21 bk............ $6. 99 (normally $19. 99) canon bci 24 bk............. $3. 99 (normally $6. 49) hp c 6578 dn............... $22. 95 (normally $34. 99) if you wish to contact us please visit our web site. for instruction on how to be permanently remove from this distribution system go to http: / / www. aceinkjet. com / remove /",marketing,enron:31808
"i-45 southbound construction the initial phase of construction on i-45 is scheduled to begin sunday, october 1, all southbound lanes will be closed sunday night at 7: 00 p. m., with a detour at i-10 eastbound to us 59 southbound. two southbound lanes will be reopened on i-45 beginning october 2 at 5: 00 a. m. the southbound exit ramp to pierce / dallas will be closed during the initial phase of this work. the southbound exit ramp to mckinney will be open. anyone typically using these routes must find an alternate route. the mckinney and pierce / dallas exits will alternately be open during subsequent phases of the roadwork. the southbound main lanes will reopen january 18, 2001. additionally, the entrance ramp from allen parkway eastbound will be closed for reconstruction of the south and northbound bridge. the downtown district is updating its web site with detailed road closure maps and suggested alternate routes. this information is available at: www. downtownstreets. com / i-45 / i-45. html, bookmark for further reference. this site will be updated as road construction projects progress.",other,enron:28024
"any notice or communication under this agreement must be in writing and given by (i) deposit in the united states mail, addressed to the party to be notified, postage prepaid and registered or certified with return receipt requested, (ii) delivery in person or by courier service providing evidence of delivery, or (iii) transmission by hand delivery, electronic mail or facsimile. each notice or communication that is mailed, delivered, or transmitted in the manner described above shall be deemed sufficiently given, served, sent, and received, in the case of mailed notices, on the third business day following the date on which it is mailed and, in the case of notices delivered by courier service, hand delivery, electronic mail or facsimile, at such time as it is delivered to the addressee (with the delivery receipt or the affidavit of messenger) or at such time as delivery is refused by the addressee upon presentation. any notice or communication under this agreement must be addressed, if to the company, c/o tpg pace energy holdings corp., at 301 commerce st., suite 3300, fort worth, tx 76102 attention: office of the general counsel and, if to any holder, at such holder’s address as found in the company’s books and records. any party may change its address for notice at any time and from time to time by written notice to the other parties hereto, and such change of address shall become effective thirty (30) days after delivery of such notice as provided in this section 5.1.",legal,ledgar:119
"to close your microsoft account, please visit http://go.microsoft.com/fwlink/p/?linkid=618278.",legal,unfair_tos:32
"re: your app response sun, 10 oct 2004 02: 19: 31-0600 broker id: # 5 your mtg process is almost complete. a new rate has been confirmed by our company, starting at 3. 95% fixed. follow the link below to finish-up business on our secure site. it will only take one minute to complete. please remember there is no cost for this service. our lenders will do all of the work for you to save. thank you. is it that easy? you bet! to be taken off future: http: / / neededformore. com / prime / stprt / usa lenders network box 40937 bedford, nova scotia, canada, b 4 a 3 z 2 groundwork erudition snare barrel adenoma unify",marketing,enron:4365
"vince kaminski's bio hello amy: attached please find vince kaminski's "" bio "". he is working on his presentation. thanks! shirley",other,enron:5809
"entex transistion the purpose of the email is to recap the kickoff meeting held on yesterday with members from commercial and volume managment concernig the entex account: effective january 2000, thu nguyen (x 37159) in the volume managment group, will take over the responsibility of allocating the entex contracts. howard and thu began some training this month and will continue to transition the account over the next few months. entex will be thu's primary account especially during these first few months as she learns the allocations process and the contracts. howard will continue with his lead responsibilites within the group and be available for questions or as a backup, if necessary (thanks howard for all your hard work on the account this year!). in the initial phases of this transistion, i would like to organize an entex "" account "" team. the team (members from front office to back office) would meet at some point in the month to discuss any issues relating to the scheduling, allocations, settlements, contracts, deals, etc. this hopefully will give each of you a chance to not only identify and resolve issues before the finalization process, but to learn from each other relative to your respective areas and allow the newcomers to get up to speed on the account as well. i would encourage everyone to attend these meetings initially as i believe this is a critical part to the success of the entex account. i will have my assistant to coordinate the initial meeting for early 1 / 2000. if anyone has any questions or concerns, please feel free to call me or stop by. thanks in advance for everyone's cooperation........... julie-please add thu to the confirmations distributions list",other,enron:10
"the closing on the purchase and sale of the 1% interest shall occur simultaneously with the closing on the sale of the 50% interest to cargill, which closing shall be within thirty (30) days following the date on which cargill exercises the option. the closing shall occur at a time and place to be mutually agreed upon. the 1% interest shall be conveyed by acsc to ggc by an assignment of membership interest in substantially the form attached hereto as exhibit a.",legal,ledgar:196
"3 / 4 / 2000 and following noms this is to nominate 75, 000 mmbtu / d into eastrans for 3 / 4 / 2000 and following. we will deliver 50, 000 into pg & e, 7, 000 from fuel cotton valley (continue 750 mmbtu / d sale), and 18, 000 mmbtu / d into your cartwheel agreement at carthage.",other,enron:405
"reminder / last chance to sign up: electric system operation for non-engineers hello all! fyi: there are still a few spaces left for the the "" electric system operation for the non-engineer "" course on friday / saturday. those who have attended in the past have given the course great reviews, so if you are interested in learning more about system operations, sign up now! tuesday (tomorrow) is the deadline! if you have already signed up but will be unable to attend, please let me know asap. course info: for more detailed information about the course, please see the bottom of this e-mail. class is scheduled to begin at 8: 30 am on both days. breakfast, lunch and morning / afternoon snacks will be provided. confirmation detail will be sent to participants on wednesday. thanks! grace x 8321-----original message-----from: fitzpatrick, amy sent: tuesday, july 24, 2001 2: 46 pm to: dl-portland world trade center subject: electric systems for non-engineers electric system operation for non-engineers date: august 24 and august 25 time: 8: 30 am to 5: 00 pm location: oregon room, 2 world trade center this workshop provides you with a comprehensive understanding of system operations including fossil fuel, hydro and nuclear generation, transmission and distribution. the course will provide not only technical information but also economics of operation, system and equipment protection and safety. areas covered include: generation transmission and overhead distribution systems underground distribution switchgear voltage control matching generation if you are interested in attending this course, please let me know no later than august 10, 2001. thanks! amy electric system operation for the non-engineer instructor: skip collier, professional training systems, inc. 2 wtc mezzanine level-oregon room august 24-25, 2001 course highlights: generation transmission & overhead distribution systems underground distribution switchgear voltage control matching generation who should attend? it is a must for any individual that works with technical terminology of electrical engineers. mechanical engineers, civil engineers, engineering techs, purchasing agents, contract specialists and those in public relations would find this course helpful. overview: the two-day workshop provides the employee with a comprehensive understanding of system operations including fossil fuel, hydro and nuclear generation, transmission and distribution. the course will provide not only technical information but also economics of operation, system and equipment protection and safety. course schedule: the course will begin at 8: 30 am each day, until about 5: 00 pm. a light breakfast will be available for all attendees. lunch will be provided. course outline: day one 8: 15 am-8: 30 am light breakfast / registration 8: 30 am-4: 30 pm generation construction and operation of steam, hydro and gas turbine transmission and overhead distribution systems power and distribution transformers wye and delta ov",other,enron:17112
"re: upstream and bridgeline 2001 plan presentation thank you for sending the revised plans. i tried to make changes to the bridgeline income statement, but could not alter the inputs. as such, please make the following revisions for the 2001 plan column: originations-891 accrual income, bridgeline equity earnings 9, 600 other-lrc / napooleonville 1, 146 total margin 11, 637 capital charge 25, 127 total margin net of capital charge-13, 490 the capital charge has increased by an approved work order (no. co 07579) of $2, 749, 865 to complete construction of napoleonville well no. 1. this work was approved in 1996 as part of the original scope of the project and helps to satisfy and finalize ena's storage capital contribution for bhlp. however, no funding had been allocated to this work order. there will not be any more capital obligations on enron's behalf for bridgeline. since this work order applies to pp & e, i have charged 8. 5% against the $2. 75 million-- resulting in a capital charge of $234 thousand. as such, to remain true to approved plan numbers, i have increased originations. i will not be in the office tomorrow, but i can be reached by cell (713-302-4187). in addition, brian redmond should be able to field any questions. regards, jean mary kay moore @ ect 02 / 28 / 2001 05: 18 pm to: dwight _ beach @ yahoo. com., jean mrha / na / enron @ enron cc: faith killen / hou / ect @ ect, carol carter / hou / ect @ ect subject: upstream and bridgeline 2001 plan presentation here are copies of your 2001 plans (revised) thanks mary kay",other,enron:11089
"this agreement shall be governed by the internal laws of the state of delaware as to all matters, including but not limited to matters of validity, construction, effect, performance and remedies. any legal action or proceeding with respect to the plan or this agreement may only be brought and determined in a court sitting in the state of florida. the company may require that the action or proceeding be determined in a bench trial.",legal,ledgar:216
"professional advertising dear projecthoneypot @ projecthoneypot. org: we offer e-mail marketing with best services. 1. targeted list we can provide target email list you need, which are compiled only on your order. we will customize your client list. * we have millions of lists in many categories. 2. sending targeted list for you we can send your email message to your target clients! we will customize your email list and send your ad for you. * we also offer hosting & mailing server. regards! jeff marketing dept kzll 23123 @ 21 cn. com noandbye: forbye @ hotmail. com",marketing,enron:10942
guidance and tools for home buyers. leelou learn more,marketing,ads:4869
"i'm assuming the nymex desk will get 12 million of var. if you allocate out about 50 million and gas gets 30 million of that, 12 seems reasonable. what do you think.",other,enron:14907
you agree not to access the yahoo services by any means other than through the interface that is provided by yahoo for use in accessing the yahoo services.,legal,unfair_tos:144
"urgent-ena associates & analysts all, the below analyst & associate recruiting dates require ena participation at manager level at above. in order to resource each of your departments it is important to have ena's involvement and participation in the interviews and debrief sessions on fantastic friday and super saturday events. these de-brief sessions will allow you the opportunity to select candidates you wish to join your groups. the target is to assign potential candidates to business units and departments from the outset. as ena has the highest percentage of a & a rotating in its business unit, the participation of ena at interview should reflect this. therefore, please encourage your direct reports and managers to participate in the below events in order to secure candidates for your business area. associate recruiting: saturday november 3 total-70 candidates for interview analyst recruiting: friday, november 16 total-70 candidates for interivew associate recruiting: saturday, december 1 total-70 candidates for interview the above spreadsheet represents ena's particpation today which i believe highlights the need for much additional support in these efforts. please confirm by return participation of your respective groups. regards, karen buckley hr-ena",other,enron:13420
"epson inkjet cartridges from 5. 99 save up to 75% on inkjet, laser copier supplies quality products, with 100% satisfaction guarantee easy, fast, affordable shipping worldwide plenty of payment options to meet your needs! special: free shipping to us canada on orders over $50 visit us on the web at http: / / www. excuria. com epson so 20089............. $7. 95 (normally $28. 45) epson so 20093............. $6. 95 (normally $23. 70) epson so 20108............. $6. 95 (normally $28. 45) epson so 20187............. $6. 95 (normally $23. 70) epson so 20189............. $6. 95 (normally $28. 45) epson so 20191............. $7. 95 (normally $28. 45) epson tol 7201............. $7. 99 (normally $28. 45) epson tol 8201............. $8. 99 (normally $23. 70) epson tol 9201............. $5. 99 (normally $28. 45) epson to 27201............. $8. 99 (normally $21. 84) epson to 32120............ $10. 95 (normally $33. 24) epson to 40120............. $8. 99 (normally $28. 45) epson to 41020............ $10. 85 (normally $28. 45) brother lc 21 bk............ $6. 99 (normally $19. 99) canon bci 24 bk............. $3. 99 (normally $6. 49) hp c 6578 dn............... $22. 95 (normally $34. 99) internet specialists wanted-work for us from home visit us on the web at http: / / www. excuria. com / jobop / income opportunity with no startup cost, ask us how visit us on the web at http: / / www. excuria. com / incomeop / if you wish to contact us please visit our web site. for instruction on how to be permanently remove from this distribution system go to http: / / www. excuria. com / remove /",marketing,enron:5165
"seller is a corporation duly organized, validly existing and in good standing under the laws of the state of arizona. seller has the full power, authority and legal right (a) to execute and deliver, and perform and observe the provisions of this agreement and each transaction document, as defined herein, to which it is a party, (b) to transfer good, indefeasible title to the property to buyer free and clear of all liens, claims and encumbrances except for permitted exceptions (as defined in section 5 hereof), and (c) to carry out the transactions contemplated hereby and by such other instruments to be carried out by such party.",legal,ledgar:53
"fw: busy day with the la times i talked with the same reporters yesterday (with palmer and shapro). any other information that you can supply gary would be appreciated. steve, did gary a. get your original as the caiso turns email? gac-----original message-----from: gary ackerman [mailto: foothillservices @ mindspring. com] sent: thursday, august 30, 2001 3: 04 pm to: dan douglass; lynn lednicky; sandra mcdonough; dan pigeon; lynn fisher; karen denne; richard wheatley; paula hall-collins; joe ronan; tom williams; ed mosey; mike hansen; jan mitchell; toni amendolia; mark stutz; steve roalstad; john sousa; john fistolera; dace udris; carol clawson; catherine parochetti; ellen averill; frederick bermudez subject: busy day with the la times investigative reporters at the la times called me today (i'm not going to say who, but they are long-time pros, don't worry about that) asking questions about the enormous amount of out of market (oom) energy being purchased by the iso. they wanted to know if this was due to the dwr / cers long-term contracts? they wanted to know if this is effecting the real-time markets. the answers, of course, is yes. however, i need you folks to help me collect information from your settlements people substantiating what is currently conjecture. that is, the oom costs are being allocated to scehduling coordinators who are "" short "" in their hourly schedules. your generators may be buying real-time energy from the iso, thinking they are getting a bargain, only to discover 60 days later, or more, that an enormous oom charge has been allocated to your company. that is highway robbery. help me put some evidence to this. gba",other,enron:17197
"sap licensing heard from allan sommer today regarding the sap licensing question:? we do not need to amend our current sap license agreement for the outsourcing project as long as we are the caretakers of the data, i. e. outside entities do not access data within our environment, but rather access an extract of the data from it. this should work well with the current plan. allan further suggested that we keep kathy kokas from his group posted on our effort, in case our plan changes. he also mentioned that their group may be helpful in other ways. thanks, fred philipson",other,enron:23995
"terminated employees louise-the following employees are showing either an immediate or future termination indicator. immediate zach moring enw-corporate systems (is this the correct person-the spreadsheet just had zach m and this is the only person i could find) linden chiu enw-ena front office and risk systems deidre mccaffrey egm-efm forward trading peter bennett ena compression services amelia cavazos enw-energy ops financial gas support lydia cannon enron online cecil john enron online stephen matthew enron online karen o ' day enron online mark fillinger west development-san francisco future israel estrada enw-energy ops power risk management east cynthia shoup enw-energy ops financial settlements nicholas warner enw-risk management, portland if you require any additional information, please let me know. amy",other,enron:14255
ultimate ride *restrictions apply. see website for full promotion details special offers available on ktm 200 duke motorcycles* kim,marketing,ads:85
rovio may license to you certain virtual goods to be used within rovio services.,legal,unfair_tos:62
the shack community of misfits,marketing,ads:6485
"re: london visit paul, i shall be in london in the beginning of october. i shall notify you about the timing of my trip later this week. vince paul. e. day @ uk. arthurandersen. com on 09 / 18 / 2000 03: 29: 50 pm to: vince. j. kaminski @ enron. com cc: subject: re: london visit i understand this has been cancelled-no problem-life is kind of hectic here anyway!! why don't we try to rearrange next time you're over? kind regards paul day to: paul e. day cc: vince. j. kaminski @ enron. com, shirley. crenshaw @ enron. com date: 25 / 08 / 2000 19: 10 from: vince. j. kaminski @ enron. com subject: re: london visit paul, thanks for your message. i am in process of finalizing my plans for the trip to london in the end of september. i delayed responding to you message till i had more specific information. unless there a major change in my schedule, i shall arrive in london on monday morning (september 18) and leave on thursday in the evening. please, let me know what would be convenient time to meet. you can send me an e-mail message and my secretary will contact to confirm the date and place of the meeting. my assistant's name is shirley crenshaw and her phone number is 713 853 5290. i look forward to meeting you, tom and julian. vince kaminski paul. e. day @ uk. arthurandersen. com on 08 / 25 / 2000 11: 53: 02 am to: vince j kaminski / hou / ect @ ect cc: tom. o. lewthwaite @ uk. arthurandersen. com, julian. leake @ uk. arthurandersen. com subject: london visit i understand that you will be in london around 20 september. tom lewthwaite has asked me to arrange a meeting between you, tom and julian leake. i understand that you have met tom and julian before. i would also like to attend-i am a manager in our uk financial services practice with responsibilty for enron from a uk financial services perspective. we would like to discuss any risk management concerns that you may have and any internal initiatives with which we could assist. if you are happy to meet on this basis, i would be grateful if you could let me know how you to proceed (whether i should arrange timings with you, your secretary, someone in london etc). you can contact me on + 44 20 7783 7446 (at enron's london offices) or on this e-mail address. kind regards paul day * * * * * * * * * * * * * * * * * * * internet email confidentiality footer * * * * * * * * * * * * * * * * * * * privileged / confidential information may be contained in this message. if you are not the addressee indicated in this message (or responsible for delivery of the message to such person), you may not copy or deliver this message to anyone. in such case, you should destroy this message and kindly notify the sender by reply email. please advise immediately if you or your employer do not consent to internet email for messages of this kind. opinions, conclusions and other information in this message that do not relate to the official business of my firm shall be understood as neither given nor endorsed by it. * * * * *",other,enron:7022
"you also waive any and all rights of privacy, publicity, or any other rights of a similar nature in connection with your user content, or any portion thereof.",legal,unfair_tos:1
start date: 1 / 8 / 02; hourahead hour: 22; start date: 1 / 8 / 02; hourahead hour: 22; no ancillary schedules awarded. no variances detected. log messages: parsing file-- > > o: \ portland \ westdesk \ california scheduling \ iso final schedules \ 2002010822. txt,other,enron:17633
"associate and analyst prc information session-june 16, 2000 thanks for agreeing to act as the prc representative for the associates and analysts. the prc for the western hemisphere will be held on july 19, 2000. joe sutton and i will hold an information session on friday, june 16 th at 9: 30 a. m., in conference room 49 c 4. we will provide information regarding the process for the prc and a list of the associates or analysts that you will be representing. please let me know whether you will attend via e-mail or at ext. 3-9523 as soon as possible. if you need to attend via conference call please take note of the following information: dial in number: (877) 288-4427 international access: (734) 414-0267 participant code: 827937 charlene",other,enron:22918
"re: cantekin, can you figure out the reason for cocoa beans var fluctuations? the same is true of aluminum. i assume this is the position change. vince cantekin dincerler 07 / 26 / 2000 09: 28 am to: anjam ahmad / lon / ect @ ect, kirstee hewitt / lon / ect @ ect cc: vince j kaminski / hou / ect @ ect subject: anjam and kirstee, as i have suspected the position as of 6 / 30 vs 7 / 19 makes the difference. the first table first column is my var number with 6 / 30 position and gold & silver prices, the second column is your var with 7 / 19 position and dummy gold & silver prices. the second table first column is my var with 7 / 19 position and 6 / 30 gold & silver prices, the second column is as before. i would ask you to plug the gold and silver prices and see what kind of numbers you get in order to verify we are on the same page. please refer to modelvar 2000. xls that i have sent you for gold & silver prices and volatilities. thank you, cantekin table 1 table 2",other,enron:6590
"this agreement shall be governed by and construed in accordance with the laws of new south wales, australia, without regard to conflicts of laws principles thereof.",legal,ledgar:247
"except as otherwise expressly set forth herein, this mou embodies the complete agreement and understanding among the parties hereto with respect to the subject matter hereof and supersedes and preempts any prior understandings, agreements or representations by or among the parties, written or oral, which may have related to the subject matter hereof in any way.",legal,ledgar:128
"* gun shack.com savage barrels, bolt handles, bolt heads, and more...",marketing,ads:244
"alliance info alert: richardson and ferc orders dear generation / power marketing executive: the following are summaries of two significant activities that occurred friday, december 15 1. energy secretary richardson issuance of an emergency order. (richardson's statement and fpa section 202 (c) order is posted on doe's web site at: http: / / www. energy. gov / hqpress / releaseso 0 / decpr / pro 0309. html) 2. ferc's 12 / 15 / 00 final order to fix california wholesale markets (ferc's order can be viewed at california supplies ordered by richardson o richardson orders listed entities to supply excess power to california iso o order is effective as soon as iso certifies shortage, but ends 12 / 21 / 00, unless extended o prices to be agreed to by supplier and iso, or ferc will set rate later o fpa emergency power authority transferred to doe in 1977 as he said he would on december 13, u. s. department of energy secretary bill richardson found "" an emergency exists in california by reason of the shortage of electric energy "" and issued an emergency order under section 202 (c) of the federal power act (fpa) requiring listed generators and marketers to provide any power in excess of the needs of their firm customers to the california iso. in a statement, richardson said the threat to the reliability of the california grid requires a long-term solution, but that in the short-term power must keep flowing to the state to avert blackouts. the 76 listed suppliers have 12 hours after the iso certifies to doe that it has been unable to acquire adequate supplies in the market to begin providing requested service to the iso. the iso must inform each supplier subject to the order of the amount and type of energy or services required by 9: 00 pm, eastern standard time, the day before the services are needed. the order directs the iso to allocate, to the extent feasible, requested services among subject entities in proportion to each supplier's available excess power. the order is effective immediately and will terminate at 3: 00 am, eastern time, december 21, 2000, unless extended. to continue to obtain supplies under this emergency authority, the iso must re-certify the shortage to doe headquarters every 24 hours. the terms of the provision of electric energy and other services by suppliers to the iso "" are to be agreed to by the parties. "" if no agreement is reached, then under the fpa's emergency authority secretary richardson "" will immediately prescribe the conditions of service and refer the rate issue to the federal energy regulatory commission for a determination at a later date by that agency in accordance with its standards and procedures, and will prescribe by supplemental order such rates as it finds to be just and reasonable. "" the authority of ferc to set rates for power supplied under emergency order at just and reasonable levels where the parties themselves do not agree to a rate is explicitly included in fpa section 202 (c). the doe organization",other,enron:7933
